Time_sec,Neural_Amp_OpenLoop,Neural_Amp_ClosedLoop,Bio_Gamma,Artificial_Gamma_u,Total_System_Chi
0.0,0.1,0.1,1.0,0.0,0.07957747154594767
0.01,0.09963005153160699,0.09963005153160699,1.0,1.0309733552923255,0.16161972439135291
0.02,0.09886356565480851,0.09887081238806965,1.0,1.9588493750554186,0.23545775195221763
0.03,0.09774683135060541,0.09778243641020823,1.0,2.7939377928422022,0.3019119767569959
0.04,0.09633152685950855,0.09643365465838193,1.0,3.5455173688503074,0.36172077908129624
0.05,0.09453836612000399,0.09476289298899929,1.0,4.2219389872576025,0.41554870117316667
0.06,0.0923782076303151,0.09280373297429655,1.0,4.830718443824168,0.46399383105585
0.07,0.0899539168204613,0.09068212651945193,1.0,5.378619954734076,0.507594447950265
0.08,0.08723711682582512,0.08838668421019548,1.0,5.871731314552994,0.5468350031552385
0.09,0.08417961277897354,0.08588675534473003,1.0,6.31553153839002,0.5821515028397146
0.1,0.08084748398406363,0.0832677554675267,1.0,6.714951739843343,0.6139363525557431
0.11,0.07720633251896375,0.08050832609307011,1.0,7.074429921151334,0.6425427173001689
0.12,0.07327350769714791,0.07763951188206297,1.0,7.397960284328526,0.6682884455701519
0.13,0.06910283702350811,0.07472556249197,1.0,7.689137611187999,0.6914596010131366
0.14,0.06460540197860584,0.07168177774983794,1.0,7.951197205361525,0.7123136409118229
0.15,0.05981164348864606,0.06854839285214057,1.0,8.187050840117697,0.7310822768206408
0.16,0.05480158130319905,0.06541079221559164,1.0,8.399319111398253,0.7479740491385766
0.17,0.049574630212383106,0.06226522577977239,1.0,8.590360555550753,0.7631766442247189
0.18,0.04421994820369448,0.059196638016727206,1.0,8.762297855288002,0.7768589798022469
0.19,0.03869883845315383,0.05615326320989138,1.0,8.917041425051528,0.7891730818220223
0.2,0.033009547724526106,0.05312364024495317,1.0,9.0563106378387,0.80025577363982
0.21,0.027320115870630754,0.05026604168839345,1.0,9.181652929347155,0.810230196275838
0.22,0.02156843402591601,0.047492886307004725,1.0,9.294460991704765,0.8192071766482542
0.23,0.015792496645328096,0.04482390984350712,1.0,9.395988247826615,0.8272864589834289
0.24,0.00994073495147742,0.04218664351174804,1.0,9.48736277833628,0.834557813085086
0.25,0.004081027289768127,0.03963436034917295,1.0,9.569599855794978,0.8411020317765775
0.26,-0.0017306484157986052,0.037202808281392975,1.0,9.643613225507806,0.8469918285989197
0.27,-0.007534924717092263,0.03482726043833397,1.0,9.710225258249352,0.8522926457390279
0.28,-0.013232626663995824,0.03258885566877764,1.0,9.770176087716742,0.857063381165125
0.29,-0.018851143209781915,0.030434051202631984,1.0,9.824131834237393,0.8613570430486125
0.3,-0.024353637947204274,0.02837879848365751,1.0,9.872692006105979,0.8652213387437512
0.31,-0.029735048758957376,0.026405784957215406,1.0,9.916396160787706,0.868699204869376
0.32,-0.03485264228612829,0.024637297512275055,1.0,9.955729900001261,0.8718292843824385
0.33,-0.03978214202258569,0.02296524781291332,1.0,9.99113026529346,0.8746463559441946
0.34,-0.04455817870652996,0.021333959283837814,1.0,10.02299059405644,0.8771817203497752
0.35000000000000003,-0.04906941913936303,0.0198398594466128,1.0,10.05166488994312,0.8794635483147976
0.36,-0.05340287104832762,0.018371901288723368,1.0,10.077471756241135,0.8815171934833179
0.37,-0.05747171917400057,0.017004810552390795,1.0,10.100697935909347,0.8833654741349861
0.38,-0.06137097307161162,0.015624646392442867,1.0,10.121601497610737,0.8850289267214874
0.39,-0.0650553608423208,0.014270145309532224,1.0,10.140414703141989,0.8865260340493387
0.4,-0.0684362334032559,0.013020277393194762,1.0,10.157346588120115,0.8878734306444047
0.41000000000000003,-0.07147619848942557,0.011895573369929418,1.0,10.172585284600428,0.8890860875799642
0.42,-0.07419501878940031,0.010858288686817258,1.0,10.186300111432711,0.8901774788219678
0.43,-0.0765995231069016,0.009888516597342094,1.0,10.198643455581765,0.891159730939771
0.44,-0.07869263476985645,0.008973360075023605,1.0,10.209752465315914,0.8920437578457939
0.45,-0.08052807534591698,0.008051530326717668,1.0,10.219750574076649,0.8928393820612146
0.46,-0.0820632416278985,0.007165432147797071,1.0,10.22874887196131,0.8935554438550931
0.47000000000000003,-0.08328211549331285,0.00632758353771218,1.0,10.236847340057505,0.8941998994695839
0.48,-0.08410715989532018,0.005611819577273585,1.0,10.24413596134408,0.8947799095226254
0.49,-0.08457473118064263,0.0049716103809001825,1.0,10.250695720501998,0.895301918570363
0.5,-0.08479189110524742,0.004295687830902202,1.0,10.256599503744123,0.8957717267133266
0.51,-0.0846559302634848,0.003695132592476111,1.0,10.261912908662037,0.896194554041994
0.52,-0.0842063749273979,0.003128398168128649,1.0,10.266694973088159,0.8965750986377946
0.53,-0.08346272780125387,0.0025793438531779636,1.0,10.270998831071669,0.8969175887740152
0.54,-0.08236643568967557,0.0021125956841774336,1.0,10.274872303256828,0.8972258298966137
0.55,-0.08090438686861431,0.0017416988292938392,1.0,10.27835842822347,0.8975032469069523
0.56,-0.0790909968127255,0.001452332742621519,1.0,10.281495940693448,0.897752922216257
0.5700000000000001,-0.07702546279346492,0.0011479251942657265,1.0,10.284319701916429,0.8979776299946314
0.58,-0.0746919603945566,0.0008578832572189075,1.0,10.286861087017112,0.8981798669951682
0.59,-0.07207035780765272,0.0006137609688967238,1.0,10.289148333607725,0.8983618802956513
0.6,-0.06914167162201917,0.0004435572583016558,1.0,10.29120685553928,0.8985256922660863
0.61,-0.06599327063151848,0.0002668649482985881,1.0,10.293059525277677,0.8986731230394777
0.62,-0.06262510561004915,9.979306279273616e-05,1.0,10.294726928042234,0.8988058107355298
0.63,-0.05909870498031576,-0.00010411671820758083,1.0,10.296227590530336,0.8989252296619769
0.64,-0.05543406635257477,-0.0003443889271448504,1.0,10.297578186769627,0.8990327066957791
0.65,-0.05154660289789402,-0.0005155273907115533,1.0,10.298793723384989,0.8991294360262011
0.66,-0.04742670424480264,-0.0005974801780826244,1.0,10.299887706338815,0.8992164924235809
0.67,-0.043164371960743714,-0.0006714133344949279,1.0,10.300872290997258,0.8992948431812228
0.68,-0.03872408024444117,-0.000684163465684276,1.0,10.301758417189857,0.8993653588631004
0.6900000000000001,-0.0341572331029258,-0.0006746897358115278,1.0,10.302555930763198,0.8994288229767905
0.7000000000000001,-0.029533463069291176,-0.000695879266971112,1.0,10.303273692979204,0.8994859406791115
0.71,-0.024821267516882243,-0.000693856549042275,1.0,10.303919678973608,0.8995373466112002
0.72,-0.019981301655224003,-0.0006124214250999136,1.0,10.304501066368573,0.8995836119500802
0.73,-0.015112643737035487,-0.0005395661207987087,1.0,10.305024315024042,0.8996252507550723
0.74,-0.010154777889182499,-0.00039458516500159423,1.0,10.305495238813963,0.899662725679565
0.75,-0.0053373884987936646,-0.00039542513414618556,1.0,10.305919070224892,0.8996964531116085
0.76,-0.0005060067118827505,-0.00035351393277855737,1.0,10.306300518494728,0.8997268078004477
0.77,0.0042834112449991945,-0.00031059351119243426,1.0,10.30664382193758,0.8997541270204028
0.78,0.008993074424998899,-0.0002862502749037721,1.0,10.306952795036148,0.8997787143183625
0.79,0.013624725777255663,-0.00025894147492772296,1.0,10.307230870824858,0.8998008428865263
0.8,0.01805689390886188,-0.00033307679812007846,1.0,10.307481139034698,0.8998207585978736
0.81,0.022362471004922994,-0.00040849777654048926,1.0,10.307706380423554,0.8998386827380863
0.8200000000000001,0.02655456446169932,-0.000455921906123685,1.0,10.307909097673523,0.8998548144642776
0.8300000000000001,0.03067379846763288,-0.00042228866194247955,1.0,10.308091543198497,0.8998693330178499
0.84,0.03460483132005171,-0.00041670513312745363,1.0,10.308255744170973,0.8998823997160649
0.85,0.03831951476560356,-0.00045053260650007896,1.0,10.3084035250462,0.8998941597444584
0.86,0.041820684143889376,-0.0005038439084307655,1.0,10.308536527833907,0.8999047437700126
0.87,0.0451675104909642,-0.0005033672165866427,1.0,10.30865623034284,0.8999142693930112
0.88,0.04831899194592011,-0.0004845196630965415,1.0,10.308763962600882,0.8999228424537101
0.89,0.05122171484191185,-0.0004923787564463934,1.0,10.30886092163312,0.8999305582083391
0.9,0.0539188586557053,-0.0004717418639292002,1.0,10.308948184762134,0.8999375023875053
0.91,0.0563810217869522,-0.00044672256340331216,1.0,10.309026721578245,0.8999437521487547
0.92,0.05864441218410671,-0.00037433688042609766,1.0,10.309097404712746,0.8999493769338792
0.93,0.06061854716315918,-0.00034376224281671585,1.0,10.309161019533796,0.8999544392404912
0.9400000000000001,0.062317245253143576,-0.00033167134610275444,1.0,10.309218272872743,0.8999589953164422
0.9500000000000001,0.06373333233136584,-0.00033924386318524385,1.0,10.309269800877793,0.8999630957847978
0.96,0.06481047368048978,-0.0004177964466849384,1.0,10.309316176082339,0.8999667862063181
0.97,0.06563578813546625,-0.00047100982925332897,1.0,10.30935791376643,0.8999701075856862
0.98,0.06620678250412164,-0.0005032928640575119,1.0,10.309395477682113,0.8999730968271176
0.99,0.06651094870112875,-0.0005296822784508186,1.0,10.309429285206226,0.8999757871444057
1.0,0.06653776917868852,-0.0005627254475052138,1.0,10.30945971197793,0.8999782084299652
1.01,0.0662308723305603,-0.0006605785897004686,1.0,10.309487096072463,0.8999803875869687
1.02,0.06564454318115842,-0.0007657894256852709,1.0,10.309511741757541,0.8999823488282718
1.03,0.06478778732850893,-0.0008732139168357506,1.0,10.309533922874113,0.8999841139454446
1.04,0.06364371323854312,-0.0010051557303673386,1.0,10.309553885879028,0.8999857025509003
1.05,0.062251760294981355,-0.001126271579509185,1.0,10.309571852583451,0.8999871322958103
1.06,0.060648169324742776,-0.0012090408402670885,1.0,10.309588022617431,0.8999884190662292
1.07,0.05891549418371291,-0.0011833668295986662,1.0,10.309602575648015,0.8999895771596064
1.08,0.05697628563645976,-0.0011471958152353878,1.0,10.30961567337554,0.8999906194436458
1.09,0.054844413334425156,-0.0010977091407626588,1.0,10.309627461330312,0.8999915574992813
1.1,0.05251362039433434,-0.0010532079438675104,1.0,10.309638070489607,0.8999924017493532
1.11,0.04990288135929506,-0.001105520337989051,1.0,10.30964761873297,0.8999931615744178
1.12,0.04711991534183742,-0.001148877654594236,1.0,10.309656212152,0.899993845416976
1.1300000000000001,0.044181768525516696,-0.001179784306715782,1.0,10.309663946229126,0.8999944608752785
1.1400000000000001,0.04122174265214851,-0.0010793758108154177,1.0,10.309670906898539,0.8999950147877507
1.1500000000000001,0.03811896207219486,-0.0009956800349920593,1.0,10.309677171501011,0.8999955133089756
1.16,0.03491179903482435,-0.0009024418316005382,1.0,10.309682809643236,0.8999959619780782
1.17,0.03159714578118067,-0.000817921468937326,1.0,10.309687883971238,0.8999963657802703
1.18,0.028132464626566923,-0.0007981649766988289,1.0,10.30969245086644,0.8999967292022433
1.19,0.024648508905548323,-0.0007203507140311376,1.0,10.309696561072121,0.899997056282019
1.2,0.02113968098058445,-0.000610896528965541,1.0,10.309700260257234,0.899997350653817
1.21,0.01762203681684493,-0.0004718579676166844,1.0,10.309703589523837,0.8999976155884354
1.22,0.014024530709153589,-0.0003921508117477752,1.0,10.309706585863779,0.8999978540295919
1.23,0.010477772750081858,-0.00024977043858723274,1.0,10.309709282569727,0.8999980686266328
1.24,0.0068550252286421,-0.00019259937413384457,1.0,10.30971170960508,0.8999982617639695
1.25,0.0032707854822402794,-0.00011179098695799999,1.0,10.309713893936898,0.8999984355875725
1.26,-0.0001810016289232391,6.984231565459285e-05,1.0,10.309715859835533,0.8999985920288153
1.27,-0.0036470831194422865,0.0001811308619542911,1.0,10.309717629144306,0.8999987328259337
1.28,-0.007092420574493568,0.00025080302368071425,1.0,10.3097192215222,0.8999988595433404
1.29,-0.010470322332613394,0.0003165878961456662,1.0,10.309720654662307,0.8999989735890064
1.3,-0.013798283680107918,0.0003485090608302334,1.0,10.309721944488402,0.8999990762301058
1.31,-0.017116025145146135,0.00029791099999943664,1.0,10.309723105331887,0.8999991686070952
1.32,-0.020329589687952992,0.00025528748352750865,1.0,10.309724150091023,0.8999992517463856
1.33,-0.02348387576787546,0.0001633615493177144,1.0,10.309725090374247,0.8999993265717471
1.34,-0.026490228740013638,0.00010486688231704704,1.0,10.309725936629148,0.8999993939145724
1.35,-0.029407910162878807,6.602592718223476e-06,1.0,10.309726698258558,0.8999994545231151
1.36,-0.03210282027543629,-3.077619351802232e-06,1.0,10.309727383725027,0.8999995090708036
1.37,-0.03468320709697388,-5.081354042943453e-05,1.0,10.30972800064485,0.8999995581637231
1.3800000000000001,-0.0371169693127431,-0.00010905313040292187,1.0,10.30972855587269,0.8999996023473508
1.3900000000000001,-0.03933918612401249,-0.00011959959517653398,1.0,10.309729055577746,0.8999996421126157
1.4000000000000001,-0.04144541910118896,-0.00019002433885720614,1.0,10.309729505312298,0.8999996779013542
1.41,-0.04335559679555701,-0.00024036105148708665,1.0,10.309729910073393,0.8999997101112188
1.42,-0.04501015453968915,-0.0002186987725787844,1.0,10.30973027435838,0.8999997391000969
1.43,-0.04655084790037258,-0.00027899721263803035,1.0,10.309730602214866,0.8999997651900872
1.44,-0.04788312725319777,-0.0003221429316176017,1.0,10.309730897285705,0.8999997886710784
1.45,-0.049000054663391863,-0.0003461430767416146,1.0,10.30973116284946,0.8999998098039705
1.46,-0.049873277193831375,-0.0003269712082337341,1.0,10.309731401856839,0.8999998288235734
1.47,-0.0506027232280748,-0.0003705243315536308,1.0,10.30973161696348,0.8999998459412161
1.48,-0.051191126088678436,-0.0004737117726557738,1.0,10.309731810559459,0.8999998613470945
1.49,-0.05154545337705858,-0.00053726177332795,1.0,10.309731984795839,0.8999998752123851
1.5,-0.05167789486549071,-0.0005766541810214234,1.0,10.309732141608581,0.8999998876911467
1.51,-0.05159247114507984,-0.0005967902308905795,1.0,10.309732282740049,0.899999898922032
1.52,-0.0512869003392876,-0.0005949705035310597,1.0,10.30973240975837,0.8999999090298288
1.53,-0.05081591391070946,-0.0006250089691474263,1.0,10.309732524074859,0.899999918126846
1.54,-0.05013741147452765,-0.0006375700432502433,1.0,10.309732626959699,0.8999999263141615
1.55,-0.049253105872263434,-0.0006315398441384461,1.0,10.309732719556054,0.8999999336827452
1.56,-0.048218917428729496,-0.0006594159959649251,1.0,10.309732802892775,0.8999999403144708
1.57,-0.04691142148820552,-0.0005882474339195852,1.0,10.309732877895822,0.8999999462830236
1.58,-0.045408109992248646,-0.0004991138923519673,1.0,10.309732945398565,0.8999999516547212
1.59,-0.043800132753221616,-0.0004776558685472653,1.0,10.309733006151035,0.8999999564892492
1.6,-0.04200249161295737,-0.0004239112997383445,1.0,10.309733060828258,0.8999999608403243
1.61,-0.040105741777175144,-0.00042330564700239167,1.0,10.309733110037758,0.899999964756292
1.62,-0.038030274087342435,-0.00038174311807693005,1.0,10.309733154326308,0.8999999682806628
1.6300000000000001,-0.03576749379125486,-0.0002854443599080213,1.0,10.309733194186002,0.8999999714525965
1.6400000000000001,-0.0334271710083905,-0.00023994396114513625,1.0,10.309733230059727,0.8999999743073368
1.6500000000000001,-0.03093011746525242,-0.0001504734688634481,1.0,10.30973326234608,0.8999999768766032
1.6600000000000001,-0.028315288201814386,-4.9888758842283235e-05,1.0,10.309733291403798,0.8999999791889429
1.67,-0.025573719945789112,8.062004964250951e-05,1.0,10.309733317555745,0.8999999812700487
1.68,-0.022663766723619718,0.00029089003383502536,1.0,10.309733341092496,0.8999999831430437
1.69,-0.019705709474751882,0.00046396124985105666,1.0,10.309733362275573,0.8999999848287394
1.7,-0.01673712458380716,0.0005779401189605708,1.0,10.30973338134034,0.8999999863458654
1.71,-0.013776625743871593,0.0006322709442252352,1.0,10.309733398498631,0.8999999877112789
1.72,-0.010832134468154102,0.0006371704781050775,1.0,10.309733413941093,0.8999999889401509
1.73,-0.007878179637856458,0.0006351453540712177,1.0,10.309733427839308,0.8999999900461357
1.74,-0.004905604950550412,0.000647899411555507,1.0,10.309733440347703,0.8999999910415222
1.75,-0.0019295549180669423,0.000670487754747059,1.0,10.309733451605258,0.8999999919373699
1.76,0.0010657113540280924,0.000729233599423974,1.0,10.309733461737057,0.899999992743633
1.77,0.004027467798208069,0.0007791066413797036,1.0,10.309733470855678,0.8999999934692697
1.78,0.007016383576241536,0.0008929400893355334,1.0,10.309733479062436,0.8999999941223428
1.79,0.00993447778274325,0.00097714124987298,1.0,10.309733486448518,0.8999999947101085
1.8,0.012920179759250592,0.0011839703428529354,1.0,10.309733493095992,0.8999999952390977
1.81,0.015856301258175203,0.0013940168564439141,1.0,10.309733499078718,0.8999999957151879
1.82,0.01865760549601668,0.0015319464333309026,1.0,10.309733504463171,0.8999999961436691
1.83,0.021303694792449777,0.0015946840356341448,1.0,10.30973350930918,0.8999999965293021
1.84,0.023863343200727492,0.0016681542428356065,1.0,10.309733513670587,0.8999999968763719
1.85,0.026292013282824697,0.0017155564171387502,1.0,10.309733517595854,0.8999999971887347
1.86,0.028628299980801665,0.0017865248112836282,1.0,10.309733521128594,0.8999999974698613
1.87,0.03085186569483305,0.0018660758331368772,1.0,10.30973352430806,0.8999999977228751
1.8800000000000001,0.03292775602231386,0.001925621428665342,1.0,10.309733527169579,0.8999999979505875
1.8900000000000001,0.03481055419031411,0.0019284908414165423,1.0,10.309733529744946,0.8999999981555288
1.9000000000000001,0.03646135545586364,0.0018476799933189916,1.0,10.309733532062777,0.8999999983399759
1.9100000000000001,0.037929379299443566,0.0017463885409670621,1.0,10.309733534148826,0.8999999985059784
1.92,0.03927580365675812,0.0016924783560751044,1.0,10.309733536026268,0.8999999986553805
1.93,0.04046441379985521,0.0016486883199178803,1.0,10.309733537715967,0.8999999987898425
1.94,0.041419103799975106,0.00154105512063186,1.0,10.309733539236696,0.8999999989108582
1.95,0.042209389878725,0.0014481701539185124,1.0,10.309733540605352,0.8999999990197725
1.96,0.0428444029736281,0.0013793389518174542,1.0,10.309733541837142,0.8999999991177952
1.97,0.04325973014251188,0.001268654091542595,1.0,10.309733542945754,0.8999999992060157
1.98,0.04350780772580231,0.0011731652037334454,1.0,10.309733543943503,0.8999999992854141
1.99,0.043584553028937205,0.0010867548200395542,1.0,10.309733544841478,0.8999999993568726
2.0,0.04343131744559166,0.0009486783695437774,1.0,10.309733545649657,0.8999999994211854
2.0100000000000002,0.04312604361737453,0.0008403621336222753,1.0,10.309733546377016,0.8999999994790668
2.02,0.04268160695780294,0.0007690177849650782,1.0,10.309733547031641,0.8999999995311603
2.0300000000000002,0.04212726699663531,0.0007568588936750565,1.0,10.309733547620802,0.8999999995780441
2.04,0.04146484875377876,0.0007957772840468831,1.0,10.309733548151048,0.8999999996202398
2.05,0.0405764745634526,0.0007582690369744203,1.0,10.309733548628268,0.8999999996582158
2.06,0.03948990336226109,0.000675118094539206,1.0,10.309733549057766,0.8999999996923942
2.07,0.03828404974683282,0.0006244578060908516,1.0,10.309733549444315,0.8999999997231548
2.08,0.0369648045947553,0.0006027510982226572,1.0,10.30973354979221,0.8999999997508393
2.09,0.03553857307926833,0.0006068721795354458,1.0,10.309733550105314,0.8999999997757554
2.1,0.03417893979056034,0.0008007679167314826,1.0,10.309733550387108,0.8999999997981798
2.11,0.03272651431444149,0.0009981177831971657,1.0,10.309733550640722,0.8999999998183618
2.12,0.03121619227520881,0.0012259857765452749,1.0,10.309733550868975,0.8999999998365256
2.13,0.029645436957077255,0.0014709425973258475,1.0,10.309733551074403,0.899999999852873
2.14,0.028005923260666792,0.0017149579683128646,1.0,10.309733551259288,0.8999999998675857
2.15,0.026256478285600397,0.0019088420061000124,1.0,10.309733551425685,0.8999999998808271
2.16,0.024458819799851463,0.002111210930653306,1.0,10.309733551575443,0.8999999998927445
2.17,0.022543937088016313,0.00224371648164416,1.0,10.309733551710224,0.89999999990347
2.18,0.020547362376681807,0.0023405372399147493,1.0,10.309733551831528,0.8999999999131231
2.19,0.01846536749981172,0.0023928995803529206,1.0,10.3097335519407,0.8999999999218108
2.2,0.0163353879297421,0.002433986797683393,1.0,10.309733552038956,0.8999999999296298
2.21,0.014277951557064896,0.002576551093819237,1.0,10.309733552127387,0.8999999999366668
2.22,0.01209135919507442,0.0025994566722858745,1.0,10.309733552206973,0.8999999999430001
2.23,0.00991321099345183,0.0026438224567727595,1.0,10.309733552278601,0.8999999999487001
2.24,0.007637072691946023,0.002592097402984263,1.0,10.309733552343067,0.8999999999538301
2.25,0.005329949225665055,0.0025123925312949915,1.0,10.309733552401086,0.8999999999584471
2.2600000000000002,0.003079302727761182,0.0024862310699168165,1.0,10.309733552453302,0.8999999999626024
2.27,0.0008422200958894416,0.002456427154224816,1.0,10.309733552500298,0.8999999999663421
2.2800000000000002,-0.0014297039002260773,0.002366409157388423,1.0,10.309733552542593,0.8999999999697078
2.29,-0.003709029597081069,0.0022414645617867823,1.0,10.309733552580658,0.8999999999727369
2.3000000000000003,-0.005916939487586728,0.0021557818070812545,1.0,10.309733552614919,0.8999999999754633
2.31,-0.008115929469970121,0.0020347605266032493,1.0,10.309733552645753,0.899999999977917
2.32,-0.010250066217764283,0.0019302164473890284,1.0,10.309733552673503,0.8999999999801254
2.33,-0.012320117366623591,0.0018321544278765661,1.0,10.309733552698479,0.8999999999821129
2.34,-0.01435341014754117,0.0017053698883451513,1.0,10.309733552720957,0.8999999999839016
2.35,-0.01620250780419818,0.001693389016424877,1.0,10.309733552741186,0.8999999999855114
2.36,-0.017937453596239522,0.0017077738684362785,1.0,10.309733552759393,0.8999999999869603
2.37,-0.019685492831310217,0.0016125326816851552,1.0,10.30973355277578,0.8999999999882643
2.38,-0.02132901374761753,0.001531019711265747,1.0,10.309733552790528,0.8999999999894379
2.39,-0.022904985206818437,0.001419592093821145,1.0,10.3097335528038,0.8999999999904941
2.4,-0.02433215002756588,0.001357783984802818,1.0,10.309733552815747,0.8999999999914448
2.41,-0.025688609759027474,0.001257979854990014,1.0,10.309733552826497,0.8999999999923002
2.42,-0.02693582714887357,0.0011587601788551033,1.0,10.309733552836173,0.8999999999930702
2.43,-0.02803898461760198,0.0010914367458476552,1.0,10.30973355284488,0.8999999999937631
2.44,-0.028977129277541015,0.0010707063538763575,1.0,10.309733552852718,0.8999999999943868
2.45,-0.029851510190174027,0.0009880787143916913,1.0,10.309733552859772,0.8999999999949482
2.46,-0.030616023316931914,0.000894170200570443,1.0,10.30973355286612,0.8999999999954533
2.47,-0.031275771362591215,0.0007836051814290426,1.0,10.309733552871833,0.899999999995908
2.48,-0.03183811659314753,0.0006497847604675971,1.0,10.309733552876976,0.8999999999963172
2.49,-0.03218087381312418,0.0006168065371576217,1.0,10.309733552881603,0.8999999999966855
2.5,-0.03237290937782624,0.0006053720939770273,1.0,10.309733552885769,0.899999999997017
2.5100000000000002,-0.03249826566104946,0.0005297967449034575,1.0,10.309733552889517,0.8999999999973152
2.52,-0.03244817727376927,0.0005065703100804431,1.0,10.30973355289289,0.8999999999975836
2.5300000000000002,-0.03216438169121985,0.0005900786735756479,1.0,10.309733552895926,0.8999999999978252
2.54,-0.031704820912229176,0.0007134361894632318,1.0,10.30973355289866,0.8999999999980428
2.5500000000000003,-0.03120065862332167,0.0007440572675065825,1.0,10.30973355290112,0.8999999999982385
2.56,-0.030602574397880306,0.000744066059216073,1.0,10.309733552903333,0.8999999999984146
2.57,-0.029826311336049228,0.0008044819590048803,1.0,10.309733552905325,0.8999999999985732
2.58,-0.028975444820665188,0.0008195055407497666,1.0,10.309733552907117,0.8999999999987157
2.59,-0.027996505527937452,0.0008517856886398337,1.0,10.309733552908732,0.8999999999988443
2.6,-0.026878098151796065,0.0009157840253719619,1.0,10.309733552910185,0.8999999999989599
2.61,-0.025711110894670246,0.0009225824267435839,1.0,10.309733552911492,0.8999999999990639
2.62,-0.024457266380621602,0.0009219934697993852,1.0,10.309733552912668,0.8999999999991575
2.63,-0.02328147026115338,0.0007557678709899402,1.0,10.309733552913727,0.8999999999992417
2.64,-0.022076739924405227,0.0005541389104735761,1.0,10.309733552914679,0.8999999999993176
2.65,-0.02080952982278637,0.0003604975878556181,1.0,10.309733552915537,0.8999999999993858
2.66,-0.019535228250432513,0.000124944236343979,1.0,10.30973355291631,0.8999999999994472
2.67,-0.018114927138718914,-2.8413536141104955e-06,1.0,10.309733552917004,0.8999999999995025
2.68,-0.016708821241174995,-0.00018767058551249387,1.0,10.30973355291763,0.8999999999995523
2.69,-0.015272814844677799,-0.0003728574543154224,1.0,10.309733552918193,0.8999999999995971
2.7,-0.013784336827038049,-0.0005290911705886058,1.0,10.309733552918699,0.8999999999996374
2.71,-0.012184261544555696,-0.0005935028371598351,1.0,10.309733552919155,0.8999999999996737
2.72,-0.01062387858591147,-0.0007200797681383588,1.0,10.309733552919566,0.8999999999997064
2.73,-0.00897899987770668,-0.0007713402368964985,1.0,10.309733552919935,0.8999999999997358
2.74,-0.0073146106328487994,-0.000813246500970411,1.0,10.309733552920267,0.8999999999997622
2.75,-0.005687063787674208,-0.000896278142289919,1.0,10.309733552920566,0.899999999999786
2.7600000000000002,-0.004030235609322957,-0.0009432755882193123,1.0,10.309733552920834,0.8999999999998073
2.77,-0.0023641119955336637,-0.0009712808606999677,1.0,10.309733552921076,0.8999999999998266
2.7800000000000002,-0.0007353273216778886,-0.0010222951921972478,1.0,10.309733552921294,0.8999999999998439
2.79,0.0008835625655969394,-0.0010600139748276317,1.0,10.30973355292149,0.8999999999998595
2.8000000000000003,0.0024635097089615093,-0.0011085477760497313,1.0,10.309733552921665,0.8999999999998735
2.81,0.0040236077016487185,-0.001141540295204217,1.0,10.309733552921823,0.8999999999998861
2.82,0.005585326681622929,-0.001133188294175254,1.0,10.309733552921967,0.8999999999998975
2.83,0.007188679326685278,-0.0010420063933315544,1.0,10.309733552922097,0.8999999999999079
2.84,0.008685727901907392,-0.001018914021108874,1.0,10.309733552922212,0.899999999999917
2.85,0.010240167780779165,-0.0008877591545999874,1.0,10.309733552922317,0.8999999999999254
2.86,0.011641032308887267,-0.0008655372113473332,1.0,10.309733552922411,0.8999999999999329
2.87,0.012974341983478903,-0.0008500007614704468,1.0,10.309733552922495,0.8999999999999395
2.88,0.014272513772552299,-0.0008034499138514556,1.0,10.309733552922571,0.8999999999999456
2.89,0.015515407811224036,-0.0007449423565557264,1.0,10.30973355292264,0.8999999999999511
2.9,0.016653485558630686,-0.0007212459095451693,1.0,10.309733552922703,0.8999999999999561
2.91,0.017704031090300228,-0.0007077882153496337,1.0,10.309733552922758,0.8999999999999604
2.92,0.018649528406653793,-0.0007177083613688205,1.0,10.309733552922808,0.8999999999999644
2.93,0.01948247712494039,-0.0007531414041115611,1.0,10.309733552922852,0.8999999999999679
2.94,0.0202726627241046,-0.0007391136761926884,1.0,10.309733552922893,0.8999999999999712
2.95,0.02099276397707797,-0.0007059037687901342,1.0,10.309733552922928,0.899999999999974
2.96,0.021588142627462895,-0.0007083084968137354,1.0,10.30973355292296,0.8999999999999765
2.97,0.022137320914120694,-0.0006626649728705394,1.0,10.30973355292299,0.8999999999999789
2.98,0.02260897775398681,-0.0006042025373725767,1.0,10.309733552923017,0.899999999999981
2.99,0.02302730446485826,-0.0005093236456072345,1.0,10.30973355292304,0.8999999999999829
3.0,0.023382021196520542,-0.0003916831324446324,1.0,10.309733552923062,0.8999999999999846
3.0100000000000002,0.02359943249059708,-0.00032725089538999247,1.0,10.309733552923081,0.8999999999999861
3.02,0.02369349379461404,-0.000296822889927308,1.0,10.309733552923099,0.8999999999999876
3.0300000000000002,0.023730441001593994,-0.00023129972075145065,1.0,10.309733552923115,0.8999999999999888
3.04,0.02370385322379617,-0.00014175539945638092,1.0,10.309733552923129,0.8999999999999899
3.0500000000000003,0.023582907182437975,-6.282375412402323e-05,1.0,10.309733552923142,0.8999999999999909
3.06,0.02337593538485149,1.3295319837823775e-05,1.0,10.309733552923152,0.8999999999999918
3.0700000000000003,0.02314263205612873,0.0001446362863221805,1.0,10.309733552923163,0.8999999999999927
3.08,0.02279071974197382,0.00023097336883831383,1.0,10.309733552923172,0.8999999999999934
3.09,0.02237970726487121,0.0003339889801119585,1.0,10.30973355292318,0.899999999999994
3.1,0.021874343736991347,0.00041392563196773286,1.0,10.309733552923188,0.8999999999999946
3.11,0.0212767933365419,0.0004723034884305333,1.0,10.309733552923195,0.8999999999999952
3.12,0.020656159869434147,0.0005771532280376171,1.0,10.3097335529232,0.8999999999999956
3.13,0.020001456303904083,0.0007091370492977901,1.0,10.309733552923205,0.899999999999996
3.14,0.01931501267136327,0.0008640697729834131,1.0,10.30973355292321,0.8999999999999965
3.15,0.018624454801878226,0.0010633427480579078,1.0,10.309733552923216,0.8999999999999969
3.16,0.017868326302737467,0.0012369307637836923,1.0,10.30973355292322,0.8999999999999971
3.17,0.017083315412385825,0.0014201008790917994,1.0,10.309733552923223,0.8999999999999975
3.18,0.016223199067116317,0.0015614352710257946,1.0,10.309733552923227,0.8999999999999977
3.19,0.0153238455801589,0.0016968291380686598,1.0,10.30973355292323,0.899999999999998
3.2,0.014366482357840852,0.001803704353852002,1.0,10.309733552923232,0.8999999999999981
3.21,0.013366825966992775,0.0018962213263741554,1.0,10.309733552923234,0.8999999999999984
3.22,0.012354153877568053,0.002000546745345379,1.0,10.309733552923236,0.8999999999999985
3.23,0.01126192523028319,0.0020442643612563344,1.0,10.309733552923237,0.8999999999999986
3.24,0.010240777934528435,0.0021795865628616053,1.0,10.30973355292324,0.8999999999999987
3.25,0.00913911227186696,0.0022406986520990355,1.0,10.309733552923241,0.8999999999999989
3.2600000000000002,0.007951674066112528,0.0022253437725243924,1.0,10.309733552923243,0.899999999999999
3.27,0.006802623835147069,0.0022608457275155197,1.0,10.309733552923245,0.8999999999999991
3.2800000000000002,0.005677791558732484,0.00232299017951223,1.0,10.309733552923246,0.8999999999999992
3.29,0.004572998573312038,0.0024001414527830356,1.0,10.309733552923248,0.8999999999999995
3.3000000000000003,0.0034926173184708755,0.0024905090194191895,1.0,10.309733552923248,0.8999999999999995
3.31,0.0024086392370326988,0.0025602117808965832,1.0,10.309733552923248,0.8999999999999995
3.3200000000000003,0.0012811292912688304,0.0025670613162133795,1.0,10.309733552923248,0.8999999999999995
3.33,0.00016362697715569864,0.0025667920633801727,1.0,10.309733552923248,0.8999999999999995
3.34,-0.0009772043728054566,0.0025225618878512122,1.0,10.309733552923248,0.8999999999999995
3.35,-0.0020540135743646708,0.0025221313388313128,1.0,10.309733552923248,0.8999999999999995
3.36,-0.003119298632418021,0.0025044396392585296,1.0,10.309733552923248,0.8999999999999995
3.37,-0.0042028912023261335,0.002437586832534431,1.0,10.309733552923248,0.8999999999999995
3.38,-0.005275124789214703,0.002352602400948661,1.0,10.309733552923248,0.8999999999999995
3.39,-0.006295164109586235,0.0022885883528463227,1.0,10.309733552923248,0.8999999999999995
3.4,-0.007308336952633629,0.0021945929107087866,1.0,10.309733552923248,0.8999999999999995
3.41,-0.008323636929207928,0.0020614531773105243,1.0,10.309733552923248,0.8999999999999995
3.42,-0.009283739143974056,0.001947417262646704,1.0,10.309733552923248,0.8999999999999995
3.43,-0.010185341274951513,0.0018508387394469666,1.0,10.309733552923248,0.8999999999999995
3.44,-0.01106306442775821,0.00173252901265449,1.0,10.309733552923248,0.8999999999999995
3.45,-0.01191188703657146,0.0015972081350611941,1.0,10.309733552923248,0.8999999999999995
3.46,-0.012693592677340127,0.001482488660057357,1.0,10.309733552923248,0.8999999999999995
3.47,-0.013489773183514409,0.001302486804293353,1.0,10.309733552923248,0.8999999999999995
3.48,-0.01429510958343309,0.0010673274782893418,1.0,10.309733552923248,0.8999999999999995
3.49,-0.015071879999831724,0.0008186281944277613,1.0,10.309733552923248,0.8999999999999995
3.5,-0.015792053672380353,0.0005841519647611293,1.0,10.309733552923248,0.8999999999999995
3.5100000000000002,-0.01642713570095273,0.0003894336106737094,1.0,10.309733552923248,0.8999999999999995
3.52,-0.016917247366067336,0.000288967772188557,1.0,10.309733552923248,0.8999999999999995
3.5300000000000002,-0.017292788317747314,0.0002416065344694205,1.0,10.309733552923248,0.8999999999999995
3.54,-0.017604301594533488,0.00019065097567914102,1.0,10.309733552923248,0.8999999999999995
3.5500000000000003,-0.01784415155194873,0.00014375488453985695,1.0,10.309733552923248,0.8999999999999995
3.56,-0.01806128359134538,5.146862658681843e-05,1.0,10.309733552923248,0.8999999999999995
3.5700000000000003,-0.0182058668775387,-3.150914827877919e-05,1.0,10.309733552923248,0.8999999999999995
3.58,-0.01829156338127201,-0.0001194108967135294,1.0,10.309733552923248,0.8999999999999995
3.59,-0.01828805479417084,-0.00018076384827034724,1.0,10.309733552923248,0.8999999999999995
3.6,-0.018253744493684734,-0.0002758258645878723,1.0,10.309733552923248,0.8999999999999995
3.61,-0.018121747075694937,-0.000333080377570962,1.0,10.309733552923248,0.8999999999999995
3.62,-0.017842890896357426,-0.00030590766341435515,1.0,10.309733552923248,0.8999999999999995
3.63,-0.017501820376428594,-0.00028603844320233634,1.0,10.309733552923248,0.8999999999999995
3.64,-0.017074980558228394,-0.00024720155823922916,1.0,10.309733552923248,0.8999999999999995
3.65,-0.016550492617318238,-0.00017727390926528745,1.0,10.309733552923248,0.8999999999999995
3.66,-0.015985971853501042,-0.00013461606532238064,1.0,10.309733552923248,0.8999999999999995
3.67,-0.015352781585967097,-8.504664285401232e-05,1.0,10.309733552923248,0.8999999999999995
3.68,-0.014664683248785471,-4.0118019263205646e-05,1.0,10.309733552923248,0.8999999999999995
3.69,-0.013920688241115102,4.771481229719816e-06,1.0,10.309733552923248,0.8999999999999995
3.7,-0.013167826998341929,5.914772578026089e-06,1.0,10.309733552923248,0.8999999999999995
3.71,-0.012369284361965292,8.130918847865424e-06,1.0,10.309733552923248,0.8999999999999995
3.72,-0.011504995260039279,3.496423986073705e-05,1.0,10.309733552923248,0.8999999999999995
3.73,-0.010531371968001574,0.00013118193086716033,1.0,10.309733552923248,0.8999999999999995
3.74,-0.009477945177530029,0.0002639633131893505,1.0,10.309733552923248,0.8999999999999995
3.75,-0.008289976104312646,0.0004883445124475586,1.0,10.309733552923248,0.8999999999999995
3.7600000000000002,-0.007119526586114221,0.0006470535109226869,1.0,10.309733552923248,0.8999999999999995
3.77,-0.005889058766890551,0.000828874511510142,1.0,10.309733552923248,0.8999999999999995
3.7800000000000002,-0.00463847945344261,0.000996026876264114,1.0,10.309733552923248,0.8999999999999995
3.79,-0.0032726038035770406,0.001249832744101253,1.0,10.309733552923248,0.8999999999999995
3.8000000000000003,-0.0019478821025167622,0.0014295847883758468,1.0,10.309733552923248,0.8999999999999995
3.81,-0.0006707037802674042,0.0015413774887503787,1.0,10.309733552923248,0.8999999999999995
3.8200000000000003,0.0005663809588798809,0.0016044719858900479,1.0,10.309733552923248,0.8999999999999995
3.83,0.001682664082018421,0.0015479016757918272,1.0,10.309733552923248,0.8999999999999995
3.84,0.00275485373130976,0.0014653306950750003,1.0,10.309733552923248,0.8999999999999995
3.85,0.003767489124426144,0.0013483567454807318,1.0,10.309733552923248,0.8999999999999995
3.86,0.004762644402037778,0.001246808828167942,1.0,10.309733552923248,0.8999999999999995
3.87,0.005746133759201683,0.0011689113045615083,1.0,10.309733552923248,0.8999999999999995
3.88,0.006790911937939117,0.0011890176484176886,1.0,10.309733552923248,0.8999999999999995
3.89,0.007845954081058442,0.0012496771567394845,1.0,10.309733552923248,0.8999999999999995
3.9,0.008830626034791789,0.001269697525846013,1.0,10.309733552923248,0.8999999999999995
3.91,0.009725668621189443,0.0012375203460672066,1.0,10.309733552923248,0.8999999999999995
3.92,0.010597961339567554,0.0012286927436599606,1.0,10.309733552923248,0.8999999999999995
3.93,0.011353680396059024,0.0011500011746888882,1.0,10.309733552923248,0.8999999999999995
3.94,0.012148592666676094,0.0011672423281277899,1.0,10.309733552923248,0.8999999999999995
3.95,0.012946567099163031,0.0012368974710798343,1.0,10.309733552923248,0.8999999999999995
3.96,0.013661992006471503,0.001270332944863153,1.0,10.309733552923248,0.8999999999999995
3.97,0.01423067055567846,0.001209315155745489,1.0,10.309733552923248,0.8999999999999995
3.98,0.014805175502602907,0.001218117749831808,1.0,10.309733552923248,0.8999999999999995
3.99,0.015309759917675723,0.0012153888655966742,1.0,10.309733552923248,0.8999999999999995
4.0,0.015810748794651237,0.0012700612635774037,1.0,10.309733552923248,0.8999999999999995
4.01,0.016164588065561994,0.0012338149751851377,1.0,10.309733552923248,0.8999999999999995
4.0200000000000005,0.01642110495681049,0.0011668283880014857,1.0,10.309733552923248,0.8999999999999995
4.03,0.016610490940231416,0.0011030735364929963,1.0,10.309733552923248,0.8999999999999995
4.04,0.016734756503711184,0.0010445234587332175,1.0,10.309733552923248,0.8999999999999995
4.05,0.016769209967406117,0.0009659683518589951,1.0,10.309733552923248,0.8999999999999995
4.0600000000000005,0.016768259205682635,0.000923626624683108,1.0,10.309733552923248,0.8999999999999995
4.07,0.016647738496165253,0.0008290462808034154,1.0,10.309733552923248,0.8999999999999995
4.08,0.016455581382240004,0.0007347708040302003,1.0,10.309733552923248,0.8999999999999995
4.09,0.016206396589666546,0.0006542716552068794,1.0,10.309733552923248,0.8999999999999995
4.1,0.01592144529747889,0.0006060157263676896,1.0,10.309733552923248,0.8999999999999995
4.11,0.015612068915485678,0.0005964057042161097,1.0,10.309733552923248,0.8999999999999995
4.12,0.015187920215089148,0.0005292959300270905,1.0,10.309733552923248,0.8999999999999995
4.13,0.014631347787480507,0.0003909808073738471,1.0,10.309733552923248,0.8999999999999995
4.14,0.014086462679436003,0.0003306490672921306,1.0,10.309733552923248,0.8999999999999995
4.15,0.013508030997448227,0.00029245103666457307,1.0,10.309733552923248,0.8999999999999995
4.16,0.012844631736579515,0.00021999422428020147,1.0,10.309733552923248,0.8999999999999995
4.17,0.012214715493528528,0.00023242118070790192,1.0,10.309733552923248,0.8999999999999995
4.18,0.0115486603807055,0.0002483088511463261,1.0,10.309733552923248,0.8999999999999995
4.19,0.010902638394485856,0.00032038424354154793,1.0,10.309733552923248,0.8999999999999995
4.2,0.010223410661046232,0.0003864191988741128,1.0,10.309733552923248,0.8999999999999995
4.21,0.009613652193643341,0.0005464976511005226,1.0,10.309733552923248,0.8999999999999995
4.22,0.00905980517543627,0.0007740812127776475,1.0,10.309733552923248,0.8999999999999995
4.23,0.008463281742774317,0.0009604215224571109,1.0,10.309733552923248,0.8999999999999995
4.24,0.007887890394892244,0.0011704741949638752,1.0,10.309733552923248,0.8999999999999995
4.25,0.007319381614865552,0.0013844184204621966,1.0,10.309733552923248,0.8999999999999995
4.26,0.006796093740116013,0.0016371322371271928,1.0,10.309733552923248,0.8999999999999995
4.2700000000000005,0.006202962668409899,0.0018065554824338635,1.0,10.309733552923248,0.8999999999999995
4.28,0.0056255771653599945,0.0019839879879434597,1.0,10.309733552923248,0.8999999999999995
4.29,0.005084677853223107,0.002186442103555118,1.0,10.309733552923248,0.8999999999999995
4.3,0.004441177056319115,0.0022694304963598246,1.0,10.309733552923248,0.8999999999999995
4.3100000000000005,0.0037274152775024494,0.002274910844939241,1.0,10.309733552923248,0.8999999999999995
4.32,0.0029041142618949347,0.00216882878377363,1.0,10.309733552923248,0.8999999999999995
4.33,0.0020641109311610815,0.0020527117865072543,1.0,10.309733552923248,0.8999999999999995
4.34,0.0012602359631921553,0.0019775006437182468,1.0,10.309733552923248,0.8999999999999995
4.3500000000000005,0.0005345423853442268,0.0019781066737630266,1.0,10.309733552923248,0.8999999999999995
4.36,-0.0001822998064558185,0.0019745396503122016,1.0,10.309733552923248,0.8999999999999995
4.37,-0.0008098231082704531,0.002045011654898861,1.0,10.309733552923248,0.8999999999999995
4.38,-0.0014968791964922899,0.0020304350082148335,1.0,10.309733552923248,0.8999999999999995
4.39,-0.0022563244035974264,0.0019243219833466815,1.0,10.309733552923248,0.8999999999999995
4.4,-0.0030020449318707305,0.0018198357552248533,1.0,10.309733552923248,0.8999999999999995
4.41,-0.0037092533840655923,0.0017391854899584578,1.0,10.309733552923248,0.8999999999999995
4.42,-0.004396380943733558,0.001659155788292311,1.0,10.309733552923248,0.8999999999999995
4.43,-0.0051626531165223834,0.0014782550431377218,1.0,10.309733552923248,0.8999999999999995
4.44,-0.005905337231990909,0.0013075217712878561,1.0,10.309733552923248,0.8999999999999995
4.45,-0.006682504644396082,0.0010857126134937865,1.0,10.309733552923248,0.8999999999999995
4.46,-0.007392035284336249,0.0009181868862883287,1.0,10.309733552923248,0.8999999999999995
4.47,-0.008046958119982054,0.0007843129282336741,1.0,10.309733552923248,0.8999999999999995
4.48,-0.008710557599277226,0.0006154894254840548,1.0,10.309733552923248,0.8999999999999995
4.49,-0.009358826526599175,0.00043763621034626225,1.0,10.309733552923248,0.8999999999999995
4.5,-0.010016626274551969,0.00022520932535433004,1.0,10.309733552923248,0.8999999999999995
4.51,-0.010631437924383539,3.2784309406628116e-05,1.0,10.309733552923248,0.8999999999999995
4.5200000000000005,-0.01115037310708037,-9.025026118891929e-05,1.0,10.309733552923248,0.8999999999999995
4.53,-0.011669385331670439,-0.00024829995823889237,1.0,10.309733552923248,0.8999999999999995
4.54,-0.012111936221507729,-0.00036229208095116895,1.0,10.309733552923248,0.8999999999999995
4.55,-0.012528758475750267,-0.0004884746074253336,1.0,10.309733552923248,0.8999999999999995
4.5600000000000005,-0.012931594593146516,-0.0006381014475239344,1.0,10.309733552923248,0.8999999999999995
4.57,-0.013284701978202682,-0.0007736382851395234,1.0,10.309733552923248,0.8999999999999995
4.58,-0.013633594504284762,-0.000942554182146154,1.0,10.309733552923248,0.8999999999999995
4.59,-0.013952857296644519,-0.0011163275517784136,1.0,10.309733552923248,0.8999999999999995
4.6000000000000005,-0.014273737682997027,-0.0013259344264215348,1.0,10.309733552923248,0.8999999999999995
4.61,-0.014436822551137748,-0.0014083644860878634,1.0,10.309733552923248,0.8999999999999995
4.62,-0.014539519102043095,-0.0014741487479077357,1.0,10.309733552923248,0.8999999999999995
4.63,-0.014618775242151319,-0.0015616595544075682,1.0,10.309733552923248,0.8999999999999995
4.64,-0.01462882721393436,-0.0016224089415210706,1.0,10.309733552923248,0.8999999999999995
4.65,-0.014586642773502743,-0.0016754991235297023,1.0,10.309733552923248,0.8999999999999995
4.66,-0.01449834289996631,-0.0017270188219776128,1.0,10.309733552923248,0.8999999999999995
4.67,-0.014322980526605468,-0.001735185447775162,1.0,10.309733552923248,0.8999999999999995
4.68,-0.014054951530819027,-0.0016977028268795517,1.0,10.309733552923248,0.8999999999999995
4.69,-0.013760641157776709,-0.0016842821857996487,1.0,10.309733552923248,0.8999999999999995
4.7,-0.013443739966684007,-0.001694521015949753,1.0,10.309733552923248,0.8999999999999995
4.71,-0.0130906866143029,-0.001710664745717824,1.0,10.309733552923248,0.8999999999999995
4.72,-0.01280457989439366,-0.0018333252871791516,1.0,10.309733552923248,0.8999999999999995
4.73,-0.012546543339561518,-0.002010635123207369,1.0,10.309733552923248,0.8999999999999995
4.74,-0.012173211669160433,-0.0020916103065410467,1.0,10.309733552923248,0.8999999999999995
4.75,-0.01167330701640216,-0.0020729216802059095,1.0,10.309733552923248,0.8999999999999995
4.76,-0.011144768843227548,-0.002060614922916567,1.0,10.309733552923248,0.8999999999999995
4.7700000000000005,-0.010548690419782196,-0.002012737197287999,1.0,10.309733552923248,0.8999999999999995
4.78,-0.009901365712286997,-0.0019467658391718087,1.0,10.309733552923248,0.8999999999999995
4.79,-0.009067481186399676,-0.0017266261019793702,1.0,10.309733552923248,0.8999999999999995
4.8,-0.008150159779309864,-0.0014685883903057207,1.0,10.309733552923248,0.8999999999999995
4.8100000000000005,-0.0072162319247340055,-0.0012403321812863195,1.0,10.309733552923248,0.8999999999999995
4.82,-0.006310931828988472,-0.001080771528172943,1.0,10.309733552923248,0.8999999999999995
4.83,-0.005470092489991529,-0.001015312360822461,1.0,10.309733552923248,0.8999999999999995
4.84,-0.0046058933030257605,-0.0009430749765539781,1.0,10.309733552923248,0.8999999999999995
4.8500000000000005,-0.003769970307268068,-0.0009131018744604153,1.0,10.309733552923248,0.8999999999999995
4.86,-0.0029986359807332,-0.0009540265541195368,1.0,10.309733552923248,0.8999999999999995
4.87,-0.0022555055013267233,-0.001018885059893033,1.0,10.309733552923248,0.8999999999999995
4.88,-0.001564979348086001,-0.0011264632446693294,1.0,10.309733552923248,0.8999999999999995
4.89,-0.0007908230837994643,-0.0011330704429938253,1.0,10.309733552923248,0.8999999999999995
4.9,2.279565008701963e-05,-0.0010903752141326686,1.0,10.309733552923248,0.8999999999999995
4.91,0.000827789570949438,-0.0010486027051564535,1.0,10.309733552923248,0.8999999999999995
4.92,0.0016954627773106863,-0.0009334176311497953,1.0,10.309733552923248,0.8999999999999995
4.93,0.0025516342482351717,-0.0008237062816194665,1.0,10.309733552923248,0.8999999999999995
4.94,0.003346106346141458,-0.0007662153414078368,1.0,10.309733552923248,0.8999999999999995
4.95,0.004195580028564008,-0.0006360453725654336,1.0,10.309733552923248,0.8999999999999995
4.96,0.00504694099030055,-0.0004911407716974508,1.0,10.309733552923248,0.8999999999999995
4.97,0.0058180015102994405,-0.00041254785676112665,1.0,10.309733552923248,0.8999999999999995
4.98,0.006548865941869523,-0.000350731851342657,1.0,10.309733552923248,0.8999999999999995
4.99,0.00720278693000586,-0.00033830335024986923,1.0,10.309733552923248,0.8999999999999995
5.0,0.007752593258678818,-0.00039508489796970296,0.1,10.309733552923248,0.8283802756086465
5.01,0.008317552646981401,-0.00039803592443602386,0.1,10.399733552923248,0.8355422480477818
5.0200000000000005,0.008944581526234811,-0.0003036324957867184,0.1,10.48073355292325,0.8419880232430036
5.03,0.00946574320543912,-0.0002880161481313702,0.1,10.55363355292325,0.8477892209187032
5.04,0.009977162928478759,-0.0002447882508034686,0.1,10.619243552923251,0.853010298826833
5.05,0.010416150842879546,-0.00023778532589115094,0.1,10.678292552923251,0.8577092689441497
5.0600000000000005,0.01078922218489718,-0.0002549584487032256,0.1,10.731436652923252,0.8619383420497347
5.07,0.011089706617456696,-0.00029887642234615436,0.1,10.779266342923252,0.8657445078447612
5.08,0.011302910620204287,-0.00038001715907911416,0.1,10.822313063923252,0.869170057060285
5.09,0.011473705397785455,-0.00044833768593228736,0.1,10.861055112823252,0.8722530513542565
5.1000000000000005,0.011557485501452176,-0.0005489232798702344,0.1,10.895922956833251,0.8750277462188308
5.11,0.011609077542395959,-0.0006227270910313608,0.1,10.927304016442251,0.8775249715969478
5.12,0.011612275284704333,-0.0006884249646409808,0.1,10.955546970090351,0.8797724744372529
5.13,0.011557679001624447,-0.0007560724889763307,0.1,10.980965628373642,0.8817952269935276
5.14,0.011412131243909237,-0.0008586018673640742,0.1,11.003842420828605,0.8836157042941749
5.15,0.011192837179123047,-0.000975174377471647,0.1,11.024431534038069,0.8852541338647574
5.16,0.010967344419659431,-0.0010371378619609465,0.1,11.042961735926587,0.8867287204782817
5.17,0.010723825672035484,-0.0010630461297764632,0.1,11.059638917626254,0.8880558484304535
5.18,0.010389336714099539,-0.0011307402640974742,0.1,11.074648381155955,0.8892502635874081
5.19,0.010019133403049841,-0.001181430073553411,0.1,11.088156898332684,0.8903252372286673
5.2,0.009647315698227845,-0.0011842090097484979,0.1,11.100314563791741,0.8912927135058005
5.21,0.009154313471265031,-0.001265471586554118,0.1,11.111256462704892,0.8921634421552205
5.22,0.008652832475138199,-0.00130545171376871,0.1,11.121104171726728,0.8929470979396984
5.23,0.008084561758668795,-0.0013689195570020724,0.1,11.12996710984638,0.8936523881457284
5.24,0.007513472675819824,-0.0013913207084874269,0.1,11.137943754154067,0.8942871493311556
5.25,0.006875129723031082,-0.0014438730668264173,0.1,11.145122734030986,0.89485843439804
5.26,0.006120039083932907,-0.0015750563751628936,0.1,11.151583815920214,0.8953725909582361
5.2700000000000005,0.005260165467708623,-0.0017666309038957648,0.1,11.157398789620517,0.8958353318624124
5.28,0.00438278967153341,-0.0019272504713514793,0.1,11.16263226595079,0.8962517986761711
5.29,0.0035019748161479606,-0.002049177877209461,0.1,11.167342394648037,0.896626618808554
5.3,0.002562999701939493,-0.0021944881373895638,0.1,11.171581510475558,0.8969639569276986
5.3100000000000005,0.0016467748685288016,-0.0022828209744167314,0.1,11.175396714720328,0.8972675612349288
5.32,0.0006418890502420586,-0.0024352546877084327,0.1,11.17883039854062,0.8975408051114359
5.33,-0.00036782994855687526,-0.002564180940104124,0.1,11.181920713978885,0.8977867246002923
5.34,-0.0014356379039134814,-0.002728986078511402,0.1,11.184701997873322,0.8980080521402631
5.3500000000000005,-0.002529302185434905,-0.002897007523029054,0.1,11.187205153378315,0.8982072469262368
5.36,-0.003609517584316565,-0.0030322533963025636,0.1,11.189457993332809,0.898386522233613
5.37,-0.004717423631809149,-0.0031832778130174324,0.1,11.191485549291853,0.8985478700102517
5.38,-0.005824825908450409,-0.0033239072737751276,0.1,11.193310349654993,0.8986930830092266
5.39,-0.006857810651385658,-0.0033852158030962427,0.1,11.19495266998182,0.8988237747083039
5.4,-0.007891533451779427,-0.003455078954014288,0.1,11.196430758275964,0.8989413972374736
5.41,-0.008851283398454736,-0.003461624422504659,0.1,11.197761037740694,0.8990472575137263
5.42,-0.009831615471682379,-0.003510249718519239,0.1,11.19895828925895,0.8991425317623537
5.43,-0.010745663341809375,-0.0035130322193446255,0.1,11.20003581562538,0.8992282785861182
5.44,-0.011544296554548972,-0.003429552943262031,0.1,11.201005589355168,0.8993054507275065
5.45,-0.01242013830304929,-0.003465551286116894,0.1,11.201878385711977,0.8993749056547558
5.46,-0.013285916231911466,-0.003523644171951686,0.1,11.202663902433105,0.8994374150892803
5.47,-0.014069524081559762,-0.003532406207482974,0.1,11.203370867482121,0.8994936735803524
5.48,-0.01480695633794192,-0.00353638467045397,0.1,11.204007136026235,0.8995443062223171
5.49,-0.015466638347823256,-0.003507395004152935,0.1,11.204579777715937,0.8995898756000854
5.5,-0.01609480009426741,-0.0034980352660804693,0.1,11.205095155236668,0.8996308880400767
5.51,-0.016654464465653458,-0.00347159451964101,0.1,11.205558995005326,0.8996677992360691
5.5200000000000005,-0.017155603844122524,-0.0034422217137170764,0.1,11.205976450797118,0.8997010193124622
5.53,-0.01753012537084881,-0.003344191450957391,0.1,11.206352161009733,0.8997309173812159
5.54,-0.0178223451728786,-0.0032313217855783746,0.1,11.206690300201085,0.8997578256430944
5.55,-0.01802703282346021,-0.0031015774070072806,0.1,11.206994625473303,0.899782043078785
5.5600000000000005,-0.01818094176170016,-0.00299485288520403,0.1,11.2072685182183,0.8998038387709065
5.57,-0.018287301621074604,-0.002912753360652562,0.1,11.207515021688796,0.899823454893816
5.58,-0.01834298765695529,-0.002850066254348794,0.1,11.207736874812241,0.8998411094044343
5.59,-0.018306480186997896,-0.0027634935485484208,0.1,11.207936542623342,0.8998569984639908
5.6000000000000005,-0.018218787361582653,-0.0026968499737605885,0.1,11.208116243653333,0.8998712986175917
5.61,-0.01804476859657745,-0.002612607159869099,0.1,11.208277974580325,0.8998841687558325
5.62,-0.01769591591938201,-0.0024238066805864667,0.1,11.208423532414617,0.8998957518802492
5.63,-0.01723399518383649,-0.0022032317660604156,0.1,11.208554534465481,0.8999061766922243
5.64,-0.016720800459749007,-0.0020152041123292093,0.1,11.208672436311259,0.8999155590230019
5.65,-0.016082047159954503,-0.0017804236865087615,0.1,11.208778547972459,0.8999240031207018
5.66,-0.015400847004739506,-0.0015855692210050131,0.1,11.208874048467539,0.8999316028086316
5.67,-0.014761434169487225,-0.0015083974194353273,0.1,11.20895999891311,0.8999384425277684
5.68,-0.014114789256357842,-0.0014844024069542443,0.1,11.209037354314125,0.8999445982749916
5.69,-0.013506607629726882,-0.0015508004263429412,0.1,11.209106974175038,0.8999501384474924
5.7,-0.012863287909282163,-0.001621142740603496,0.1,11.209169632049859,0.8999551246027431
5.71,-0.012168908364413637,-0.0016762089495832564,0.1,11.209226024137198,0.8999596121424688
5.72,-0.011343360408856269,-0.001634608295274741,0.1,11.209276777015804,0.8999636509282218
5.73,-0.010457509840640493,-0.001574912849526953,0.1,11.209322454606548,0.8999672858353996
5.74,-0.009542215555374328,-0.0015267060984942285,0.1,11.209363564438219,0.8999705572518596
5.75,-0.008548695128277668,-0.0014364537688836192,0.1,11.209400563286723,0.8999735015266737
5.76,-0.0076329760914338515,-0.001461294340074122,0.1,11.209433862250377,0.8999761513740064
5.7700000000000005,-0.00667625826395128,-0.001465775889124881,0.1,11.209463831317665,0.8999785362366057
5.78,-0.005655597083423962,-0.0014254206868370156,0.1,11.209490803478223,0.8999806826129452
5.79,-0.004687558474020023,-0.0014579314392121324,0.1,11.209515078422726,0.8999826143516506
5.8,-0.0036447944619669216,-0.001423821991262586,0.1,11.20953692587278,0.8999843529164856
5.8100000000000005,-0.002571759321765994,-0.001371024326339691,0.1,11.209556588577827,0.899985917624837
5.82,-0.0015104087135520499,-0.0013395496611569456,0.1,11.209574285012371,0.8999873258623534
5.83,-0.0004125175080463188,-0.0012747072282290987,0.1,11.209590211803459,0.899988593276118
5.84,0.0007994390029893025,-0.00109863123272519,0.1,11.209604545915438,0.8999897339485061
5.8500000000000005,0.0020161208115858902,-0.0009290382237152981,0.1,11.20961744661622,0.8999907605536556
5.86,0.003236037641754836,-0.0007625468297198073,0.1,11.209629057246923,0.89999168449829
5.87,0.0044189911455761385,-0.0006348426429534333,0.1,11.209639506814556,0.899992516048461
5.88,0.00554082399963688,-0.0005615673115316098,0.1,11.209648911425425,0.8999932644436148
5.89,0.006681177515297781,-0.00045284539932343934,0.1,11.209657375575208,0.8999939379992533
5.9,0.007751210254543801,-0.0003974360004773067,0.1,11.209664993310014,0.899994544199328
5.91,0.008793150721374739,-0.0003431458965135711,0.1,11.209671849271338,0.8999950897793952
5.92,0.009775452407776941,-0.00031752401514273734,0.1,11.209678019636529,0.8999955808014557
5.93,0.010742128844537487,-0.00026959736162614407,0.1,11.209683572965202,0.8999960227213102
5.94,0.011682113485277174,-0.00020934363037768263,0.1,11.209688570961008,0.8999964204491792
5.95,0.012626916003121689,-0.00010320095845695585,0.1,11.209693069157233,0.8999967784042612
5.96,0.013495423832202983,-3.41561001321449e-05,0.1,11.209697117533835,0.8999971005638352
5.97,0.014296291608910976,1.3721087439030035e-05,0.1,11.209700761072778,0.8999973905074516
5.98,0.014990980835020122,7.191152322000213e-06,0.1,11.209704040257826,0.8999976514567065
5.99,0.015603578688728968,-2.084331880180491e-05,0.1,11.209706991524369,0.8999978863110358
6.0,0.01617282850967674,-2.6759861863614946e-05,0.1,11.209709647664258,0.8999980976799323
6.01,0.016715510743860962,5.947813589917526e-06,0.1,11.209712038190158,0.8999982879119391
6.0200000000000005,0.017145551838240493,-1.1175402804182083e-05,0.1,11.209714189663469,0.8999984591207453
6.03,0.017550955261978207,1.7162382694692914e-05,0.1,11.209716125989448,0.8999986132086708
6.04,0.017954446781113652,0.00011000938317254949,0.1,11.20971786868283,0.8999987518878039
6.05,0.018307325239103146,0.0002125930939148479,0.1,11.209719437106873,0.8999988766990235
6.0600000000000005,0.01868141618616174,0.00039657538006973234,0.1,11.209720848688512,0.8999989890291212
6.07,0.018942692307354292,0.0005194947041103312,0.1,11.209722119111987,0.8999990901262092
6.08,0.01906669166551402,0.0005642285747130284,0.1,11.209723262493114,0.8999991811135882
6.09,0.019026358730279906,0.0005127396703107309,0.1,11.209724291536128,0.8999992630022294
6.1000000000000005,0.018985755290011053,0.0005398520200056989,0.1,11.20972521767484,0.8999993367020064
6.11,0.018902957978412856,0.0005944850696927915,0.1,11.209726051199683,0.8999994030318058
6.12,0.018742838343677792,0.0006378131041874047,0.1,11.20972680137204,0.8999994627286253
6.13,0.018522883499971186,0.0006877213021676681,0.1,11.209727476527162,0.8999995164557627
6.140000000000001,0.018173748745738495,0.0006729955514234987,0.1,11.209728084166771,0.8999995648101865
6.15,0.017875503640998786,0.0007795659621657226,0.1,11.20972863104242,0.8999996083291679
6.16,0.01751344818069982,0.0008774670041657961,0.1,11.209729123230504,0.8999996474962512
6.17,0.017088084193494404,0.0009663013419209641,0.1,11.20972956619978,0.899999682746626
6.18,0.01663197284908621,0.0010775622823640742,0.1,11.209729964872128,0.8999997144719635
6.19,0.016134707680637204,0.0011960363266965296,0.1,11.209730323677242,0.8999997430247673
6.2,0.015585436705796561,0.0013075837147852746,0.1,11.209730646601843,0.8999997687222905
6.21,0.01493566244127672,0.0013618295370469097,0.1,11.209730937233983,0.8999997918500614
6.22,0.014251147736972756,0.0014281374329640246,0.1,11.20973119880291,0.8999998126650551
6.23,0.013605157496026686,0.0015754092481594898,0.1,11.209731434214945,0.8999998313985497
6.24,0.012973373238709193,0.0017670765521541167,0.1,11.209731646085775,0.8999998482586946
6.25,0.012370663272335491,0.0020097499907736744,0.1,11.209731836769523,0.8999998634328251
6.26,0.011694157811035789,0.002191482755066657,0.1,11.209732008384895,0.8999998770895425
6.2700000000000005,0.010922681929624924,0.0022945301623153243,0.1,11.209732162838732,0.8999998893805884
6.28,0.010102567158232758,0.002370575395659823,0.1,11.209732301847184,0.8999999004425295
6.29,0.009246175410711542,0.0024314477056607926,0.1,11.209732426954792,0.8999999103982766
6.3,0.008408847193450673,0.0025305461253428297,0.1,11.209732539551638,0.8999999193584489
6.3100000000000005,0.007454536274813896,0.0025238233515514044,0.1,11.209732640888799,0.8999999274226039
6.32,0.006548227853458393,0.0025843747662577855,0.1,11.209732732092245,0.8999999346803437
6.33,0.005609073978218564,0.0026199748801898734,0.1,11.209732814175347,0.8999999412123093
6.34,0.00462737146686802,0.0026198614165877233,0.1,11.209732888050137,0.8999999470910783
6.3500000000000005,0.003577777308947867,0.0025588127683460094,0.1,11.209732954537449,0.8999999523819705
6.36,0.0024323654129225426,0.002411823937732018,0.1,11.20973301437603,0.8999999571437735
6.37,0.001319654864237564,0.002313096181438481,0.1,11.209733068230753,0.8999999614293961
6.38,0.00020651313587829122,0.0022200684315522826,0.1,11.209733116700002,0.8999999652864565
6.390000000000001,-0.0009708287769215739,0.002064299348091105,0.1,11.209733160322328,0.8999999687578109
6.4,-0.0022079146080240565,0.0018532438666012062,0.1,11.20973319958242,0.8999999718820297
6.41,-0.0034518360907669094,0.0016419526485521377,0.1,11.209733234916504,0.8999999746938268
6.42,-0.004597435273093241,0.001531526810710274,0.1,11.20973326671718,0.8999999772244441
6.43,-0.0057367184768434085,0.001414564047548738,0.1,11.209733295337788,0.8999999795019997
6.44,-0.0069273718882749856,0.001230087838310128,0.1,11.209733321096335,0.8999999815517998
6.45,-0.008101773631468828,0.001049332051078657,0.1,11.209733344279027,0.8999999833966198
6.46,-0.00925665263113095,0.0008712404860459358,0.1,11.20973336514345,0.8999999850569579
6.47,-0.010508677284121462,0.0005750067504763954,0.1,11.20973338392143,0.899999986551262
6.48,-0.011720678060755677,0.0003072914816551111,0.1,11.209733400821612,0.8999999878961358
6.49,-0.012896742180814817,5.709423139718878e-05,0.1,11.209733416031776,0.8999999891065222
6.5,-0.013985905621158234,-0.00013022145755838967,0.1,11.209733429720924,0.89999999019587
6.51,-0.014926317951045319,-0.00020339034294244816,0.1,11.209733442041157,0.899999991176283
6.5200000000000005,-0.01575053487578845,-0.0002111528180520185,0.1,11.209733453129367,0.8999999920586547
6.53,-0.016525191398802742,-0.00023064821453135835,0.1,11.209733463108755,0.8999999928527891
6.54,-0.017289160720027716,-0.0003023544664133443,0.1,11.209733472090205,0.8999999935675103
6.55,-0.017855443211075562,-0.00023608929456740187,0.1,11.20973348017351,0.8999999942107592
6.5600000000000005,-0.01834770803357186,-0.00017342557217522582,0.1,11.209733487448485,0.8999999947896833
6.57,-0.0187663502786668,-0.00011646782847121422,0.1,11.209733493995962,0.899999995310715
6.58,-0.019111693554551057,-6.669831158619019e-05,0.1,11.209733499888692,0.8999999957796435
6.59,-0.01937133730719373,-1.2390042009460731e-05,0.1,11.209733505192148,0.8999999962016791
6.6000000000000005,-0.019561464462303134,2.860700033332847e-05,0.1,11.209733509965258,0.8999999965815111
6.61,-0.01970285902430188,3.6171350183850914e-05,0.1,11.209733514261057,0.89999999692336
6.62,-0.01979367136914453,1.5394446395093648e-05,0.1,11.209733518127276,0.899999997231024
6.63,-0.019807888282729686,-4.731083290271787e-06,0.1,11.209733521606875,0.8999999975079216
6.640000000000001,-0.01977106380940934,-4.973303018628306e-05,0.1,11.209733524738514,0.8999999977571296
6.65,-0.019691865418341146,-0.00012509132780655856,0.1,11.209733527556988,0.8999999979814166
6.66,-0.01952968434564002,-0.0001861114506207881,0.1,11.209733530093615,0.8999999981832749
6.67,-0.01930331421145479,-0.00025224448245778606,0.1,11.209733532376578,0.8999999983649474
6.68,-0.018925764368015817,-0.0002347025738849582,0.1,11.209733534431246,0.8999999985284526
6.69,-0.01860642464191971,-0.00035076653022608095,0.1,11.209733536280448,0.8999999986756074
6.7,-0.01815937369273981,-0.0003977438490191134,0.1,11.209733537944729,0.8999999988080467
6.71,-0.01757877520107665,-0.00037553366883068387,0.1,11.209733539442581,0.899999998927242
6.72,-0.017033028596689436,-0.0004580223649606432,0.1,11.209733540790648,0.8999999990345178
6.73,-0.01643771841700992,-0.0005465079892404431,0.1,11.209733542003908,0.899999999131066
6.74,-0.01579668207959692,-0.0006414006414277072,0.1,11.209733543095844,0.8999999992179594
6.75,-0.015164299562067062,-0.0007934046239981749,0.1,11.209733544078585,0.8999999992961635
6.76,-0.014511574006355393,-0.0009639759596341916,0.1,11.209733544963052,0.8999999993665472
6.7700000000000005,-0.013857740570600784,-0.0011669792994281239,0.1,11.209733545759073,0.8999999994298925
6.78,-0.013062239279180847,-0.0012548029306178885,0.1,11.209733546475492,0.8999999994869033
6.79,-0.0121691819156838,-0.0012809562600607017,0.1,11.209733547120269,0.899999999538213
6.8,-0.011165397850243468,-0.0012355169502632133,0.1,11.209733547700568,0.8999999995843917
6.8100000000000005,-0.010082454741761344,-0.0011542554767158353,0.1,11.209733548222836,0.8999999996259525
6.82,-0.009017243229071334,-0.0011340802298920782,0.1,11.209733548692878,0.8999999996633572
6.83,-0.007943724291824269,-0.0011379355937497007,0.1,11.209733549115915,0.8999999996970215
6.84,-0.006815449578960403,-0.0011123938085085753,0.1,11.209733549496649,0.8999999997273194
6.8500000000000005,-0.005722503214790035,-0.0011464555668354104,0.1,11.20973354983931,0.8999999997545874
6.86,-0.004572408338309642,-0.001136489084381129,0.1,11.209733550147705,0.8999999997791287
6.87,-0.003417428682029892,-0.001135179375377084,0.1,11.20973355042526,0.8999999998012159
6.88,-0.002268853578119673,-0.0011482773228054667,0.1,11.209733550675061,0.8999999998210944
6.890000000000001,-0.0010769219759991754,-0.001119812711701355,0.1,11.20973355089988,0.8999999998389849
6.9,0.00014028237764308438,-0.0010679333633080523,0.1,11.209733551102218,0.8999999998550864
6.91,0.0013376674060120353,-0.0010357537073480986,0.1,11.209733551284321,0.8999999998695778
6.92,0.002586540640273802,-0.0009451580028273811,0.1,11.209733551448215,0.89999999988262
6.93,0.0037699005817665747,-0.0009151302632433706,0.1,11.209733551595718,0.899999999894358
6.94,0.004967990972715679,-0.0008540890111812346,0.1,11.209733551728473,0.8999999999049222
6.95,0.006174925493944699,-0.0007669244909201483,0.1,11.20973355184795,0.8999999999144299
6.96,0.007340798129954216,-0.0007020676710857752,0.1,11.20973355195548,0.8999999999229868
6.97,0.008492831235027467,-0.0006254676815823341,0.1,11.209733552052258,0.8999999999306882
6.98,0.009547628274362405,-0.0006176173781788103,0.1,11.209733552139358,0.8999999999376195
6.99,0.01060987934200371,-0.0005620153165353756,0.1,11.209733552217749,0.8999999999438576
7.0,0.011619936927015675,-0.0005197280591989191,0.1,11.209733552288299,0.8999999999494718
7.01,0.012556974631162576,-0.0005063077248835894,0.1,11.209733552351794,0.8999999999545246
7.0200000000000005,0.013495952810063537,-0.0004399559105493948,0.1,11.20973355240894,0.8999999999590721
7.03,0.014345494940158021,-0.0004145886178343414,0.1,11.20973355246037,0.8999999999631648
7.04,0.015067130719305356,-0.0004608766328941352,0.1,11.209733552506659,0.8999999999668483
7.05,0.015650730756133734,-0.0005779415874423496,0.1,11.209733552548318,0.8999999999701634
7.0600000000000005,0.01620226108203216,-0.000649184688046426,0.1,11.209733552585812,0.8999999999731471
7.07,0.016625254447066747,-0.0007738289730006656,0.1,11.209733552619555,0.8999999999758324
7.08,0.01706993065405152,-0.0007935816580037095,0.1,11.209733552649926,0.8999999999782491
7.09,0.01734267632935131,-0.0009120639025478127,0.1,11.209733552677259,0.8999999999804241
7.1000000000000005,0.01763150593553957,-0.0009287226185495511,0.1,11.209733552701858,0.8999999999823817
7.11,0.01786099119005008,-0.0009292799548606857,0.1,11.209733552723998,0.8999999999841436
7.12,0.018014898936809704,-0.0009309412633006232,0.1,11.209733552743923,0.8999999999857292
7.13,0.018070286851149354,-0.0009559854277271906,0.1,11.209733552761858,0.8999999999871564
7.140000000000001,0.018074237550238247,-0.0009544662789750407,0.1,11.209733552777998,0.8999999999884407
7.15,0.018004948333717945,-0.0009512325951852066,0.1,11.209733552792523,0.8999999999895966
7.16,0.017919812813588648,-0.000889444222551957,0.1,11.209733552805597,0.8999999999906371
7.17,0.017769729226047908,-0.0008254211827516789,0.1,11.209733552817363,0.8999999999915733
7.18,0.017557158731057572,-0.0007578652578769242,0.1,11.209733552827952,0.899999999992416
7.19,0.017257307311518467,-0.0007131384066015221,0.1,11.209733552837482,0.8999999999931744
7.2,0.016886779343735763,-0.000673501966635447,0.1,11.20973355284606,0.899999999993857
7.21,0.01646534565967298,-0.0006202993347851498,0.1,11.20973355285378,0.8999999999944713
7.22,0.01589382241046616,-0.0006561733548552267,0.1,11.209733552860728,0.8999999999950242
7.23,0.015192715117558275,-0.0007528089213735788,0.1,11.20973355286698,0.8999999999955218
7.24,0.014469493701448934,-0.0007983800876028333,0.1,11.209733552872608,0.8999999999959696
7.25,0.013698415507175156,-0.0008271021261976843,0.1,11.209733552877672,0.8999999999963726
7.26,0.012864830047486992,-0.0008585096772601872,0.1,11.20973355288223,0.8999999999967353
7.2700000000000005,0.01198221155660941,-0.0008820541609731386,0.1,11.209733552886334,0.8999999999970619
7.28,0.011070550894325229,-0.0008820745307920123,0.1,11.209733552890025,0.8999999999973556
7.29,0.010089109125556217,-0.0009055982901856367,0.1,11.209733552893349,0.8999999999976201
7.3,0.009029903355954395,-0.0009618016525921593,0.1,11.20973355289634,0.8999999999978582
7.3100000000000005,0.007945900425315722,-0.0009980592609784905,0.1,11.209733552899031,0.8999999999980723
7.32,0.006782693701203612,-0.0010751946893145443,0.1,11.209733552901454,0.8999999999982651
7.33,0.005614285820159481,-0.0011189489699501012,0.1,11.209733552903634,0.8999999999984386
7.34,0.004339752854768655,-0.0012384665047683126,0.1,11.209733552905597,0.8999999999985948
7.3500000000000005,0.003100819546659476,-0.0012881198731968734,0.1,11.209733552907363,0.8999999999987353
7.36,0.0018745135010811802,-0.0013034424104076139,0.1,11.209733552908952,0.8999999999988618
7.37,0.0006548349655840877,-0.00129908473839045,0.1,11.209733552910382,0.8999999999989756
7.38,-0.0005170745270035584,-0.0012409567772896988,0.1,11.20973355291167,0.8999999999990781
7.390000000000001,-0.0016024970594645258,-0.0011012301104977747,0.1,11.209733552912828,0.8999999999991702
7.4,-0.002629789261329796,-0.000922240171953406,0.1,11.209733552913871,0.8999999999992532
7.41,-0.00373771589069276,-0.0008518963718475246,0.1,11.209733552914809,0.8999999999993279
7.42,-0.004893757530881225,-0.0008501239643690557,0.1,11.209733552915655,0.8999999999993952
7.43,-0.006060564277968425,-0.0008764367854505741,0.1,11.209733552916415,0.8999999999994557
7.44,-0.007200973517049628,-0.0008950091103249915,0.1,11.209733552917099,0.8999999999995101
7.45,-0.008285931091901894,-0.0008820646493763625,0.1,11.209733552917715,0.8999999999995592
7.46,-0.009373379355048277,-0.0009033891114703461,0.1,11.20973355291827,0.8999999999996032
7.47,-0.010413397213253394,-0.0009093970582358675,0.1,11.209733552918768,0.899999999999643
7.48,-0.011449033755831485,-0.0009489045131645523,0.1,11.209733552919218,0.8999999999996787
7.49,-0.012469011578438684,-0.0010107735454931235,0.1,11.209733552919621,0.8999999999997108
7.5,-0.013509076793444971,-0.0011319880359427332,0.1,11.209733552919985,0.8999999999997398
7.51,-0.014540931908031702,-0.0012811862431598988,0.1,11.209733552920312,0.8999999999997658
7.5200000000000005,-0.015581934099562482,-0.0014760368404022428,0.1,11.209733552920607,0.8999999999997892
7.53,-0.016609173941403987,-0.0016918168570405879,0.1,11.209733552920872,0.8999999999998103
7.54,-0.017517134063081044,-0.0018238316136670611,0.1,11.20973355292111,0.8999999999998293
7.55,-0.01840250129570064,-0.001981185598901702,0.1,11.209733552921325,0.8999999999998464
7.5600000000000005,-0.019082713894734104,-0.001981302757187014,0.1,11.209733552921518,0.8999999999998618
7.57,-0.01966224485130841,-0.0019489189003734882,0.1,11.209733552921692,0.8999999999998756
7.58,-0.020154331039413494,-0.0019032617418723913,0.1,11.209733552921849,0.899999999999888
7.59,-0.020609276920608488,-0.001898172399169061,0.1,11.209733552921989,0.8999999999998992
7.6000000000000005,-0.020947390197872274,-0.0018511494693286767,0.1,11.209733552922115,0.8999999999999092
7.61,-0.021231250271375384,-0.0018309185536940819,0.1,11.209733552922229,0.8999999999999183
7.62,-0.021424908377625125,-0.001799647033254578,0.1,11.209733552922332,0.8999999999999265
7.63,-0.021405786450848476,-0.0016368032898293632,0.1,11.209733552922424,0.8999999999999339
7.640000000000001,-0.021306979983319208,-0.0014907178944981705,0.1,11.209733552922508,0.8999999999999405
7.65,-0.02106669207057627,-0.0012978055834674568,0.1,11.209733552922582,0.8999999999999464
7.66,-0.020778635300291906,-0.001156746430982057,0.1,11.20973355292265,0.8999999999999518
7.67,-0.02041058524713932,-0.0010288234654531492,0.1,11.20973355292271,0.8999999999999566
7.68,-0.019873785451464523,-0.0008227665824557504,0.1,11.209733552922765,0.8999999999999609
7.69,-0.019290412248331557,-0.0006681143845088938,0.1,11.209733552922815,0.8999999999999649
7.7,-0.01854084449545189,-0.00043769290031580715,0.1,11.20973355292286,0.8999999999999685
7.71,-0.017683442393379437,-0.00019621593295076215,0.1,11.209733552922899,0.8999999999999716
7.72,-0.01678520959985493,-9.398076526929928e-06,0.1,11.209733552922934,0.8999999999999744
7.73,-0.015789989300755196,0.00018794866717784155,0.1,11.209733552922966,0.8999999999999769
7.74,-0.01468480012031487,0.00041086175087846715,0.1,11.209733552922994,0.8999999999999793
7.75,-0.013491652363785495,0.0006380324396909237,0.1,11.209733552923021,0.8999999999999814
7.76,-0.012324946082388138,0.0007584806417839042,0.1,11.209733552923044,0.8999999999999831
7.7700000000000005,-0.01114710642922425,0.0008259552528075223,0.1,11.209733552923066,0.8999999999999849
7.78,-0.009938813535221788,0.0008701619926916378,0.1,11.209733552923085,0.8999999999999865
7.79,-0.008696213742444798,0.0009022121347743318,0.1,11.209733552923103,0.8999999999999878
7.8,-0.007389491668812953,0.0009581093053192397,0.1,11.209733552923119,0.8999999999999891
7.8100000000000005,-0.006046018723409545,0.0010127872409319567,0.1,11.209733552923133,0.8999999999999903
7.82,-0.004746787743686393,0.000990515706014944,0.1,11.209733552923145,0.8999999999999913
7.83,-0.0034111065355102166,0.0009858625156369163,0.1,11.209733552923156,0.899999999999992
7.84,-0.002032765212447843,0.0010083728467472654,0.1,11.209733552923167,0.8999999999999929
7.8500000000000005,-0.0006197876729171167,0.001052345945349227,0.1,11.209733552923176,0.8999999999999937
7.86,0.0008482627490095556,0.0011412303446725986,0.1,11.209733552923183,0.8999999999999942
7.87,0.002353192421137384,0.0012572528661768509,0.1,11.20973355292319,0.8999999999999948
7.88,0.003870286136244,0.0013781491182304907,0.1,11.209733552923197,0.8999999999999954
7.890000000000001,0.005367075194829077,0.0014764233260874029,0.1,11.209733552923202,0.8999999999999958
7.9,0.0067581310540942244,0.0014747062505458435,0.1,11.209733552923208,0.8999999999999961
7.91,0.008142596736458885,0.0014888423757092857,0.1,11.209733552923213,0.8999999999999966
7.92,0.009503916654064757,0.001505886413034659,0.1,11.209733552923216,0.8999999999999969
7.930000000000001,0.010839934234558174,0.0015286367557437893,0.1,11.20973355292322,0.8999999999999971
7.94,0.012067984023628516,0.0014789418504982622,0.1,11.209733552923224,0.8999999999999975
7.95,0.013193110444596623,0.0013749758512063158,0.1,11.209733552923227,0.8999999999999977
7.96,0.014317685069447186,0.0013299975850015848,0.1,11.20973355292323,0.899999999999998
7.97,0.015382633406950137,0.0012828778631611526,0.1,11.209733552923232,0.8999999999999981
7.98,0.016419863628434783,0.001270097692378657,0.1,11.209733552923234,0.8999999999999984
7.99,0.017392649515171475,0.0012551646989559877,0.1,11.209733552923236,0.8999999999999985
8.0,0.018297286994915597,0.001238453202660922,0.1,11.209733552923238,0.8999999999999986
8.01,0.01917569923377757,0.0012656567050965243,0.1,11.20973355292324,0.8999999999999987
8.02,0.01995172819776915,0.0012589847150839728,0.1,11.209733552923241,0.8999999999999989
8.03,0.02065302090587177,0.0012529030757776089,0.1,11.209733552923243,0.899999999999999
8.040000000000001,0.021248963698419686,0.0012194492261528593,0.1,11.209733552923245,0.8999999999999991
8.05,0.02173869819054883,0.0011632399138325113,0.1,11.209733552923247,0.8999999999999992
8.06,0.022126663401478258,0.0010933368316848597,0.1,11.209733552923247,0.8999999999999992
8.07,0.02243799476998298,0.0010381299696527262,0.1,11.209733552923247,0.8999999999999992
8.08,0.022636495723262647,0.000961131052689228,0.1,11.209733552923247,0.8999999999999992
8.09,0.022808220678741487,0.0009518339210445561,0.1,11.209733552923247,0.8999999999999992
8.1,0.022845000298077105,0.0008951002154034868,0.1,11.209733552923247,0.8999999999999992
8.11,0.022782211109391402,0.0008319056444869094,0.1,11.209733552923247,0.8999999999999992
8.120000000000001,0.02260755759256796,0.0007505874264031537,0.1,11.209733552923247,0.8999999999999992
8.13,0.02241617656351363,0.0007478517759455301,0.1,11.209733552923247,0.8999999999999992
8.14,0.022146319136367196,0.0007523008586194879,0.1,11.209733552923247,0.8999999999999992
8.15,0.02184089363009485,0.0008048690241248339,0.1,11.209733552923247,0.8999999999999992
8.16,0.021375271138718805,0.0007740363559808958,0.1,11.209733552923247,0.8999999999999992
8.17,0.02083908059508553,0.0007569875206945201,0.1,11.209733552923247,0.8999999999999992
8.18,0.02026563838915469,0.0007833599360877557,0.1,11.209733552923247,0.8999999999999992
8.19,0.019616878291358962,0.0008077713199631779,0.1,11.209733552923247,0.8999999999999992
8.2,0.018944596641086282,0.0008795069067691432,0.1,11.209733552923247,0.8999999999999992
8.21,0.018172332580204568,0.0009137928132445744,0.1,11.209733552923247,0.8999999999999992
8.22,0.017399566661948355,0.0010110609376321959,0.1,11.209733552923247,0.8999999999999992
8.23,0.016673827679909835,0.0012082816939086843,0.1,11.209733552923247,0.8999999999999992
8.24,0.015864846875610312,0.001360285275187676,0.1,11.209733552923247,0.8999999999999992
8.25,0.014971768021026597,0.001467452339347582,0.1,11.209733552923247,0.8999999999999992
8.26,0.014093145298132386,0.0016293750483236723,0.1,11.209733552923247,0.8999999999999992
8.27,0.01323874229770375,0.0018455308227802428,0.1,11.209733552923247,0.8999999999999992
8.28,0.012306786239219356,0.002003811090076511,0.1,11.209733552923247,0.8999999999999992
8.290000000000001,0.011306167551286708,0.002115270210918495,0.1,11.209733552923247,0.8999999999999992
8.3,0.010247825291189514,0.002191683619656525,0.1,11.209733552923247,0.8999999999999992
8.31,0.009082862055162497,0.0021835799297965208,0.1,11.209733552923247,0.8999999999999992
8.32,0.007837273482921648,0.002121839720309328,0.1,11.209733552923247,0.8999999999999992
8.33,0.006511783145371603,0.002008498438215762,0.1,11.209733552923247,0.8999999999999992
8.34,0.005123520930467702,0.0018616566408670805,0.1,11.209733552923247,0.8999999999999992
8.35,0.003714685883519599,0.0017223384893431117,0.1,11.209733552923247,0.8999999999999992
8.36,0.0023043054161874105,0.0016036880663603532,0.1,11.209733552923247,0.8999999999999992
8.370000000000001,0.0009637633208124349,0.0015696506079979752,0.1,11.209733552923247,0.8999999999999992
8.38,-0.0004291607195891847,0.001483348261228082,0.1,11.209733552923247,0.8999999999999992
8.39,-0.0017697814574158409,0.0014501665756406668,0.1,11.209733552923247,0.8999999999999992
8.4,-0.0031127741995715143,0.0014043131799033792,0.1,11.209733552923247,0.8999999999999992
8.41,-0.004444608394491779,0.0013556284893499718,0.1,11.209733552923247,0.8999999999999992
8.42,-0.005723823169980234,0.0013408390754256578,0.1,11.209733552923247,0.8999999999999992
8.43,-0.007035298083631519,0.0012662927832361183,0.1,11.209733552923247,0.8999999999999992
8.44,-0.008298566791488276,0.001214298841845404,0.1,11.209733552923247,0.8999999999999992
8.45,-0.00951948819169532,0.0011717140274228094,0.1,11.209733552923247,0.8999999999999992
8.46,-0.0106769846742806,0.0011539422636770763,0.1,11.209733552923247,0.8999999999999992
8.47,-0.011776714182215247,0.0011480832897963554,0.1,11.209733552923247,0.8999999999999992
8.48,-0.012706086349597148,0.0012611195060901075,0.1,11.209733552923247,0.8999999999999992
8.49,-0.013616254525721593,0.001324505928039122,0.1,11.209733552923247,0.8999999999999992
8.5,-0.014498307563182636,0.0013489447269922229,0.1,11.209733552923247,0.8999999999999992
8.51,-0.015353398549873883,0.0013341371162532156,0.1,11.209733552923247,0.8999999999999992
8.52,-0.016174795513576645,0.0012879633886546398,0.1,11.209733552923247,0.8999999999999992
8.53,-0.016963384903486024,0.0012100577546019463,0.1,11.209733552923247,0.8999999999999992
8.540000000000001,-0.01762476611812979,0.0011956367502025489,0.1,11.209733552923247,0.8999999999999992
8.55,-0.018144880951460354,0.00124915175068311,0.1,11.209733552923247,0.8999999999999992
8.56,-0.01862137986588675,0.0012631455790645322,0.1,11.209733552923247,0.8999999999999992
8.57,-0.01906550579898245,0.00122895226522041,0.1,11.209733552923247,0.8999999999999992
8.58,-0.019410349228348677,0.0012173451928100738,0.1,11.209733552923247,0.8999999999999992
8.59,-0.01970582997923127,0.0011746338109595515,0.1,11.209733552923247,0.8999999999999992
8.6,-0.01989157315995915,0.0011637622950687447,0.1,11.209733552923247,0.8999999999999992
8.61,-0.019988455663262086,0.0011596721203132238,0.1,11.209733552923247,0.8999999999999992
8.620000000000001,-0.020082117229817537,0.001075679125649554,0.1,11.209733552923247,0.8999999999999992
8.63,-0.02001902885370209,0.0010743141639789012,0.1,11.209733552923247,0.8999999999999992
8.64,-0.01978717772419597,0.0011586562371706914,0.1,11.209733552923247,0.8999999999999992
8.65,-0.01950808123380283,0.0011982458206081673,0.1,11.209733552923247,0.8999999999999992
8.66,-0.019171634100136104,0.0012092423647574887,0.1,11.209733552923247,0.8999999999999992
8.67,-0.018745543566350487,0.0012285146010936599,0.1,11.209733552923247,0.8999999999999992
8.68,-0.018229151843886,0.001257480057104369,0.1,11.209733552923247,0.8999999999999992
8.69,-0.017608383492603717,0.0013111324785691676,0.1,11.209733552923247,0.8999999999999992
8.700000000000001,-0.016818210571048528,0.0014540510375075646,0.1,11.209733552923247,0.8999999999999992
8.71,-0.01597127954976141,0.0015662181634499715,0.1,11.209733552923247,0.8999999999999992
8.72,-0.015102058237348363,0.001619601442615777,0.1,11.209733552923247,0.8999999999999992
8.73,-0.014243051571470518,0.0015915873235349696,0.1,11.209733552923247,0.8999999999999992
8.74,-0.013365221100465756,0.001523911689781073,0.1,11.209733552923247,0.8999999999999992
8.75,-0.012437161030577812,0.0014562174790331702,0.1,11.209733552923247,0.8999999999999992
8.76,-0.011371201183886088,0.0014801582801514954,0.1,11.209733552923247,0.8999999999999992
8.77,-0.010287296159092803,0.0014696674448306574,0.1,11.209733552923247,0.8999999999999992
8.78,-0.009152673024363529,0.0014657504781013717,0.1,11.209733552923247,0.8999999999999992
8.790000000000001,-0.007983872352787426,0.00145566881412106,0.1,11.209733552923247,0.8999999999999992
8.8,-0.0067253017535261715,0.0015004002730132759,0.1,11.209733552923247,0.8999999999999992
8.81,-0.005315092676456395,0.0016604960015289567,0.1,11.209733552923247,0.8999999999999992
8.82,-0.003911854102281004,0.001769386515616014,0.1,11.209733552923247,0.8999999999999992
8.83,-0.002519047357819983,0.001834504572592805,0.1,11.209733552923247,0.8999999999999992
8.84,-0.0010654805758942517,0.0019372236609227415,0.1,11.209733552923247,0.8999999999999992
8.85,0.0004249335624433178,0.002054772216067991,0.1,11.209733552923247,0.8999999999999992
8.86,0.002004515082466127,0.002243249793555027,0.1,11.209733552923247,0.8999999999999992
8.870000000000001,0.003603799921883228,0.0024307514732734873,0.1,11.209733552923247,0.8999999999999992
8.88,0.0051692936400936935,0.0025694863858937516,0.1,11.209733552923247,0.8999999999999992
8.89,0.006742347052816247,0.0027119195654292964,0.1,11.209733552923247,0.8999999999999992
8.9,0.008342644871896765,0.002882972881586215,0.1,11.209733552923247,0.8999999999999992
8.91,0.009949431060400311,0.0030643231117760852,0.1,11.209733552923247,0.8999999999999992
8.92,0.011540695384837894,0.003238429352941095,0.1,11.209733552923247,0.8999999999999992
8.93,0.013138141340245766,0.003433393569973028,0.1,11.209733552923247,0.8999999999999992
8.94,0.014740587326182985,0.003651218138541839,0.1,11.209733552923247,0.8999999999999992
8.950000000000001,0.016352345309466488,0.0038991008469007934,0.1,11.209733552923247,0.8999999999999992
8.96,0.01793037055745241,0.004135991142648517,0.1,11.209733552923247,0.8999999999999992
8.97,0.01942767561050771,0.004321405634564858,0.1,11.209733552923247,0.8999999999999992
8.98,0.020854121653748253,0.004476125700170703,0.1,11.209733552923247,0.8999999999999992
8.99,0.022257137926929103,0.004656001750964943,0.1,11.209733552923247,0.8999999999999992
9.0,0.0235300367417117,0.004756306357990351,0.1,11.209733552923247,0.8999999999999992
9.01,0.024727203461449642,0.004844923301798023,0.1,11.209733552923247,0.8999999999999992
9.02,0.025805886987407576,0.004884723974224989,0.1,11.209733552923247,0.8999999999999992
9.03,0.02678305151267232,0.004902176420501288,0.1,11.209733552923247,0.8999999999999992
9.040000000000001,0.027717426217308536,0.0049622246179457565,0.1,11.209733552923247,0.8999999999999992
9.05,0.028550997487928623,0.005005446400085529,0.1,11.209733552923247,0.8999999999999992
9.06,0.029273342194500958,0.005026341030908396,0.1,11.209733552923247,0.8999999999999992
9.07,0.029811405226534745,0.004957036528585321,0.1,11.209733552923247,0.8999999999999992
9.08,0.030268552163347274,0.004913313263300972,0.1,11.209733552923247,0.8999999999999992
9.09,0.030638020708021654,0.004887412208595012,0.1,11.209733552923247,0.8999999999999992
9.1,0.03099432846270841,0.004953308500311411,0.1,11.209733552923247,0.8999999999999992
9.11,0.03121253029365109,0.004976808307115928,0.1,11.209733552923247,0.8999999999999992
9.120000000000001,0.03131824930860388,0.004988960213100083,0.1,11.209733552923247,0.8999999999999992
9.13,0.03131269229624301,0.004992511329610937,0.1,11.209733552923247,0.8999999999999992
9.14,0.03126239595060389,0.005054823843577947,0.1,11.209733552923247,0.8999999999999992
9.15,0.031083966132425995,0.005085368556964489,0.1,11.209733552923247,0.8999999999999992
9.16,0.03079695124077723,0.005106333590584635,0.1,11.209733552923247,0.8999999999999992
9.17,0.0304190366993035,0.005135163363257263,0.1,11.209733552923247,0.8999999999999992
9.18,0.02993074098513532,0.005149790209242394,0.1,11.209733552923247,0.8999999999999992
9.19,0.029302450056771883,0.005120110560346353,0.1,11.209733552923247,0.8999999999999992
9.200000000000001,0.028568810482964516,0.005083278714016631,0.1,11.209733552923247,0.8999999999999992
9.21,0.027776800993153324,0.005084226058875281,0.1,11.209733552923247,0.8999999999999992
9.22,0.026824599332929307,0.0050136687766293144,0.1,11.209733552923247,0.8999999999999992
9.23,0.025774099084619362,0.004937946647745524,0.1,11.209733552923247,0.8999999999999992
9.24,0.024587891231106898,0.00481628821714536,0.1,11.209733552923247,0.8999999999999992
9.25,0.023365552813090974,0.004749127418583044,0.1,11.209733552923247,0.8999999999999992
9.26,0.02197603388310269,0.004594654178602239,0.1,11.209733552923247,0.8999999999999992
9.27,0.02047320047538835,0.004411566390469205,0.1,11.209733552923247,0.8999999999999992
9.28,0.01890990553902844,0.004250629771069955,0.1,11.209733552923247,0.8999999999999992
9.290000000000001,0.017351796784293737,0.004169390042257178,0.1,11.209733552923247,0.8999999999999992
9.3,0.015723456477296487,0.004077590705134226,0.1,11.209733552923247,0.8999999999999992
9.31,0.01400691081617211,0.0039523159692408764,0.1,11.209733552923247,0.8999999999999992
9.32,0.012330842486726104,0.003919664207624417,0.1,11.209733552923247,0.8999999999999992
9.33,0.010535369315678278,0.0038028303641805565,0.1,11.209733552923247,0.8999999999999992
9.34,0.008590159349024448,0.0035742568467792674,0.1,11.209733552923247,0.8999999999999992
9.35,0.0066349827250330624,0.0033794245072290368,0.1,11.209733552923247,0.8999999999999992
9.36,0.004630464704566383,0.0031681830417433546,0.1,11.209733552923247,0.8999999999999992
9.370000000000001,0.002558609219332723,0.002917263296983959,0.1,11.209733552923247,0.8999999999999992
9.38,0.0005141424276245469,0.002718622835283474,0.1,11.209733552923247,0.8999999999999992
9.39,-0.0015181196145499488,0.002543905423458164,0.1,11.209733552923247,0.8999999999999992
9.4,-0.0035705600302074494,0.0023507012177786967,0.1,11.209733552923247,0.8999999999999992
9.41,-0.005670867219387442,0.0021060524766072205,0.1,11.209733552923247,0.8999999999999992
9.42,-0.007703063548537663,0.001924381360700007,0.1,11.209733552923247,0.8999999999999992
9.43,-0.009670307146500594,0.0017881696697436792,0.1,11.209733552923247,0.8999999999999992
9.44,-0.011602365451665335,0.0016553449540165155,0.1,11.209733552923247,0.8999999999999992
9.450000000000001,-0.013394355545872608,0.001623339169595512,0.1,11.209733552923247,0.8999999999999992
9.46,-0.01518517909212386,0.0015350402296326591,0.1,11.209733552923247,0.8999999999999992
9.47,-0.016990539389215516,0.001374391310040931,0.1,11.209733552923247,0.8999999999999992
9.48,-0.01876161376857107,0.0011918900723076554,0.1,11.209733552923247,0.8999999999999992
9.49,-0.02045912849203631,0.0010230445440737206,0.1,11.209733552923247,0.8999999999999992
9.5,-0.02206200932646897,0.0008814231496913239,0.1,11.209733552923247,0.8999999999999992
9.51,-0.023588251761221857,0.0007402772356557282,0.1,11.209733552923247,0.8999999999999992
9.52,-0.025002242498355653,0.0006297748208588897,0.1,11.209733552923247,0.8999999999999992
9.53,-0.026378691318922287,0.00046670671219813976,0.1,11.209733552923247,0.8999999999999992
9.540000000000001,-0.027577436561290206,0.00039242691809208356,0.1,11.209733552923247,0.8999999999999992
9.55,-0.028670219261632955,0.0003208911724882908,0.1,11.209733552923247,0.8999999999999992
9.56,-0.029592858898814033,0.00031204389311548594,0.1,11.209733552923247,0.8999999999999992
9.57,-0.030380611704867624,0.000320101584872983,0.1,11.209733552923247,0.8999999999999992
9.58,-0.031024801249561414,0.00034882192371553725,0.1,11.209733552923247,0.8999999999999992
9.59,-0.03151737723471666,0.00040140533901371236,0.1,11.209733552923247,0.8999999999999992
9.6,-0.03186264959785927,0.0004688424533892823,0.1,11.209733552923247,0.8999999999999992
9.61,-0.032049651851964796,0.000558937831990017,0.1,11.209733552923247,0.8999999999999992
9.620000000000001,-0.03204348252332098,0.0007030946917195152,0.1,11.209733552923247,0.8999999999999992
9.63,-0.031900990707065376,0.0008379981466149083,0.1,11.209733552923247,0.8999999999999992
9.64,-0.031597251131433975,0.000989786284008996,0.1,11.209733552923247,0.8999999999999992
9.65,-0.031173561132560916,0.001116013283158589,0.1,11.209733552923247,0.8999999999999992
9.66,-0.030555220676453637,0.0012955643619605311,0.1,11.209733552923247,0.8999999999999992
9.67,-0.029850690999719594,0.001415874393964131,0.1,11.209733552923247,0.8999999999999992
9.68,-0.02893897302651019,0.0016070350554962046,0.1,11.209733552923247,0.8999999999999992
9.69,-0.02791592818258803,0.0017682237379162058,0.1,11.209733552923247,0.8999999999999992
9.700000000000001,-0.02685523747155515,0.0018326629872167954,0.1,11.209733552923247,0.8999999999999992
9.71,-0.02568318200251114,0.0018889844863897846,0.1,11.209733552923247,0.8999999999999992
9.72,-0.024444958033359533,0.0018974261793593679,0.1,11.209733552923247,0.8999999999999992
9.73,-0.023069435284571446,0.0019394545784879528,0.1,11.209733552923247,0.8999999999999992
9.74,-0.021636844777491164,0.001936441818915993,0.1,11.209733552923247,0.8999999999999992
9.75,-0.020142577193202057,0.0019038158568841024,0.1,11.209733552923247,0.8999999999999992
9.76,-0.01866476120563839,0.001772886803935833,0.1,11.209733552923247,0.8999999999999992
9.77,-0.01713735282628856,0.0016271510854958217,0.1,11.209733552923247,0.8999999999999992
9.78,-0.015665010264498586,0.0013702799871655074,0.1,11.209733552923247,0.8999999999999992
9.790000000000001,-0.014211492204744845,0.0010578555358997117,0.1,11.209733552923247,0.8999999999999992
9.8,-0.012665302207839645,0.0008146099441723418,0.1,11.209733552923247,0.8999999999999992
9.81,-0.011031367784034159,0.0006349488375250407,0.1,11.209733552923247,0.8999999999999992
9.82,-0.009334244322150695,0.0004943731238905095,0.1,11.209733552923247,0.8999999999999992
9.83,-0.007650316671348479,0.0003193956348879714,0.1,11.209733552923247,0.8999999999999992
9.84,-0.005940256276368457,0.00016056114243660535,0.1,11.209733552923247,0.8999999999999992
9.85,-0.004208634876942405,1.88764109338839e-05,0.1,11.209733552923247,0.8999999999999992
9.86,-0.0025200483088537867,-0.00016477691049370414,0.1,11.209733552923247,0.8999999999999992
9.870000000000001,-0.0007480316602928912,-0.0002518391023499781,0.1,11.209733552923247,0.8999999999999992
9.88,0.0010690341967748592,-0.0002841924568280212,0.1,11.209733552923247,0.8999999999999992
9.89,0.002869014401448697,-0.00032281299496158156,0.1,11.209733552923247,0.8999999999999992
9.9,0.004657212503002257,-0.0003544469465634839,0.1,11.209733552923247,0.8999999999999992
9.91,0.006435655608845065,-0.0003706847416720705,0.1,11.209733552923247,0.8999999999999992
9.92,0.008084826578192435,-0.0004857094241370916,0.1,11.209733552923247,0.8999999999999992
9.93,0.009688071891453159,-0.0005981664866732071,0.1,11.209733552923247,0.8999999999999992
9.94,0.011217367772209549,-0.0007296427008391519,0.1,11.209733552923247,0.8999999999999992
9.950000000000001,0.012650768963657142,-0.0008934497920676334,0.1,11.209733552923247,0.8999999999999992
9.96,0.01401873850525264,-0.0010492585539817003,0.1,11.209733552923247,0.8999999999999992
9.97,0.015419880642349353,-0.0010934191269917981,0.1,11.209733552923247,0.8999999999999992
9.98,0.016790788531631518,-0.001096226468104462,0.1,11.209733552923247,0.8999999999999992
9.99,0.01806547918737944,-0.0011229475272768238,0.1,11.209733552923247,0.8999999999999992
10.0,0.019296204638381206,-0.0011135841476435033,0.1,11.209733552923247,0.8999999999999992
10.01,0.020519488773271952,-0.0010309157154671335,0.1,11.209733552923247,0.8999999999999992
10.02,0.02170677361349153,-0.0009072952864436412,0.1,11.209733552923247,0.8999999999999992
10.03,0.022810157780011234,-0.000791092621842809,0.1,11.209733552923247,0.8999999999999992
10.040000000000001,0.023790040830033082,-0.0007172558993861231,0.1,11.209733552923247,0.8999999999999992
10.05,0.02470993584601431,-0.0006140271350303048,0.1,11.209733552923247,0.8999999999999992
10.06,0.02555103431962006,-0.0005003749176363038,0.1,11.209733552923247,0.8999999999999992
10.07,0.02633517991544427,-0.0003528414012094475,0.1,11.209733552923247,0.8999999999999992
10.08,0.027046332832717974,-0.00018884198028912313,0.1,11.209733552923247,0.8999999999999992
10.09,0.027702477590616722,9.832697118651064e-06,0.1,11.209733552923247,0.8999999999999992
10.1,0.02822183944527977,0.00015923721936414507,0.1,11.209733552923247,0.8999999999999992
10.11,0.028695136285051485,0.0003569855481649506,0.1,11.209733552923247,0.8999999999999992
10.120000000000001,0.029064555950870527,0.0005408397256527288,0.1,11.209733552923247,0.8999999999999992
10.13,0.029422626972923645,0.0008055283795173494,0.1,11.209733552923247,0.8999999999999992
10.14,0.0296297246575848,0.0010026419624047092,0.1,11.209733552923247,0.8999999999999992
10.15,0.02980643997036613,0.001260302442619204,0.1,11.209733552923247,0.8999999999999992
10.16,0.029875202998562878,0.001493742273609638,0.1,11.209733552923247,0.8999999999999992
10.17,0.029793383789551486,0.0016623127234008527,0.1,11.209733552923247,0.8999999999999992
10.18,0.02956983254333731,0.001781061465180655,0.1,11.209733552923247,0.8999999999999992
10.19,0.02921375046319595,0.001863331326427854,0.1,11.209733552923247,0.8999999999999992
10.200000000000001,0.028763901498397276,0.0019501488456697307,0.1,11.209733552923247,0.8999999999999992
10.21,0.02822708882543674,0.002045590430157868,0.1,11.209733552923247,0.8999999999999992
10.22,0.02755069188491165,0.002093477158219855,0.1,11.209733552923247,0.8999999999999992
10.23,0.026764987839761882,0.0021264655787680306,0.1,11.209733552923247,0.8999999999999992
10.24,0.025981519079876492,0.0022544416651654933,0.1,11.209733552923247,0.8999999999999992
10.25,0.025182640021232928,0.002445420976732773,0.1,11.209733552923247,0.8999999999999992
10.26,0.024306958947217863,0.0026269630854504965,0.1,11.209733552923247,0.8999999999999992
10.27,0.023338093700584202,0.002779502604722433,0.1,11.209733552923247,0.8999999999999992
10.28,0.022284063784612958,0.002909818840681553,0.1,11.209733552923247,0.8999999999999992
10.290000000000001,0.0211737898395931,0.003044585051879473,0.1,11.209733552923247,0.8999999999999992
10.3,0.019929895768502903,0.0031009503954006106,0.1,11.209733552923247,0.8999999999999992
10.31,0.0185956966898166,0.003125830080414148,0.1,11.209733552923247,0.8999999999999992
10.32,0.017105989738558654,0.0030521264531224827,0.1,11.209733552923247,0.8999999999999992
10.33,0.015570201909738759,0.002994670353556841,0.1,11.209733552923247,0.8999999999999992
10.34,0.014006840972415138,0.0029642496980666023,0.1,11.209733552923247,0.8999999999999992
10.35,0.01236558728119119,0.002901407825796007,0.1,11.209733552923247,0.8999999999999992
10.36,0.010755856799961966,0.002912918241024654,0.1,11.209733552923247,0.8999999999999992
10.370000000000001,0.009043985345419699,0.002850338835533336,0.1,11.209733552923247,0.8999999999999992
10.38,0.007224902795294067,0.0027103655633652886,0.1,11.209733552923247,0.8999999999999992
10.39,0.005390339145676208,0.0025867453918956536,0.1,11.209733552923247,0.8999999999999992
10.4,0.0035886847688563622,0.002519249186085768,0.1,11.209733552923247,0.8999999999999992
10.41,0.001858860871390699,0.002533637408742434,0.1,11.209733552923247,0.8999999999999992
10.42,0.00010048409610413818,0.002513451749042147,0.1,11.209733552923247,0.8999999999999992
10.43,-0.0016025969560464306,0.0025395603655637184,0.1,11.209733552923247,0.8999999999999992
10.44,-0.0032995735514316565,0.00255076496118299,0.1,11.209733552923247,0.8999999999999992
10.450000000000001,-0.004990458340960568,0.002542000965460184,0.1,11.209733552923247,0.8999999999999992
10.46,-0.006615767708983457,0.002568375733610039,0.1,11.209733552923247,0.8999999999999992
10.47,-0.008180717619678785,0.0026142441886999796,0.1,11.209733552923247,0.8999999999999992
10.48,-0.00979062600966333,0.002565784813505067,0.1,11.209733552923247,0.8999999999999992
10.49,-0.011286445631549838,0.002586503769577358,0.1,11.209733552923247,0.8999999999999992
10.5,-0.012667207764715967,0.002663672927035236,0.1,11.209733552923247,0.8999999999999992
10.51,-0.014027859139022745,0.002690320564106624,0.1,11.209733552923247,0.8999999999999992
10.52,-0.015311979917164802,0.0027231236412270194,0.1,11.209733552923247,0.8999999999999992
10.53,-0.016509665791462645,0.0027661678258124093,0.1,11.209733552923247,0.8999999999999992
10.540000000000001,-0.017627942743532618,0.0028064571232432425,0.1,11.209733552923247,0.8999999999999992
10.55,-0.018703024347829306,0.0028035951021620205,0.1,11.209733552923247,0.8999999999999992
10.56,-0.019736775458351792,0.0027564074498187424,0.1,11.209733552923247,0.8999999999999992
10.57,-0.020692852854942503,0.0027023970312366257,0.1,11.209733552923247,0.8999999999999992
10.58,-0.021507645614530363,0.00270246286219674,0.1,11.209733552923247,0.8999999999999992
10.59,-0.022209534792103216,0.0027190323598369846,0.1,11.209733552923247,0.8999999999999992
10.6,-0.022841573068170685,0.0027044628653406138,0.1,11.209733552923247,0.8999999999999992
10.61,-0.023344219454397103,0.002719449285944868,0.1,11.209733552923247,0.8999999999999992
10.620000000000001,-0.023896631040841953,0.0025795776958217166,0.1,11.209733552923247,0.8999999999999992
10.63,-0.02429671181272499,0.0025027797303244824,0.1,11.209733552923247,0.8999999999999992
10.64,-0.024687458619239502,0.002337801142823599,0.1,11.209733552923247,0.8999999999999992
10.65,-0.024998474545921592,0.0021641298779390516,0.1,11.209733552923247,0.8999999999999992
10.66,-0.025266472929648728,0.0019455732333324967,0.1,11.209733552923247,0.8999999999999992
10.67,-0.025499189351807595,0.001679319873848571,0.1,11.209733552923247,0.8999999999999992
10.68,-0.025572964953595054,0.0014945907101398012,0.1,11.209733552923247,0.8999999999999992
10.69,-0.025569093820864357,0.001301468454955193,0.1,11.209733552923247,0.8999999999999992
10.700000000000001,-0.025446958628817348,0.0011423750148335343,0.1,11.209733552923247,0.8999999999999992
10.71,-0.02522683103495542,0.0009944186741562173,0.1,11.209733552923247,0.8999999999999992
10.72,-0.024883479990282942,0.0008831220351761252,0.1,11.209733552923247,0.8999999999999992
10.73,-0.024438395160651518,0.000784767418021024,0.1,11.209733552923247,0.8999999999999992
10.74,-0.023961426110085903,0.0006302886972086411,0.1,11.209733552923247,0.8999999999999992
10.75,-0.023340524768961507,0.0005406061690484891,0.1,11.209733552923247,0.8999999999999992
10.76,-0.022652787459942907,0.0004342444390985911,0.1,11.209733552923247,0.8999999999999992
10.77,-0.021954137362841675,0.00026036851414440844,0.1,11.209733552923247,0.8999999999999992
10.78,-0.021190920213590474,8.372384127368706e-05,0.1,11.209733552923247,0.8999999999999992
10.790000000000001,-0.020269769892195533,1.764671294868372e-06,0.1,11.209733552923247,0.8999999999999992
10.8,-0.01922700778996148,-2.8421014474515124e-05,0.1,11.209733552923247,0.8999999999999992
10.81,-0.01812681587226862,-7.25131846648352e-05,0.1,11.209733552923247,0.8999999999999992
10.82,-0.0169736252310251,-0.00012879526252624804,0.1,11.209733552923247,0.8999999999999992
10.83,-0.01577066034647067,-0.00019428527658840803,0.1,11.209733552923247,0.8999999999999992
10.84,-0.014402800956117307,-0.00014776413784997017,0.1,11.209733552923247,0.8999999999999992
10.85,-0.012960352673460915,-8.682429390295882e-05,0.1,11.209733552923247,0.8999999999999992
10.86,-0.011446679335213362,-1.0931733001077757e-05,0.1,11.209733552923247,0.8999999999999992
10.870000000000001,-0.009837815818904593,0.00010793491092995824,0.1,11.209733552923247,0.8999999999999992
10.88,-0.00817978356803946,0.00022487140215163954,0.1,11.209733552923247,0.8999999999999992
10.89,-0.006504068965554995,0.00031474282378683407,0.1,11.209733552923247,0.8999999999999992
10.9,-0.004814170535052291,0.0003833899797770718,0.1,11.209733552923247,0.8999999999999992
10.91,-0.0031105364824706543,0.0004391796993897543,0.1,11.209733552923247,0.8999999999999992
10.92,-0.0013981872699442345,0.00048506482658124096,0.1,11.209733552923247,0.8999999999999992
10.93,0.0003543508926447034,0.0005602269861499035,0.1,11.209733552923247,0.8999999999999992
10.94,0.0021063348901095864,0.0006272741125378467,0.1,11.209733552923247,0.8999999999999992
10.950000000000001,0.003884883430597146,0.0007208940125004836,0.1,11.209733552923247,0.8999999999999992
10.96,0.005642280688497052,0.0007970439467320064,0.1,11.209733552923247,0.8999999999999992
10.97,0.007379577477328715,0.000865366682439211,0.1,11.209733552923247,0.8999999999999992
10.98,0.00898609353100557,0.0008226359338282342,0.1,11.209733552923247,0.8999999999999992
10.99,0.010601343777058988,0.0008273066662722502,0.1,11.209733552923247,0.8999999999999992
11.0,0.012190450768981443,0.0008455074993109813,0.1,11.209733552923247,0.8999999999999992
11.01,0.013779743188780638,0.0009082124423070606,0.1,11.209733552923247,0.8999999999999992
11.02,0.0151682333016416,0.0008154273754089992,0.1,11.209733552923247,0.8999999999999992
11.03,0.016599871874768485,0.0008343356093478044,0.1,11.209733552923247,0.8999999999999992
11.040000000000001,0.017957565660509392,0.0008408320660400067,0.1,11.209733552923247,0.8999999999999992
11.05,0.019298417265671105,0.0008986834596829895,0.1,11.209733552923247,0.8999999999999992
11.06,0.02050974562527965,0.0008944488584004723,0.1,11.209733552923247,0.8999999999999992
11.07,0.021669532121506324,0.0009178007319373975,0.1,11.209733552923247,0.8999999999999992
11.08,0.0226899401692397,0.000882217460581697,0.1,11.209733552923247,0.8999999999999992
11.09,0.02358856306754864,0.0008159872594382798,0.1,11.209733552923247,0.8999999999999992
11.1,0.02448886499630587,0.0008497276966902934,0.1,11.209733552923247,0.8999999999999992
11.11,0.025282054339198085,0.000866763469865353,0.1,11.209733552923247,0.8999999999999992
11.120000000000001,0.025985512586496503,0.0008893223411218645,0.1,11.209733552923247,0.8999999999999992
11.13,0.02662918407032676,0.0009493223468043858,0.1,11.209733552923247,0.8999999999999992
11.14,0.02719186817215265,0.0010235728317062763,0.1,11.209733552923247,0.8999999999999992
11.15,0.027654161342419607,0.0010929058262913306,0.1,11.209733552923247,0.8999999999999992
11.16,0.028025066016642175,0.0011683308747866075,0.1,11.209733552923247,0.8999999999999992
11.17,0.028405132039492968,0.0013507839451093301,0.1,11.209733552923247,0.8999999999999992
11.18,0.028669798089993027,0.0015043884381999173,0.1,11.209733552923247,0.8999999999999992
11.19,0.028831070600615398,0.0016447365372321465,0.1,11.209733552923247,0.8999999999999992
11.200000000000001,0.02893089405401235,0.001815251200431019,0.1,11.209733552923247,0.8999999999999992
11.21,0.028971679388890628,0.0020145910817065907,0.1,11.209733552923247,0.8999999999999992
11.22,0.02895739984795063,0.0022427843820206385,0.1,11.209733552923247,0.8999999999999992
11.23,0.02886075186525966,0.0024682519813420106,0.1,11.209733552923247,0.8999999999999992
11.24,0.028593112603463606,0.0026013252820482184,0.1,11.209733552923247,0.8999999999999992
11.25,0.02829453147354761,0.0027907503030485813,0.1,11.209733552923247,0.8999999999999992
11.26,0.02782722932216736,0.002890417148650976,0.1,11.209733552923247,0.8999999999999992
11.27,0.027265668748205168,0.002982532803312564,0.1,11.209733552923247,0.8999999999999992
11.28,0.0265593153966056,0.003014742062817641,0.1,11.209733552923247,0.8999999999999992
11.290000000000001,0.025745609506576676,0.0030281998989511406,0.1,11.209733552923247,0.8999999999999992
11.3,0.02484751585059502,0.0030446189561711,0.1,11.209733552923247,0.8999999999999992
11.31,0.02386829408832379,0.003063229248680307,0.1,11.209733552923247,0.8999999999999992
11.32,0.022816919337374352,0.003088737660055339,0.1,11.209733552923247,0.8999999999999992
11.33,0.021757203937624214,0.0031798528540018067,0.1,11.209733552923247,0.8999999999999992
11.34,0.020635330970054256,0.0032707863214733296,0.1,11.209733552923247,0.8999999999999992
11.35,0.019420907022343344,0.003326315077469482,0.1,11.209733552923247,0.8999999999999992
11.36,0.01817923118922621,0.0034106362719604336,0.1,11.209733552923247,0.8999999999999992
11.370000000000001,0.016926501828326987,0.003531429836167946,0.1,11.209733552923247,0.8999999999999992
11.38,0.015546821655255848,0.0035632400531763874,0.1,11.209733552923247,0.8999999999999992
11.39,0.01413701477407761,0.0036072555150066733,0.1,11.209733552923247,0.8999999999999992
11.4,0.012707865639603093,0.0036671107085347048,0.1,11.209733552923247,0.8999999999999992
11.41,0.01121509883643702,0.0036908410911938353,0.1,11.209733552923247,0.8999999999999992
11.42,0.009748334705205794,0.0037661021148777626,0.1,11.209733552923247,0.8999999999999992
11.43,0.008237049675910256,0.0038104805627590293,0.1,11.209733552923247,0.8999999999999992
11.44,0.006701036185624248,0.00384107557481059,0.1,11.209733552923247,0.8999999999999992
11.450000000000001,0.005131450487122534,0.003844392822745214,0.1,11.209733552923247,0.8999999999999992
11.46,0.0035439551721737246,0.0038329367966270624,0.1,11.209733552923247,0.8999999999999992
11.47,0.0018892426239692842,0.003752830834243032,0.1,11.209733552923247,0.8999999999999992
11.48,0.00015672381325683243,0.0035949665163476498,0.1,11.209733552923247,0.8999999999999992
11.49,-0.0014949559462984882,0.0035204891264020185,0.1,11.209733552923247,0.8999999999999992
11.5,-0.003181430243995361,0.0033981885294101237,0.1,11.209733552923247,0.8999999999999992
11.51,-0.0049032279016921945,0.003226734676012592,0.1,11.209733552923247,0.8999999999999992
11.52,-0.006711616099540282,0.0029542636530165466,0.1,11.209733552923247,0.8999999999999992
11.53,-0.00852364759825722,0.0026689973239250866,0.1,11.209733552923247,0.8999999999999992
11.540000000000001,-0.010366371543206177,0.0023393025878058185,0.1,11.209733552923247,0.8999999999999992
11.55,-0.012084227211720904,0.0021197610094400364,0.1,11.209733552923247,0.8999999999999992
11.56,-0.01370216755327096,0.0019671713720572272,0.1,11.209733552923247,0.8999999999999992
11.57,-0.01529880348246306,0.0017896656175403582,0.1,11.209733552923247,0.8999999999999992
11.58,-0.016720823730185987,0.0017377917645055266,0.1,11.209733552923247,0.8999999999999992
11.59,-0.018026322517120698,0.001734012453483293,0.1,11.209733552923247,0.8999999999999992
11.6,-0.019275592305623732,0.001707573396515402,0.1,11.209733552923247,0.8999999999999992
11.61,-0.020572486121820666,0.001552413011137034,0.1,11.209733552923247,0.8999999999999992
11.620000000000001,-0.021672318995744157,0.0015232192996393749,0.1,11.209733552923247,0.8999999999999992
11.63,-0.02275497177415502,0.0014218352670267121,0.1,11.209733552923247,0.8999999999999992
11.64,-0.023828978809307774,0.0012440343803762773,0.1,11.209733552923247,0.8999999999999992
11.65,-0.02475671027817297,0.0011325595709829567,0.1,11.209733552923247,0.8999999999999992
11.66,-0.025463790820565154,0.0011512087198571055,0.1,11.209733552923247,0.8999999999999992
11.67,-0.026000423624708995,0.0012324175507499964,0.1,11.209733552923247,0.8999999999999992
11.68,-0.026405678781871427,0.0013277719457769305,0.1,11.209733552923247,0.8999999999999992
11.69,-0.026676545525385707,0.0014368378963427076,0.1,11.209733552923247,0.8999999999999992
11.700000000000001,-0.026799155843768175,0.0015705671477913893,0.1,11.209733552923247,0.8999999999999992
11.71,-0.026777898295758468,0.0017209180561346253,0.1,11.209733552923247,0.8999999999999992
11.72,-0.026636887528949608,0.001861530336380014,0.1,11.209733552923247,0.8999999999999992
11.73,-0.026385649500755143,0.0019841007703842745,0.1,11.209733552923247,0.8999999999999992
11.74,-0.02603362599800855,0.0020818462426147794,0.1,11.209733552923247,0.8999999999999992
11.75,-0.02561687611231753,0.0021226199333972333,0.1,11.209733552923247,0.8999999999999992
11.76,-0.025113445357067426,0.002136368706934561,0.1,11.209733552923247,0.8999999999999992
11.77,-0.02459602196495329,0.002055480644511328,0.1,11.209733552923247,0.8999999999999992
11.78,-0.023986931774917168,0.0019707091127583788,0.1,11.209733552923247,0.8999999999999992
11.790000000000001,-0.023333183619462888,0.001838315412284855,0.1,11.209733552923247,0.8999999999999992
11.8,-0.022643152961328017,0.0016584582423614827,0.1,11.209733552923247,0.8999999999999992
11.81,-0.021855426041444942,0.0015013898159828127,0.1,11.209733552923247,0.8999999999999992
11.82,-0.02091260497054599,0.0014257582750263397,0.1,11.209733552923247,0.8999999999999992
11.83,-0.019842251235195604,0.0013989676220756936,0.1,11.209733552923247,0.8999999999999992
11.84,-0.018773158815714366,0.0012911589876097671,0.1,11.209733552923247,0.8999999999999992
11.85,-0.017680503435133155,0.0011409645242498173,0.1,11.209733552923247,0.8999999999999992
11.86,-0.016472102320726368,0.0010502908665105226,0.1,11.209733552923247,0.8999999999999992
11.870000000000001,-0.01524900472368697,0.0009166014060439016,0.1,11.209733552923247,0.8999999999999992
11.88,-0.013978161224091208,0.0007831816125360906,0.1,11.209733552923247,0.8999999999999992
11.89,-0.012625902394429244,0.0006892619700561256,0.1,11.209733552923247,0.8999999999999992
11.9,-0.01127356798160421,0.0005548260689620533,0.1,11.209733552923247,0.8999999999999992
11.91,-0.009872810865417815,0.0004386729198636632,0.1,11.209733552923247,0.8999999999999992
11.92,-0.008501179486066136,0.00026722329642351033,0.1,11.209733552923247,0.8999999999999992
11.93,-0.0071274268089033185,8.404083108538629e-05,0.1,11.209733552923247,0.8999999999999992
11.94,-0.005710920834509898,-6.27668687027337e-05,0.1,11.209733552923247,0.8999999999999992
11.950000000000001,-0.004352935241006434,-0.00027237290182078894,0.1,11.209733552923247,0.8999999999999992
11.96,-0.0029570991966735363,-0.00043517402906810093,0.1,11.209733552923247,0.8999999999999992
11.97,-0.0015519667186329267,-0.0005788266743439084,0.1,11.209733552923247,0.8999999999999992
11.98,-0.0001144879563268746,-0.0006763229743594096,0.1,11.209733552923247,0.8999999999999992
11.99,0.0013332010142551585,-0.0007489269798342477,0.1,11.209733552923247,0.8999999999999992
12.0,0.0028423860507261704,-0.000742155999035933,0.1,11.209733552923247,0.8999999999999992
12.01,0.004345101836942769,-0.0007269596585466799,0.1,11.209733552923247,0.8999999999999992
12.02,0.00580769085583166,-0.0007320823390346563,0.1,11.209733552923247,0.8999999999999992
12.030000000000001,0.007252004316360923,-0.0007276206376269422,0.1,11.209733552923247,0.8999999999999992
12.040000000000001,0.008693408599394487,-0.0006936261101695698,0.1,11.209733552923247,0.8999999999999992
12.05,0.010101494280152081,-0.0006582949435500603,0.1,11.209733552923247,0.8999999999999992
12.06,0.011470322358827126,-0.0006223312089073318,0.1,11.209733552923247,0.8999999999999992
12.07,0.01275739900741932,-0.0006230775960833673,0.1,11.209733552923247,0.8999999999999992
12.08,0.013959679340929341,-0.0006544248029822575,0.1,11.209733552923247,0.8999999999999992
12.09,0.015035516525451455,-0.0007497734223283061,0.1,11.209733552923247,0.8999999999999992
12.1,0.016138398869919496,-0.0007438995428930461,0.1,11.209733552923247,0.8999999999999992
12.11,0.017114273325268266,-0.000797946347659696,0.1,11.209733552923247,0.8999999999999992
12.120000000000001,0.01798696220333889,-0.0008773756967892863,0.1,11.209733552923247,0.8999999999999992
12.13,0.01875184834872326,-0.0009802784210325827,0.1,11.209733552923247,0.8999999999999992
12.14,0.01948668649681302,-0.0010229269184106344,0.1,11.209733552923247,0.8999999999999992
12.15,0.02012911196811545,-0.001071461114679129,0.1,11.209733552923247,0.8999999999999992
12.16,0.020753815568752054,-0.001047889160100704,0.1,11.209733552923247,0.8999999999999992
12.17,0.021262287154785127,-0.0010565207614039549,0.1,11.209733552923247,0.8999999999999992
12.18,0.02170025983219132,-0.0010460554667046295,0.1,11.209733552923247,0.8999999999999992
12.19,0.022010357992279284,-0.0010744114601591252,0.1,11.209733552923247,0.8999999999999992
12.200000000000001,0.02234051010015177,-0.0009880614034886567,0.1,11.209733552923247,0.8999999999999992
12.21,0.02252275533624209,-0.0009669565190313248,0.1,11.209733552923247,0.8999999999999992
12.22,0.022631393088531182,-0.0009289301139350606,0.1,11.209733552923247,0.8999999999999992
12.23,0.022682265888382847,-0.000859848280792015,0.1,11.209733552923247,0.8999999999999992
12.24,0.02266423177381177,-0.0007744949190877985,0.1,11.209733552923247,0.8999999999999992
12.25,0.022547476509746534,-0.000705001594729857,0.1,11.209733552923247,0.8999999999999992
12.26,0.022335333096601066,-0.0006470755804436903,0.1,11.209733552923247,0.8999999999999992
12.27,0.022037416039735698,-0.000590955718433528,0.1,11.209733552923247,0.8999999999999992
12.280000000000001,0.021645446568512004,-0.0005461999637046076,0.1,11.209733552923247,0.8999999999999992
12.290000000000001,0.02121661022471283,-0.00045615569871912084,0.1,11.209733552923247,0.8999999999999992
12.3,0.02081496904747701,-0.00026396821958694916,0.1,11.209733552923247,0.8999999999999992
12.31,0.020303680718120228,-0.00012034911675638449,0.1,11.209733552923247,0.8999999999999992
12.32,0.0196442578094843,-6.098798149704703e-05,0.1,11.209733552923247,0.8999999999999992
12.33,0.018903527800006398,-1.2513763986855028e-05,0.1,11.209733552923247,0.8999999999999992
12.34,0.018217895850952265,0.00015951301792383328,0.1,11.209733552923247,0.8999999999999992
12.35,0.01742084443542104,0.00027127056860877497,0.1,11.209733552923247,0.8999999999999992
12.36,0.01663777117441334,0.00045127354507904914,0.1,11.209733552923247,0.8999999999999992
12.370000000000001,0.015873682739527547,0.0006930221486803833,0.1,11.209733552923247,0.8999999999999992
12.38,0.015020012193380226,0.0008770142754816268,0.1,11.209733552923247,0.8999999999999992
12.39,0.014136347840359036,0.0010651842233613121,0.1,11.209733552923247,0.8999999999999992
12.4,0.013279178918503078,0.0013092873039060144,0.1,11.209733552923247,0.8999999999999992
12.41,0.012351486681440838,0.0015016577303024903,0.1,11.209733552923247,0.8999999999999992
12.42,0.011365781403686083,0.001656164248936215,0.1,11.209733552923247,0.8999999999999992
12.43,0.010307107479046196,0.0017575741719090445,0.1,11.209733552923247,0.8999999999999992
12.44,0.009158063562461228,0.001789838441549853,0.1,11.209733552923247,0.8999999999999992
12.450000000000001,0.007941550226762933,0.0017789238320642055,0.1,11.209733552923247,0.8999999999999992
12.46,0.006633704407434412,0.0017010237126987564,0.1,11.209733552923247,0.8999999999999992
12.47,0.005302681792052125,0.0016269226902354266,0.1,11.209733552923247,0.8999999999999992
12.48,0.003913557389111323,0.001516280801082247,0.1,11.209733552923247,0.8999999999999992
12.49,0.0025220613008704027,0.0014238554737126907,0.1,11.209733552923247,0.8999999999999992
12.5,0.0010442052274815873,0.001258467266193919,0.1,11.209733552923247,0.8999999999999992
12.51,-0.00041975133522663367,0.0011233598062565771,0.1,11.209733552923247,0.8999999999999992
12.52,-0.0018389103814414939,0.0010407742413735827,0.1,11.209733552923247,0.8999999999999992
12.530000000000001,-0.003349077323541158,0.0008637332896901783,0.1,11.209733552923247,0.8999999999999992
12.540000000000001,-0.0048258096428895406,0.0007220081440631877,0.1,11.209733552923247,0.8999999999999992
12.55,-0.006220630247458796,0.0006548448105052594,0.1,11.209733552923247,0.8999999999999992
12.56,-0.007649980018490895,0.0005322101963939163,0.1,11.209733552923247,0.8999999999999992
12.57,-0.00896407090982658,0.0005049727680854533,0.1,11.209733552923247,0.8999999999999992
12.58,-0.010220508026321306,0.0004997732182319177,0.1,11.209733552923247,0.8999999999999992
12.59,-0.011470590350088277,0.00045793810524316457,0.1,11.209733552923247,0.8999999999999992
12.6,-0.012676926969813438,0.0004162381110065447,0.1,11.209733552923247,0.8999999999999992
12.61,-0.013804094405607363,0.0004055273784388405,0.1,11.209733552923247,0.8999999999999992
12.620000000000001,-0.01487183802403542,0.00039822731283712954,0.1,11.209733552923247,0.8999999999999992
12.63,-0.015852864436017005,0.0004171185264107146,0.1,11.209733552923247,0.8999999999999992
12.64,-0.016816358900997544,0.0003861927964726296,0.1,11.209733552923247,0.8999999999999992
12.65,-0.017704033506383464,0.0003657080973421484,0.1,11.209733552923247,0.8999999999999992
12.66,-0.018591613439204593,0.00027541068055837676,0.1,11.209733552923247,0.8999999999999992
12.67,-0.019410470347231167,0.0001886770801646089,0.1,11.209733552923247,0.8999999999999992
12.68,-0.020197074314996455,6.581256954668293e-05,0.1,11.209733552923247,0.8999999999999992
12.69,-0.020939933322504097,-8.019260702915883e-05,0.1,11.209733552923247,0.8999999999999992
12.700000000000001,-0.02153757726901239,-0.000147563740677368,0.1,11.209733552923247,0.8999999999999992
12.71,-0.021995031118583242,-0.00015216731429089518,0.1,11.209733552923247,0.8999999999999992
12.72,-0.022334737705887137,-0.00012519259747152998,0.1,11.209733552923247,0.8999999999999992
12.73,-0.02264054621461368,-0.00015539004692032398,0.1,11.209733552923247,0.8999999999999992
12.74,-0.022872488043491106,-0.00019737921246503265,0.1,11.209733552923247,0.8999999999999992
12.75,-0.022953246082077536,-0.00017318540836896838,0.1,11.209733552923247,0.8999999999999992
12.76,-0.022936221733523,-0.00014395830478303284,0.1,11.209733552923247,0.8999999999999992
12.77,-0.022712699358331718,-1.5019071314347724e-06,0.1,11.209733552923247,0.8999999999999992
12.780000000000001,-0.022380068470526863,0.00014451487277808713,0.1,11.209733552923247,0.8999999999999992
12.790000000000001,-0.021949814788875956,0.00028304947791202794,0.1,11.209733552923247,0.8999999999999992
12.8,-0.02144879278865947,0.00038934293056742996,0.1,11.209733552923247,0.8999999999999992
12.81,-0.02085691832532208,0.000488754857901993,0.1,11.209733552923247,0.8999999999999992
12.82,-0.020190919415108356,0.0005673705424775228,0.1,11.209733552923247,0.8999999999999992
12.83,-0.019410470515121854,0.0006702605473099493,0.1,11.209733552923247,0.8999999999999992
12.84,-0.018506337482106307,0.000806703000003925,0.1,11.209733552923247,0.8999999999999992
12.85,-0.017569347963204595,0.0008852299660280569,0.1,11.209733552923247,0.8999999999999992
12.86,-0.016630496075906907,0.0008848193459223013,0.1,11.209733552923247,0.8999999999999992
12.870000000000001,-0.015718738742246455,0.0007891517704369831,0.1,11.209733552923247,0.8999999999999992
12.88,-0.014720438506346016,0.0007265880628665703,0.1,11.209733552923247,0.8999999999999992
12.89,-0.013720190939122892,0.0006130633589172889,0.1,11.209733552923247,0.8999999999999992
12.9,-0.012774423006363994,0.0004023131897236652,0.1,11.209733552923247,0.8999999999999992
12.91,-0.011759740510701312,0.00023323896454355842,0.1,11.209733552923247,0.8999999999999992
12.92,-0.01057499712698262,0.00020701576908524485,0.1,11.209733552923247,0.8999999999999992
12.93,-0.00934999361695025,0.0001826375360870707,0.1,11.209733552923247,0.8999999999999992
12.94,-0.008047378276444528,0.00020221993091649532,0.1,11.209733552923247,0.8999999999999992
12.950000000000001,-0.006710204307330161,0.00022288074470674428,0.1,11.209733552923247,0.8999999999999992
12.96,-0.005352821170058933,0.000235380494936343,0.1,11.209733552923247,0.8999999999999992
12.97,-0.003929709500824283,0.0002914911359220799,0.1,11.209733552923247,0.8999999999999992
12.98,-0.0025070207991945656,0.00032559132482887004,0.1,11.209733552923247,0.8999999999999992
12.99,-0.0010624878491575414,0.00036791910590385884,0.1,11.209733552923247,0.8999999999999992
13.0,0.0004008799921401062,0.00042009213161945297,0.1,11.209733552923247,0.8999999999999992
13.01,0.0018277973321404097,0.0004313015471975251,0.1,11.209733552923247,0.8999999999999992
13.02,0.0032956740176401022,0.0004891426149583367,0.1,11.209733552923247,0.8999999999999992
13.030000000000001,0.004740324039103902,0.000529762966594323,0.1,11.209733552923247,0.8999999999999992
13.040000000000001,0.006127028103372024,0.000525910586354723,0.1,11.209733552923247,0.8999999999999992
13.05,0.007514982418340543,0.000547243180459121,0.1,11.209733552923247,0.8999999999999992
13.06,0.008826957418484476,0.000519079286439903,0.1,11.209733552923247,0.8999999999999992
13.07,0.010104182070382441,0.000493460468776858,0.1,11.209733552923247,0.8999999999999992
13.08,0.011339783835863796,0.0004683350174529409,0.1,11.209733552923247,0.8999999999999992
13.09,0.01258367710568971,0.0004984970534795321,0.1,11.209733552923247,0.8999999999999992
13.1,0.013800383027912116,0.000547014767756196,0.1,11.209733552923247,0.8999999999999992
13.11,0.014960139167847442,0.0005866343821412205,0.1,11.209733552923247,0.8999999999999992
13.120000000000001,0.01610056360445409,0.000660345498952693,0.1,11.209733552923247,0.8999999999999992
13.13,0.01724579551671078,0.0007926235227676883,0.1,11.209733552923247,0.8999999999999992
13.14,0.01834968904064,0.0009347026176142424,0.1,11.209733552923247,0.8999999999999992
13.15,0.01938055463335181,0.001057540518364009,0.1,11.209733552923247,0.8999999999999992
13.16,0.020268286185931447,0.0010967189655977146,0.1,11.209733552923247,0.8999999999999992
13.17,0.021021858337187456,0.0010738810787534981,0.1,11.209733552923247,0.8999999999999992
13.18,0.02167642471084896,0.0010341253482743025,0.1,11.209733552923247,0.8999999999999992
13.19,0.022214285813338407,0.0009643077116409155,0.1,11.209733552923247,0.8999999999999992
13.200000000000001,0.022654562004363943,0.0008892307642805143,0.1,11.209733552923247,0.8999999999999992
13.21,0.023007793789498097,0.0008219667735252074,0.1,11.209733552923247,0.8999999999999992
13.22,0.02329632585142728,0.0007855498038650116,0.1,11.209733552923247,0.8999999999999992
13.23,0.023489074234330595,0.000746625331217878,0.1,11.209733552923247,0.8999999999999992
13.24,0.02361322380286605,0.0007334806362433447,0.1,11.209733552923247,0.8999999999999992
13.25,0.023647251671546007,0.0007221506265010491,0.1,11.209733552923247,0.8999999999999992
13.26,0.02348911657637113,0.0006104777459538082,0.1,11.209733552923247,0.8999999999999992
13.27,0.023191441531264546,0.0004620579314171036,0.1,11.209733552923247,0.8999999999999992
13.280000000000001,0.02279530364205516,0.00032139549306077334,0.1,11.209733552923247,0.8999999999999992
13.290000000000001,0.022249084901933006,0.00013488804600041246,0.1,11.209733552923247,0.8999999999999992
13.3,0.021645572950543455,-1.0619859022359987e-06,0.1,11.209733552923247,0.8999999999999992
13.31,0.021033748755899764,-4.509469726210206e-05,0.1,11.209733552923247,0.8999999999999992
13.32,0.020400436566318528,-2.3031306977148125e-05,0.1,11.209733552923247,0.8999999999999992
13.33,0.01967654784997273,-1.4044446937192635e-05,0.1,11.209733552923247,0.8999999999999992
13.34,0.01895023943188244,6.851777527408825e-05,0.1,11.209733552923247,0.8999999999999992
13.35,0.018157278148470905,0.00014890530566344726,0.1,11.209733552923247,0.8999999999999992
13.36,0.017276573466856498,0.00020275906741604397,0.1,11.209733552923247,0.8999999999999992
13.370000000000001,0.016297874178536967,0.00021905151831549686,0.1,11.209733552923247,0.8999999999999992
13.38,0.015240688676892994,0.00021751307137288158,0.1,11.209733552923247,0.8999999999999992
13.39,0.014104983692607164,0.00019588107056666123,0.1,11.209733552923247,0.8999999999999992
13.4,0.012923250980772455,0.00018444309506210308,0.1,11.209733552923247,0.8999999999999992
13.41,0.011699709750799588,0.00018159927101034213,0.1,11.209733552923247,0.8999999999999992
13.42,0.010431355760325181,0.0001785124517034607,0.1,11.209733552923247,0.8999999999999992
13.43,0.009144935690439993,0.00019691691301117255,0.1,11.209733552923247,0.8999999999999992
13.44,0.007883231595348789,0.0002719947957099268,0.1,11.209733552923247,0.8999999999999992
13.450000000000001,0.006639145160225437,0.00038498548427721703,0.1,11.209733552923247,0.8999999999999992
13.46,0.005295847618597581,0.00040943246683344705,0.1,11.209733552923247,0.8999999999999992
13.47,0.0038052901493806517,0.00030180212946509673,0.1,11.209733552923247,0.8999999999999992
13.48,0.0023479165498326033,0.0002518690249870922,0.1,11.209733552923247,0.8999999999999992
13.49,0.0008143871859578845,0.0001382449476044774,0.1,11.209733552923247,0.8999999999999992
13.5,-0.000732061990389482,2.568741135384728e-05,0.1,11.209733552923247,0.8999999999999992
13.51,-0.002332580303966582,-0.0001327472285913298,0.1,11.209733552923247,0.8999999999999992
13.52,-0.0040123884631755365,-0.0003628382897295601,0.1,11.209733552923247,0.8999999999999992
13.530000000000001,-0.005647603403081028,-0.000538401100361244,0.1,11.209733552923247,0.8999999999999992
13.540000000000001,-0.007220929525470419,-0.0006540249445294582,0.1,11.209733552923247,0.8999999999999992
13.55,-0.008793000754643942,-0.0007828155730465561,0.1,11.209733552923247,0.8999999999999992
13.56,-0.01045833865161681,-0.0010235020072344879,0.1,11.209733552923247,0.8999999999999992
13.57,-0.012108035567031697,-0.0012602390454643066,0.1,11.209733552923247,0.8999999999999992
13.58,-0.013688691976812674,-0.0014456363308473078,0.1,11.209733552923247,0.8999999999999992
13.59,-0.015287672518790771,-0.0016783041122005232,0.1,11.209733552923247,0.8999999999999992
13.6,-0.016815532772248384,-0.001868864112369378,0.1,11.209733552923247,0.8999999999999992
13.61,-0.018276245595408934,-0.0020312597969319433,0.1,11.209733552923247,0.8999999999999992
13.620000000000001,-0.019634381405180732,-0.0021383052950363604,0.1,11.209733552923247,0.8999999999999992
13.63,-0.020907666629870356,-0.0022188235231637553,0.1,11.209733552923247,0.8999999999999992
13.64,-0.022145791856944697,-0.002330129237108702,0.1,11.209733552923247,0.8999999999999992
13.65,-0.023235422301797974,-0.002359819014784601,0.1,11.209733552923247,0.8999999999999992
13.66,-0.024240159824373348,-0.0023847612443106125,0.1,11.209733552923247,0.8999999999999992
13.67,-0.025149561521167346,-0.002398833141081612,0.1,11.209733552923247,0.8999999999999992
13.68,-0.026005430724988298,-0.0024485067281249497,0.1,11.209733552923247,0.8999999999999992
13.69,-0.026779942846750778,-0.002505060160275082,0.1,11.209733552923247,0.8999999999999992
13.700000000000001,-0.027492197615380354,-0.0025895681045222086,0.1,11.209733552923247,0.8999999999999992
13.71,-0.028103852586405322,-0.002662942523335578,0.1,11.209733552923247,0.8999999999999992
13.72,-0.028518360915582405,-0.002631920191178768,0.1,11.209733552923247,0.8999999999999992
13.73,-0.028888463817415163,-0.0026626110548364943,0.1,11.209733552923247,0.8999999999999992
13.74,-0.029224827602386698,-0.0027599973663691964,0.1,11.209733552923247,0.8999999999999992
13.75,-0.029371921512348343,-0.0027619149963142046,0.1,11.209733552923247,0.8999999999999992
13.76,-0.02941337881392693,-0.0027631783279182718,0.1,11.209733552923247,0.8999999999999992
13.77,-0.0293721289299398,-0.002786843826222538,0.1,11.209733552923247,0.8999999999999992
13.780000000000001,-0.029162968544284334,-0.0027448355669178427,0.1,11.209733552923247,0.8999999999999992
13.790000000000001,-0.028869167310923965,-0.002727022930320965,0.1,11.209733552923247,0.8999999999999992
13.8,-0.02837038848882054,-0.002609158514778611,0.1,11.209733552923247,0.8999999999999992
13.81,-0.027726210347536303,-0.0024604274120766044,0.1,11.209733552923247,0.8999999999999992
13.82,-0.026997613263732005,-0.0023431995931218878,0.1,11.209733552923247,0.8999999999999992
13.83,-0.02605529706127358,-0.002122113936270815,0.1,11.209733552923247,0.8999999999999992
13.84,-0.025041346731348727,-0.001947940454265483,0.1,11.209733552923247,0.8999999999999992
13.85,-0.023892446308789762,-0.0017486705997221462,0.1,11.209733552923247,0.8999999999999992
13.86,-0.022635406560336226,-0.0015500695309398045,0.1,11.209733552923247,0.8999999999999992
13.870000000000001,-0.021225175783877864,-0.0013027232201742404,0.1,11.209733552923247,0.8999999999999992
13.88,-0.019654486043027435,-0.0010001326131420113,0.1,11.209733552923247,0.8999999999999992
13.89,-0.018006173983684003,-0.0007262156247718762,0.1,11.209733552923247,0.8999999999999992
13.9,-0.016326095604318764,-0.0005180818270893489,0.1,11.209733552923247,0.8999999999999992
13.91,-0.01456024585417434,-0.0003084434951390338,0.1,11.209733552923247,0.8999999999999992
13.92,-0.012772566175642344,-0.0001551827823338528,0.1,11.209733552923247,0.8999999999999992
13.93,-0.01083558074427642,8.202655165668067e-05,0.1,11.209733552923247,0.8999999999999992
13.94,-0.008850928373626896,0.0002989110807182631,0.1,11.209733552923247,0.8999999999999992
13.950000000000001,-0.006851584668261598,0.0004718204162127462,0.1,11.209733552923247,0.8999999999999992
13.96,-0.0048179573192298954,0.0006325455095253676,0.1,11.209733552923247,0.8999999999999992
13.97,-0.0028346993789188563,0.0007052395189772792,0.1,11.209733552923247,0.8999999999999992
13.98,-0.0008908144538872836,0.000718347153701582,0.1,11.209733552923247,0.8999999999999992
13.99,0.0011146640761183345,0.0007871571243688238,0.1,11.209733552923247,0.8999999999999992
14.0,0.00308089189625682,0.0008122325849795783,0.1,11.209733552923247,0.8999999999999992
14.01,0.004980645065753639,0.0007789199629558223,0.1,11.209733552923247,0.8999999999999992
14.02,0.006885668321122836,0.0007731324945910157,0.1,11.209733552923247,0.8999999999999992
14.030000000000001,0.008820888232023174,0.000824232576462382,0.1,11.209733552923247,0.8999999999999992
14.040000000000001,0.010755297117619349,0.0009022471009763548,0.1,11.209733552923247,0.8999999999999992
14.05,0.012695113767513385,0.0010176788461420416,0.1,11.209733552923247,0.8999999999999992
14.06,0.014545032546044183,0.001078198179018015,0.1,11.209733552923247,0.8999999999999992
14.07,0.01626458938556719,0.001056525847463464,0.1,11.209733552923247,0.8999999999999992
14.08,0.01799328332565576,0.0011082002845986172,0.1,11.209733552923247,0.8999999999999992
14.09,0.019633079944541765,0.0011335214892742398,0.1,11.209733552923247,0.8999999999999992
14.1,0.021181186823095093,0.0011389623188741986,0.1,11.209733552923247,0.8999999999999992
14.11,0.022710535327986517,0.001205701069229772,0.1,11.209733552923247,0.8999999999999992
14.120000000000001,0.024176508385073403,0.0012879434281819052,0.1,11.209733552923247,0.8999999999999992
14.13,0.025568364828283167,0.0013785941872221385,0.1,11.209733552923247,0.8999999999999992
14.14,0.026966139673879622,0.0015618002324932635,0.1,11.209733552923247,0.8999999999999992
14.15,0.02822388278078919,0.001685944510493074,0.1,11.209733552923247,0.8999999999999992
14.16,0.029415336727912265,0.0018357845656896655,0.1,11.209733552923247,0.8999999999999992
14.17,0.03049232278260134,0.0019642813791612306,0.1,11.209733552923247,0.8999999999999992
14.18,0.03146128259992505,0.002083920487290429,0.1,11.209733552923247,0.8999999999999992
14.19,0.03238149271346721,0.002258225164060595,0.1,11.209733552923247,0.8999999999999992
14.200000000000001,0.033198337395510834,0.0024292931185251067,0.1,11.209733552923247,0.8999999999999992
14.21,0.03391021825407786,0.0025983380822760752,0.1,11.209733552923247,0.8999999999999992
14.22,0.034541140422922875,0.0027916320503187236,0.1,11.209733552923247,0.8999999999999992
14.23,0.035016821076507214,0.0029337964275367124,0.1,11.209733552923247,0.8999999999999992
14.24,0.035311824697507474,0.0030063397450639773,0.1,11.209733552923247,0.8999999999999992
14.25,0.03541488735900768,0.0030065695933757844,0.1,11.209733552923247,0.8999999999999992
14.26,0.035279716757120556,0.002896586155990765,0.1,11.209733552923247,0.8999999999999992
14.27,0.035108212943222236,0.002890416645034033,0.1,11.209733552923247,0.8999999999999992
14.280000000000001,0.03474311854566021,0.0028183735635056175,0.1,11.209733552923247,0.8999999999999992
14.290000000000001,0.03423016622703413,0.002732289188511577,0.1,11.209733552923247,0.8999999999999992
14.3,0.03356875091603448,0.002631313416605623,0.1,11.209733552923247,0.8999999999999992
14.31,0.032790843238524305,0.002546740061354824,0.1,11.209733552923247,0.8999999999999992
14.32,0.03192504726902166,0.0025024644610994315,0.1,11.209733552923247,0.8999999999999992
14.33,0.03097710573509397,0.0024963406539763337,0.1,11.209733552923247,0.8999999999999992
14.34,0.029878665559133325,0.0024519004033116652,0.1,11.209733552923247,0.8999999999999992
14.35,0.02865501149401888,0.002394450426093478,0.1,11.209733552923247,0.8999999999999992
14.36,0.027333584629472107,0.002348173974363873,0.1,11.209733552923247,0.8999999999999992
14.370000000000001,0.025893135968618072,0.002285426490436694,0.1,11.209733552923247,0.8999999999999992
14.38,0.02443227303174034,0.0023011203564144898,0.1,11.209733552923247,0.8999999999999992
14.39,0.022900964957604325,0.0023305035765091146,0.1,11.209733552923247,0.8999999999999992
14.4,0.02131752269503103,0.0023841070626620716,0.1,11.209733552923247,0.8999999999999992
14.41,0.0196846497318292,0.0024553801233660947,0.1,11.209733552923247,0.8999999999999992
14.42,0.01803437145221397,0.0025675726314949776,0.1,11.209733552923247,0.8999999999999992
14.43,0.016323597684071284,0.0026659911733657596,0.1,11.209733552923247,0.8999999999999992
14.44,0.014485250111681218,0.002677912331699325,0.1,11.209733552923247,0.8999999999999992
14.450000000000001,0.012611539809149922,0.0026978976622427054,0.1,11.209733552923247,0.8999999999999992
14.46,0.010657347008709607,0.0026724039874059836,0.1,11.209733552923247,0.8999999999999992
14.47,0.008636604047405804,0.0026128125171164195,0.1,11.209733552923247,0.8999999999999992
14.48,0.006613104083874364,0.002578963913907368,0.1,11.209733552923247,0.8999999999999992
14.49,0.0046274342854097095,0.0026006763096663474,0.1,11.209733552923247,0.8999999999999992
14.5,0.0026265453572647097,0.002610729611613157,0.1,11.209733552923247,0.8999999999999992
14.51,0.0006327297832307149,0.002624780815140527,0.1,11.209733552923247,0.8999999999999992
14.52,-0.0012764791450587934,0.002711991392905732,0.1,11.209733552923247,0.8999999999999992
14.530000000000001,-0.0031667018677703955,0.0027906698327953,0.1,11.209733552923247,0.8999999999999992
14.540000000000001,-0.004912448574173832,0.0029795169835732833,0.1,11.209733552923247,0.8999999999999992
14.55,-0.006608780481962172,0.0031635188454838888,0.1,11.209733552923247,0.8999999999999992
14.56,-0.008365363776228272,0.0032261833773140694,0.1,11.209733552923247,0.8999999999999992
14.57,-0.010049498273687847,0.003306691337153512,0.1,11.209733552923247,0.8999999999999992
14.58,-0.011673216888449533,0.0033840976863406726,0.1,11.209733552923247,0.8999999999999992
14.59,-0.013184740133781474,0.0035038773392183273,0.1,11.209733552923247,0.8999999999999992
14.6,-0.01460904152060395,0.0036299365467851903,0.1,11.209733552923247,0.8999999999999992
14.61,-0.015981167221043813,0.0037204855795709957,0.1,11.209733552923247,0.8999999999999992
14.620000000000001,-0.01735004458826196,0.0037248909578593797,0.1,11.209733552923247,0.8999999999999992
14.63,-0.018659509010406226,0.003703641656660541,0.1,11.209733552923247,0.8999999999999992
14.64,-0.019936525201938306,0.0036276481809008306,0.1,11.209733552923247,0.8999999999999992
14.65,-0.0211625843030189,0.0035169018112961832,0.1,11.209733552923247,0.8999999999999992
14.66,-0.02227444189070718,0.0034342253093964004,0.1,11.209733552923247,0.8999999999999992
14.67,-0.02321375642370367,0.00343083674669875,0.1,11.209733552923247,0.8999999999999992
14.68,-0.024040753828649935,0.0034340205973227723,0.1,11.209733552923247,0.8999999999999992
14.69,-0.024831809297375912,0.0033634932399024277,0.1,11.209733552923247,0.8999999999999992
14.700000000000001,-0.0255018115234908,0.003309893933025819,0.1,11.209733552923247,0.8999999999999992
14.71,-0.02601063505654809,0.0033091212017840386,0.1,11.209733552923247,0.8999999999999992
14.72,-0.026446753039996596,0.0032648828323000685,0.1,11.209733552923247,0.8999999999999992
14.73,-0.02678472816771607,0.003206057605410963,0.1,11.209733552923247,0.8999999999999992
14.74,-0.027015889042168936,0.003141962756580374,0.1,11.209733552923247,0.8999999999999992
14.75,-0.027179409216445488,0.0030334679769394,0.1,11.209733552923247,0.8999999999999992
14.76,-0.027203051842126916,0.002957682037928538,0.1,11.209733552923247,0.8999999999999992
14.77,-0.027125324888539405,0.0028727434185965716,0.1,11.209733552923247,0.8999999999999992
14.780000000000001,-0.026919612549349766,0.0028070466165549812,0.1,11.209733552923247,0.8999999999999992
14.790000000000001,-0.02665220616079235,0.0026933235630306556,0.1,11.209733552923247,0.8999999999999992
14.8,-0.026301721401150342,0.002559956553595511,0.1,11.209733552923247,0.8999999999999992
14.81,-0.02581163302425778,0.002467685762079186,0.1,11.209733552923247,0.8999999999999992
14.82,-0.02523877615058849,0.0023574668607227738,0.1,11.209733552923247,0.8999999999999992
14.83,-0.024480505246761618,0.0023367547098747964,0.1,11.209733552923247,0.8999999999999992
14.84,-0.02364632926218957,0.002289178100992536,0.1,11.209733552923247,0.8999999999999992
14.85,-0.022708401251172215,0.0022491792031917967,0.1,11.209733552923247,0.8999999999999992
14.86,-0.021635132451800113,0.0022514542121650173,0.1,11.209733552923247,0.8999999999999992
14.870000000000001,-0.02054844312848826,0.0021736652520779162,0.1,11.209733552923247,0.8999999999999992
14.88,-0.019469758933204174,0.002008052289055856,0.1,11.209733552923247,0.8999999999999992
14.89,-0.018391572710461757,0.0017769594224683136,0.1,11.209733552923247,0.8999999999999992
14.9,-0.017178728449984273,0.0016281165939083739,0.1,11.209733552923247,0.8999999999999992
14.91,-0.015926871039495853,0.0014620870386962855,0.1,11.209733552923247,0.8999999999999992
14.92,-0.014485478755531713,0.0014369728598124434,0.1,11.209733552923247,0.8999999999999992
14.93,-0.013016553865833414,0.0013808137062469186,0.1,11.209733552923247,0.8999999999999992
14.94,-0.011488483040936463,0.0013347823344621798,0.1,11.209733552923247,0.8999999999999992
14.950000000000001,-0.009839480076122948,0.0013657929763643626,0.1,11.209733552923247,0.8999999999999992
14.96,-0.008052976759520797,0.0014882091071541125,0.1,11.209733552923247,0.8999999999999992
14.97,-0.006133392889456373,0.0016939802644960796,0.1,11.209733552923247,0.8999999999999992
14.98,-0.004131096627150201,0.0019302099977140295,0.1,11.209733552923247,0.8999999999999992
14.99,-0.0020632906190347026,0.0021833057401874348,0.1,11.209733552923247,0.8999999999999992
15.0,4.021947540247973e-05,0.0024287840304364535,0.1,11.209733552923247,0.8999999999999992
15.01,0.0021803853334289797,0.002675828978913932,0.1,11.209733552923247,0.8999999999999992
15.02,0.004282243923507874,0.002856810766759484,0.1,11.209733552923247,0.8999999999999992
15.030000000000001,0.006324185089435977,0.002965135815602596,0.1,11.209733552923247,0.8999999999999992
15.040000000000001,0.008338948709330805,0.0030493349801817313,0.1,11.209733552923247,0.8999999999999992
15.05,0.010310267484526663,0.0031034639204906133,0.1,11.209733552923247,0.8999999999999992
15.06,0.012216250233944285,0.0031165576349418576,0.1,11.209733552923247,0.8999999999999992
15.07,0.014106918550155827,0.0031506861811692933,0.1,11.209733552923247,0.8999999999999992
15.08,0.015987769576316313,0.003216281729701397,0.1,11.209733552923247,0.8999999999999992
15.09,0.017808042911375624,0.003266181569460692,0.1,11.209733552923247,0.8999999999999992
15.1,0.019630069141675477,0.003371420006355556,0.1,11.209733552923247,0.8999999999999992
15.11,0.02131569248332061,0.003394361968042615,0.1,11.209733552923247,0.8999999999999992
15.120000000000001,0.022905796247721853,0.003391625878099595,0.1,11.209733552923247,0.8999999999999992
15.13,0.024368040333345765,0.003339968514331422,0.1,11.209733552923247,0.8999999999999992
15.14,0.025639294176782436,0.003187640962732823,0.1,11.209733552923247,0.8999999999999992
15.15,0.026803922855824336,0.0030358229149456298,0.1,11.209733552923247,0.8999999999999992
15.16,0.027855481884774307,0.0028831027599483436,0.1,11.209733552923247,0.8999999999999992
15.17,0.028871692807215663,0.002811945301249617,0.1,11.209733552923247,0.8999999999999992
15.18,0.029804447228403516,0.002769275030672152,0.1,11.209733552923247,0.8999999999999992
15.19,0.030567396312538728,0.0026692886531746304,0.1,11.209733552923247,0.8999999999999992
15.200000000000001,0.031301611832236086,0.0026627771676623474,0.1,11.209733552923247,0.8999999999999992
15.21,0.03197257101082976,0.0027075415756868766,0.1,11.209733552923247,0.8999999999999992
15.22,0.03254574146439322,0.002765659187910106,0.1,11.209733552923247,0.8999999999999992
15.23,0.03297852910528315,0.0027949612632639114,0.1,11.209733552923247,0.8999999999999992
15.24,0.033232717982296434,0.002761943325339637,0.1,11.209733552923247,0.8999999999999992
15.25,0.03333684481976586,0.002703145574215982,0.1,11.209733552923247,0.8999999999999992
15.26,0.03336369637324238,0.0026947635320823064,0.1,11.209733552923247,0.8999999999999992
15.27,0.03335303579663738,0.0027709202918705196,0.1,11.209733552923247,0.8999999999999992
15.280000000000001,0.03328787554946731,0.0029046869466146704,0.1,11.209733552923247,0.8999999999999992
15.290000000000001,0.03306692272624473,0.0029874152336064473,0.1,11.209733552923247,0.8999999999999992
15.3,0.03265966700575315,0.0029930124574871126,0.1,11.209733552923247,0.8999999999999992
15.31,0.032130927656040385,0.0029932050230369023,0.1,11.209733552923247,0.8999999999999992
15.32,0.031387447259397135,0.002893137141870462,0.1,11.209733552923247,0.8999999999999992
15.33,0.03053695605381564,0.002809123409517897,0.1,11.209733552923247,0.8999999999999992
15.34,0.02955938013977895,0.002716141302421028,0.1,11.209733552923247,0.8999999999999992
15.35,0.02844278422123447,0.002599650502734354,0.1,11.209733552923247,0.8999999999999992
15.36,0.027135282133913544,0.0024063363399253403,0.1,11.209733552923247,0.8999999999999992
15.370000000000001,0.025747641754018953,0.0022510656640861645,0.1,11.209733552923247,0.8999999999999992
15.38,0.024233106357171907,0.002077833794952965,0.1,11.209733552923247,0.8999999999999992
15.39,0.02256592118467427,0.0018574951878350043,0.1,11.209733552923247,0.8999999999999992
15.4,0.02066770340066949,0.0015111300823598816,0.1,11.209733552923247,0.8999999999999992
15.41,0.01868841526661872,0.001196596499737174,0.1,11.209733552923247,0.8999999999999992
15.42,0.016725940094309565,0.0010015244334449919,0.1,11.209733552923247,0.8999999999999992
15.43,0.014782458993113251,0.00090762359883158,0.1,11.209733552923247,0.8999999999999992
15.44,0.012759707751253879,0.0007979047312413782,0.1,11.209733552923247,0.8999999999999992
15.450000000000001,0.01065849535050692,0.00066733417059598,0.1,11.209733552923247,0.8999999999999992
15.46,0.00854074482191632,0.0005723349755550409,0.1,11.209733552923247,0.8999999999999992
15.47,0.006341475262821707,0.00043590117647378517,0.1,11.209733552923247,0.8999999999999992
15.48,0.004134459427411825,0.0003282664026678172,0.1,11.209733552923247,0.8999999999999992
15.49,0.0019516324301722234,0.0002698129050958303,0.1,11.209733552923247,0.8999999999999992
15.5,-0.00017536981488477758,0.0002782518248915731,0.1,11.209733552923247,0.8999999999999992
15.51,-0.002304560429241997,0.0002796301273454505,0.1,11.209733552923247,0.8999999999999992
15.52,-0.0044327075005916984,0.0002695649244611823,0.1,11.209733552923247,0.8999999999999992
15.530000000000001,-0.006585125926425246,0.0002156747402009214,0.1,11.209733552923247,0.8999999999999992
15.540000000000001,-0.008750738916404883,0.00012568392474364605,0.1,11.209733552923247,0.8999999999999992
15.55,-0.010890963705460764,3.405070589489664e-05,0.1,11.209733552923247,0.8999999999999992
15.56,-0.012967684193058972,-2.8985191513987457e-05,0.1,11.209733552923247,0.8999999999999992
15.57,-0.014945454363664418,-3.90982366220771e-05,0.1,11.209733552923247,0.8999999999999992
15.58,-0.016902403422767717,-8.807211715707608e-05,0.1,11.209733552923247,0.8999999999999992
15.59,-0.0187160330902798,-5.652505906302096e-05,0.1,11.209733552923247,0.8999999999999992
15.6,-0.020467517371153,-4.187891724663773e-05,0.1,11.209733552923247,0.8999999999999992
15.610000000000001,-0.022137516012652462,-2.9792248424504413e-05,0.1,11.209733552923247,0.8999999999999992
15.620000000000001,-0.02375580982928075,-5.6315518516502255e-05,0.1,11.209733552923247,0.8999999999999992
15.63,-0.025399913187009057,-0.00020082876568946003,0.1,11.209733552923247,0.8999999999999992
15.64,-0.026897895333570464,-0.0002840028396525408,0.1,11.209733552923247,0.8999999999999992
15.65,-0.02825134866866499,-0.00031980675434020153,0.1,11.209733552923247,0.8999999999999992
15.66,-0.029505983074217545,-0.0003643651730710289,0.1,11.209733552923247,0.8999999999999992
15.67,-0.0306395283573402,-0.000399096161460462,0.1,11.209733552923247,0.8999999999999992
15.68,-0.03162518312472536,-0.0004025266382249054,0.1,11.209733552923247,0.8999999999999992
15.69,-0.03256312831156625,-0.0004821073185799503,0.1,11.209733552923247,0.8999999999999992
15.700000000000001,-0.03339803410928878,-0.0005772369864892492,0.1,11.209733552923247,0.8999999999999992
15.71,-0.03406054161345939,-0.000619615668166204,0.1,11.209733552923247,0.8999999999999992
15.72,-0.03465063545271961,-0.0007174697604105094,0.1,11.209733552923247,0.8999999999999992
15.73,-0.035088666075866366,-0.0007867464618610221,0.1,11.209733552923247,0.8999999999999992
15.74,-0.03545556325736885,-0.0009129112926573881,0.1,11.209733552923247,0.8999999999999992
15.75,-0.03565879908930095,-0.000997881688806786,0.1,11.209733552923247,0.8999999999999992
15.76,-0.03572283846334425,-0.0010710847546646523,0.1,11.209733552923247,0.8999999999999992
15.77,-0.0357265422753219,-0.0012125368664932673,0.1,11.209733552923247,0.8999999999999992
15.780000000000001,-0.03553096268021422,-0.0012749672499686143,0.1,11.209733552923247,0.8999999999999992
15.790000000000001,-0.03523203762528412,-0.0013620331333041198,0.1,11.209733552923247,0.8999999999999992
15.8,-0.03483483360781733,-0.0014743876277868446,0.1,11.209733552923247,0.8999999999999992
15.81,-0.03429047592367168,-0.0015581860193992455,0.1,11.209733552923247,0.8999999999999992
15.82,-0.03355385735690206,-0.0015689236968893013,0.1,11.209733552923247,0.8999999999999992
15.83,-0.03273630118035085,-0.0016230442001248628,0.1,11.209733552923247,0.8999999999999992
15.84,-0.0317872408306018,-0.0016615523044822963,0.1,11.209733552923247,0.8999999999999992
15.85,-0.03069219771938589,-0.0016677048742493104,0.1,11.209733552923247,0.8999999999999992
15.860000000000001,-0.029442426431041897,-0.0016319224894592167,0.1,11.209733552923247,0.8999999999999992
15.870000000000001,-0.02806884879562936,-0.0015849223475302217,0.1,11.209733552923247,0.8999999999999992
15.88,-0.026604184756363662,-0.0015553321657464302,0.1,11.209733552923247,0.8999999999999992
15.89,-0.025077335780586147,-0.0015643278604373645,0.1,11.209733552923247,0.8999999999999992
15.9,-0.023448705106197024,-0.0015618232530207532,0.1,11.209733552923247,0.8999999999999992
15.91,-0.02178273823583518,-0.0016070430295680928,0.1,11.209733552923247,0.8999999999999992
15.92,-0.02017851005285436,-0.0017868717424664852,0.1,11.209733552923247,0.8999999999999992
15.93,-0.018474396543198605,-0.001917480029991083,0.1,11.209733552923247,0.8999999999999992
15.94,-0.016653856410826107,-0.001980550218407103,0.1,11.209733552923247,0.8999999999999992
15.950000000000001,-0.014887536650552114,-0.0021468150594781683,0.1,11.209733552923247,0.8999999999999992
15.96,-0.013114696106374824,-0.0023362870391236616,0.1,11.209733552923247,0.8999999999999992
15.97,-0.01126089594472728,-0.0024641492381261235,0.1,11.209733552923247,0.8999999999999992
15.98,-0.009261618574485285,-0.0024649477183546933,0.1,11.209733552923247,0.8999999999999992
15.99,-0.00722673739165218,-0.0024548849836733572,0.1,11.209733552923247,0.8999999999999992
16.0,-0.005201761221396897,-0.0024726689670784624,0.1,11.209733552923247,0.8999999999999992
16.01,-0.0031674191191894663,-0.00248782474559263,0.1,11.209733552923247,0.8999999999999992
16.02,-0.0010538630686552945,-0.002422701086558269,0.1,11.209733552923247,0.8999999999999992
16.03,0.0010294417015043345,-0.0023876765082742673,0.1,11.209733552923247,0.8999999999999992
16.04,0.0030666394936221582,-0.0023871465477749575,0.1,11.209733552923247,0.8999999999999992
16.05,0.005065556304381639,-0.002401389623675571,0.1,11.209733552923247,0.8999999999999992
16.06,0.006994809753199149,-0.002452207969815597,0.1,11.209733552923247,0.8999999999999992
16.07,0.008900653062317599,-0.002481464451582932,0.1,11.209733552923247,0.8999999999999992
16.080000000000002,0.01085068608119584,-0.0024163817513029482,0.1,11.209733552923247,0.8999999999999992
16.09,0.012772086239070281,-0.002332966274570928,0.1,11.209733552923247,0.8999999999999992
16.1,0.014628525146258044,-0.002262392359421075,0.1,11.209733552923247,0.8999999999999992
16.11,0.01641076594862686,-0.002205459162443301,0.1,11.209733552923247,0.8999999999999992
16.12,0.018048277862625747,-0.002224417694999277,0.1,11.209733552923247,0.8999999999999992
16.13,0.019657056008517974,-0.0021882949301113,0.1,11.209733552923247,0.8999999999999992
16.14,0.021182730569816014,-0.002151510371425499,0.1,11.209733552923247,0.8999999999999992
16.15,0.022614229392529647,-0.002119416221502888,0.1,11.209733552923247,0.8999999999999992
16.16,0.02411467469563691,-0.0019229293361633626,0.1,11.209733552923247,0.8999999999999992
16.17,0.025533356279056587,-0.0017261355278682185,0.1,11.209733552923247,0.8999999999999992
16.18,0.026812227978185544,-0.001582373617523575,0.1,11.209733552923247,0.8999999999999992
16.19,0.02796265249250249,-0.001469941715351909,0.1,11.209733552923247,0.8999999999999992
16.2,0.029058956740522505,-0.0013070001789952312,0.1,11.209733552923247,0.8999999999999992
16.21,0.030045108041886457,-0.0011516635458331105,0.1,11.209733552923247,0.8999999999999992
16.22,0.03083974596080861,-0.0010812623854673643,0.1,11.209733552923247,0.8999999999999992
16.23,0.031557800251555294,-0.0009685933092290537,0.1,11.209733552923247,0.8999999999999992
16.240000000000002,0.0321171440820337,-0.0008982501564717326,0.1,11.209733552923247,0.8999999999999992
16.25,0.03264280005485952,-0.0007386515885740759,0.1,11.209733552923247,0.8999999999999992
16.26,0.03309306416576412,-0.0005401847105864082,0.1,11.209733552923247,0.8999999999999992
16.27,0.0333898657370805,-0.00038439743871408657,0.1,11.209733552923247,0.8999999999999992
16.28,0.033618603418580126,-0.00018066093385197702,0.1,11.209733552923247,0.8999999999999992
16.29,0.03371778421142122,4.139511465699744e-06,0.1,11.209733552923247,0.8999999999999992
16.3,0.03372639203064638,0.00021066186043321053,0.1,11.209733552923247,0.8999999999999992
16.31,0.033626081424029626,0.0004172320631800319,0.1,11.209733552923247,0.8999999999999992
16.32,0.03335080284678434,0.0005564747274840959,0.1,11.209733552923247,0.8999999999999992
16.330000000000002,0.03291195836427784,0.000645595051679717,0.1,11.209733552923247,0.8999999999999992
16.34,0.03239511956348468,0.0007735854384410182,0.1,11.209733552923247,0.8999999999999992
16.35,0.03173416802903996,0.0008673076939817908,0.1,11.209733552923247,0.8999999999999992
16.36,0.030928413549189848,0.0009268237954455637,0.1,11.209733552923247,0.8999999999999992
16.37,0.029953608212258603,0.0009281937017610033,0.1,11.209733552923247,0.8999999999999992
16.38,0.02888270552856788,0.0009469242667443296,0.1,11.209733552923247,0.8999999999999992
16.39,0.027801975642482952,0.0010629243935330185,0.1,11.209733552923247,0.8999999999999992
16.4,0.026559192040107385,0.0011082323120391645,0.1,11.209733552923247,0.8999999999999992
16.41,0.025214010706708465,0.0011452518727157952,0.1,11.209733552923247,0.8999999999999992
16.42,0.023841244657997696,0.001244174374318883,0.1,11.209733552923247,0.8999999999999992
16.43,0.022371747844491745,0.0013230151314522895,0.1,11.209733552923247,0.8999999999999992
16.44,0.020838018997217364,0.0014103347444496513,0.1,11.209733552923247,0.8999999999999992
16.45,0.019170439000780946,0.001429091287069892,0.1,11.209733552923247,0.8999999999999992
16.46,0.017450260079548176,0.0014615000432938558,0.1,11.209733552923247,0.8999999999999992
16.47,0.015653553258513905,0.0014751164713870514,0.1,11.209733552923247,0.8999999999999992
16.48,0.013846131892831497,0.001530655891120226,0.1,11.209733552923247,0.8999999999999992
16.490000000000002,0.012045224913385987,0.0016332404657951548,0.1,11.209733552923247,0.8999999999999992
16.5,0.010328044381093946,0.0018472534055931809,0.1,11.209733552923247,0.8999999999999992
16.51,0.00860078920308356,0.002058751046655243,0.1,11.209733552923247,0.8999999999999992
16.52,0.006857596541291654,0.0022544910605152503,0.1,11.209733552923247,0.8999999999999992
16.53,0.0050987935812384765,0.0024289122414728713,0.1,11.209733552923247,0.8999999999999992
16.54,0.003303961879276963,0.0025563595757844685,0.1,11.209733552923247,0.8999999999999992
16.55,0.001514805682508598,0.0026762250452502336,0.1,11.209733552923247,0.8999999999999992
16.56,-0.00029331164170230293,0.002757198665996546,0.1,11.209733552923247,0.8999999999999992
16.57,-0.002090039851827578,0.0028265524507663374,0.1,11.209733552923247,0.8999999999999992
16.580000000000002,-0.0038108403103543093,0.0029427836022469984,0.1,11.209733552923247,0.8999999999999992
16.59,-0.005565202502166928,0.0029839245479288436,0.1,11.209733552923247,0.8999999999999992
16.6,-0.007238845864887945,0.0030656264283890687,0.1,11.209733552923247,0.8999999999999992
16.61,-0.008816382012876486,0.0031918411891926177,0.1,11.209733552923247,0.8999999999999992
16.62,-0.010363438369980204,0.0032852770865558984,0.1,11.209733552923247,0.8999999999999992
16.63,-0.011974127200898538,0.0032490831338572715,0.1,11.209733552923247,0.8999999999999992
16.64,-0.013566324482932199,0.0031737646553374396,0.1,11.209733552923247,0.8999999999999992
16.65,-0.01503852213802643,0.0031592847027382357,0.1,11.209733552923247,0.8999999999999992
16.66,-0.01645102129286877,0.0031328266349990716,0.1,11.209733552923247,0.8999999999999992
16.67,-0.01784712703130921,0.0030470278887918586,0.1,11.209733552923247,0.8999999999999992
16.68,-0.019196617776674616,0.0029336648221664346,0.1,11.209733552923247,0.8999999999999992
16.69,-0.02042694282065155,0.0028635721731529265,0.1,11.209733552923247,0.8999999999999992
16.7,-0.021548058523269038,0.002817438564583906,0.1,11.209733552923247,0.8999999999999992
16.71,-0.022594931389847916,0.002753453137641179,0.1,11.209733552923247,0.8999999999999992
16.72,-0.02356989739043593,0.002667492874125458,0.1,11.209733552923247,0.8999999999999992
16.73,-0.024470426107268396,0.002561135740158427,0.1,11.209733552923247,0.8999999999999992
16.740000000000002,-0.025319569434527026,0.002410575846803526,0.1,11.209733552923247,0.8999999999999992
16.75,-0.025987137180415044,0.002348296088703393,0.1,11.209733552923247,0.8999999999999992
16.76,-0.02656756027662273,0.0022676732804763717,0.1,11.209733552923247,0.8999999999999992
16.77,-0.026981660499759984,0.002248074207808297,0.1,11.209733552923247,0.8999999999999992
16.78,-0.027212761493991128,0.002297882499395804,0.1,11.209733552923247,0.8999999999999992
16.79,-0.02728628416607789,0.0023829014743332096,0.1,11.209733552923247,0.8999999999999992
16.8,-0.027273592399010504,0.0024273166961484892,0.1,11.209733552923247,0.8999999999999992
16.81,-0.027133054992163442,0.0024773125170174932,0.1,11.209733552923247,0.8999999999999992
16.82,-0.02688675089545651,0.0025106641256307386,0.1,11.209733552923247,0.8999999999999992
16.830000000000002,-0.026579733557895273,0.002485146958456113,0.1,11.209733552923247,0.8999999999999992
16.84,-0.026151872691464403,0.0024689227120418583,0.1,11.209733552923247,0.8999999999999992
16.85,-0.02568014822033299,0.0023858344789241485,0.1,11.209733552923247,0.8999999999999992
16.86,-0.025048130342691224,0.0023621083760195774,0.1,11.209733552923247,0.8999999999999992
16.87,-0.024341089292804305,0.0023085095371815608,0.1,11.209733552923247,0.8999999999999992
16.88,-0.023528602532369002,0.002261916936641977,0.1,11.209733552923247,0.8999999999999992
16.89,-0.022609876665474846,0.002225828538514993,0.1,11.209733552923247,0.8999999999999992
16.9,-0.021615754557834526,0.002172089174518566,0.1,11.209733552923247,0.8999999999999992
16.91,-0.020507956303701332,0.0021451872151263796,0.1,11.209733552923247,0.8999999999999992
16.92,-0.019344048864336456,0.00208911375315901,0.1,11.209733552923247,0.8999999999999992
16.93,-0.018061373223615545,0.00207469942468989,0.1,11.209733552923247,0.8999999999999992
16.94,-0.016775975799084686,0.0019864257493225905,0.1,11.209733552923247,0.8999999999999992
16.95,-0.015419315895169351,0.001906612475886845,0.1,11.209733552923247,0.8999999999999992
16.96,-0.013906193181996719,0.0019252453166161887,0.1,11.209733552923247,0.8999999999999992
16.97,-0.012389700707594964,0.0018841537026154037,0.1,11.209733552923247,0.8999999999999992
16.98,-0.01085969939634111,0.001806383851474196,0.1,11.209733552923247,0.8999999999999992
16.990000000000002,-0.00926266031913291,0.001755973638160283,0.1,11.209733552923247,0.8999999999999992
17.0,-0.0076216716746843344,0.0017133114686936602,0.1,11.209733552923247,0.8999999999999992
17.01,-0.00593470336019488,0.0016862418993205447,0.1,11.209733552923247,0.8999999999999992
17.02,-0.0042015333877513565,0.0016800361664365013,0.1,11.209733552923247,0.8999999999999992
17.03,-0.0024217735228861574,0.0016996358418978374,0.1,11.209733552923247,0.8999999999999992
17.04,-0.000578747647140045,0.0017657939450308922,0.1,11.209733552923247,0.8999999999999992
17.05,0.0012852109397068802,0.0018379896007458384,0.1,11.209733552923247,0.8999999999999992
17.06,0.0031301688758172876,0.0018827011453306404,0.1,11.209733552923247,0.8999999999999992
17.07,0.004994553127646554,0.0019485520122116849,0.1,11.209733552923247,0.8999999999999992
17.080000000000002,0.006932349386556713,0.0020942568432447636,0.1,11.209733552923247,0.8999999999999992
17.09,0.008834208343482653,0.0022085833641722953,0.1,11.209733552923247,0.8999999999999992
17.1,0.010650562919599345,0.002252534257332581,0.1,11.209733552923247,0.8999999999999992
17.11,0.012478408437538127,0.0023379758062387476,0.1,11.209733552923247,0.8999999999999992
17.12,0.014249144269827803,0.002398505126899698,0.1,11.209733552923247,0.8999999999999992
17.13,0.015853222522185587,0.002334086346669205,0.1,11.209733552923247,0.8999999999999992
17.14,0.017435481766237968,0.002310109639146501,0.1,11.209733552923247,0.8999999999999992
17.150000000000002,0.018920559818718534,0.0022529582767570754,0.1,11.209733552923247,0.8999999999999992
17.16,0.02032493075284825,0.00218884959429105,0.1,11.209733552923247,0.8999999999999992
17.17,0.021664256722168228,0.0021399492176890174,0.1,11.209733552923247,0.8999999999999992
17.18,0.022926241292111262,0.0020976561464891995,0.1,11.209733552923247,0.8999999999999992
17.19,0.024131927295558485,0.0020873376852762362,0.1,11.209733552923247,0.8999999999999992
17.2,0.02521936426413656,0.002048171417122664,0.1,11.209733552923247,0.8999999999999992
17.21,0.026231807026241265,0.002031004182795641,0.1,11.209733552923247,0.8999999999999992
17.22,0.02712670098847478,0.0019947830999217536,0.1,11.209733552923247,0.8999999999999992
17.23,0.027950548657805285,0.0019917239610303793,0.1,11.209733552923247,0.8999999999999992
17.240000000000002,0.028693996510448735,0.0020119161657686695,0.1,11.209733552923247,0.8999999999999992
17.25,0.029276649622439564,0.0019751100241926513,0.1,11.209733552923247,0.8999999999999992
17.26,0.029797439607142043,0.001988968243133781,0.1,11.209733552923247,0.8999999999999992
17.27,0.03017327505316898,0.001966608830291362,0.1,11.209733552923247,0.8999999999999992
17.28,0.03047001823835993,0.00197941723691281,0.1,11.209733552923247,0.8999999999999992
17.29,0.030664538235593123,0.0020013269865138536,0.1,11.209733552923247,0.8999999999999992
17.3,0.030829714152057885,0.002104767063399016,0.1,11.209733552923247,0.8999999999999992
17.31,0.0308618407604958,0.0021770257567740588,0.1,11.209733552923247,0.8999999999999992
17.32,0.03075463173876116,0.0022150517914575137,0.1,11.209733552923247,0.8999999999999992
17.330000000000002,0.030525144526248767,0.002239061528679297,0.1,11.209733552923247,0.8999999999999992
17.34,0.03016021937150311,0.0022363573788457204,0.1,11.209733552923247,0.8999999999999992
17.35,0.02971658846347058,0.00226512737119883,0.1,11.209733552923247,0.8999999999999992
17.36,0.02907526926701048,0.0022008856592230525,0.1,11.209733552923247,0.8999999999999992
17.37,0.028267122706581306,0.002082536644428829,0.1,11.209733552923247,0.8999999999999992
17.38,0.027294800019165198,0.0019159609166588686,0.1,11.209733552923247,0.8999999999999992
17.39,0.026263209482676783,0.0018081759289440636,0.1,11.209733552923247,0.8999999999999992
17.400000000000002,0.02521449821019517,0.0017909734123364503,0.1,11.209733552923247,0.8999999999999992
17.41,0.02406207033905652,0.00176342351396563,0.1,11.209733552923247,0.8999999999999992
17.42,0.02280736056350244,0.001723586632545382,0.1,11.209733552923247,0.8999999999999992
17.43,0.021467368255401666,0.0016849533571395257,0.1,11.209733552923247,0.8999999999999992
17.44,0.020102060081854074,0.0017021313881475466,0.1,11.209733552923247,0.8999999999999992
17.45,0.018612389807508567,0.0016642792275335157,0.1,11.209733552923247,0.8999999999999992
17.46,0.017062648882830555,0.001636056183530213,0.1,11.209733552923247,0.8999999999999992
17.47,0.01549585694276305,0.0016533260811695699,0.1,11.209733552923247,0.8999999999999992
17.48,0.013894511311980228,0.0016871704381511863,0.1,11.209733552923247,0.8999999999999992
17.490000000000002,0.012249392775659843,0.001720005487452713,0.1,11.209733552923247,0.8999999999999992
17.5,0.010607612998164406,0.0017923889753030788,0.1,11.209733552923247,0.8999999999999992
17.51,0.008790436208223808,0.0017143484008436474,0.1,11.209733552923247,0.8999999999999992
17.52,0.006974267109894424,0.001672259797186507,0.1,11.209733552923247,0.8999999999999992
17.53,0.005099677093562124,0.0015956257012411333,0.1,11.209733552923247,0.8999999999999992
17.54,0.0031152973042086305,0.0014298277947376657,0.1,11.209733552923247,0.8999999999999992
17.55,0.001146163323827012,0.0013026965857940171,0.1,11.209733552923247,0.8999999999999992
17.56,-0.000756843466750161,0.0012534836651200785,0.1,11.209733552923247,0.8999999999999992
17.57,-0.0026618317780239924,0.001198015613757404,0.1,11.209733552923247,0.8999999999999992
17.580000000000002,-0.004506762882973865,0.001191735002501348,0.1,11.209733552923247,0.8999999999999992
17.59,-0.0062514431572055695,0.0012620738433330315,0.1,11.209733552923247,0.8999999999999992
17.6,-0.007903953320124833,0.0013852208035381754,0.1,11.209733552923247,0.8999999999999992
17.61,-0.009441609189422884,0.0015709697645985303,0.1,11.209733552923247,0.8999999999999992
17.62,-0.010903347049254325,0.0017666154475981665,0.1,11.209733552923247,0.8999999999999992
17.63,-0.012316806800471286,0.0019369314888491678,0.1,11.209733552923247,0.8999999999999992
17.64,-0.013760326578289768,0.002000240250023154,0.1,11.209733552923247,0.8999999999999992
17.650000000000002,-0.015160382368833923,0.0020361892025962626,0.1,11.209733552923247,0.8999999999999992
17.66,-0.01654134964273349,0.002017871541886318,0.1,11.209733552923247,0.8999999999999992
17.67,-0.01774708618259071,0.002102206458130434,0.1,11.209733552923247,0.8999999999999992
17.68,-0.018890348588572005,0.0021599098509891774,0.1,11.209733552923247,0.8999999999999992
17.69,-0.019951731384780944,0.002208720401895313,0.1,11.209733552923247,0.8999999999999992
17.7,-0.020905712251037815,0.0022708651997105454,0.1,11.209733552923247,0.8999999999999992
17.71,-0.021774026570253506,0.0023191966923267575,0.1,11.209733552923247,0.8999999999999992
17.72,-0.02247075961174156,0.002437658752374831,0.1,11.209733552923247,0.8999999999999992
17.73,-0.0231092173850909,0.0025019671099631236,0.1,11.209733552923247,0.8999999999999992
17.740000000000002,-0.023646074794461184,0.002558855366177832,0.1,11.209733552923247,0.8999999999999992
17.75,-0.024126167914163037,0.0025620842268333386,0.1,11.209733552923247,0.8999999999999992
17.76,-0.024576535773095407,0.0024888320832864306,0.1,11.209733552923247,0.8999999999999992
17.77,-0.02496001744446224,0.002383450592218108,0.1,11.209733552923247,0.8999999999999992
17.78,-0.025246429274801672,0.0022787261413693954,0.1,11.209733552923247,0.8999999999999992
17.79,-0.02545435089674368,0.0021553845854290765,0.1,11.209733552923247,0.8999999999999992
17.8,-0.02559619589660249,0.0020028624645557886,0.1,11.209733552923247,0.8999999999999992
17.81,-0.025707165193576128,0.0017893673319009627,0.1,11.209733552923247,0.8999999999999992
17.82,-0.025720690979590607,0.0015887985121887846,0.1,11.209733552923247,0.8999999999999992
17.830000000000002,-0.025707898040564132,0.0013294051477594098,0.1,11.209733552923247,0.8999999999999992
17.84,-0.02555562438283464,0.0011321029987265778,0.1,11.209733552923247,0.8999999999999992
17.85,-0.02529849144996359,0.0009567678211947885,0.1,11.209733552923247,0.8999999999999992
17.86,-0.025014618783976462,0.0007246078421335889,0.1,11.209733552923247,0.8999999999999992
17.87,-0.024647736687851054,0.0005003834471691261,0.1,11.209733552923247,0.8999999999999992
17.88,-0.024221523929904776,0.0002619349788873041,0.1,11.209733552923247,0.8999999999999992
17.89,-0.023684155915523614,6.537904470197166e-05,0.1,11.209733552923247,0.8999999999999992
17.900000000000002,-0.0229868014470717,-4.218252086631511e-05,0.1,11.209733552923247,0.8999999999999992
17.91,-0.022293154701878932,-0.00023117125352832655,0.1,11.209733552923247,0.8999999999999992
17.92,-0.021506440452370053,-0.0003921219325953558,0.1,11.209733552923247,0.8999999999999992
17.93,-0.020643615533152825,-0.0005413281231459328,0.1,11.209733552923247,0.8999999999999992
17.94,-0.01966658870754413,-0.0006379554095075954,0.1,11.209733552923247,0.8999999999999992
17.95,-0.018602238497164202,-0.0007104760288234994,0.1,11.209733552923247,0.8999999999999992
17.96,-0.017503112409604903,-0.0008095883789744078,0.1,11.209733552923247,0.8999999999999992
17.97,-0.016351938626808258,-0.0009102479563772605,0.1,11.209733552923247,0.8999999999999992
17.98,-0.015177162444459586,-0.001035730981725989,0.1,11.209733552923247,0.8999999999999992
17.990000000000002,-0.013889843645660179,-0.0010891329523014643,0.1,11.209733552923247,0.8999999999999992
18.0,-0.012547911678435712,-0.0011311299953074834,0.1,11.209733552923247,0.8999999999999992
18.01,-0.011062724939160433,-0.0010688522281298084,0.1,11.209733552923247,0.8999999999999992
18.02,-0.009538382539816129,-0.0010124312917114237,0.1,11.209733552923247,0.8999999999999992
18.03,-0.008013328796298996,-0.0009938148326825555,0.1,11.209733552923247,0.8999999999999992
18.04,-0.006533850472093888,-0.0010490661414988781,0.1,11.209733552923247,0.8999999999999992
18.05,-0.005120214002275608,-0.0011840841111935005,0.1,11.209733552923247,0.8999999999999992
18.06,-0.003766984171416869,-0.001378364128715331,0.1,11.209733552923247,0.8999999999999992
18.07,-0.0023868797804155947,-0.0015318736978898666,0.1,11.209733552923247,0.8999999999999992
18.080000000000002,-0.0009732962189695604,-0.0016365378976947822,0.1,11.209733552923247,0.8999999999999992
18.09,0.0003636566432719435,-0.0018019635978230144,0.1,11.209733552923247,0.8999999999999992
18.1,0.0017425888094722427,-0.0018968143091926092,0.1,11.209733552923247,0.8999999999999992
18.11,0.0030891095260488673,-0.0019976023876757997,0.1,11.209733552923247,0.8999999999999992
18.12,0.004429428056918696,-0.00207176573430334,0.1,11.209733552923247,0.8999999999999992
18.13,0.005831530619612478,-0.002048751369336881,0.1,11.209733552923247,0.8999999999999992
18.14,0.007254051085429477,-0.001975409755721131,0.1,11.209733552923247,0.8999999999999992
18.150000000000002,0.008633084652577974,-0.0019159908104564205,0.1,11.209733552923247,0.8999999999999992
18.16,0.009932097522775733,-0.0019002875723177395,0.1,11.209733552923247,0.8999999999999992
18.17,0.011083010260667697,-0.0019864490640033564,0.1,11.209733552923247,0.8999999999999992
18.18,0.012153060449121244,-0.002090981399946376,0.1,11.209733552923247,0.8999999999999992
18.19,0.013163505715886812,-0.0021859930554679755,0.1,11.209733552923247,0.8999999999999992
18.2,0.014071614123449143,-0.002310988167591021,0.1,11.209733552923247,0.8999999999999992
18.21,0.014916699068376007,-0.002419286098337499,0.1,11.209733552923247,0.8999999999999992
18.22,0.015705892754995895,-0.002501942268835824,0.1,11.209733552923247,0.8999999999999992
18.23,0.01642105006953566,-0.002576615773605033,0.1,11.209733552923247,0.8999999999999992
18.240000000000002,0.017038164390504994,-0.0026651719616397527,0.1,11.209733552923247,0.8999999999999992
18.25,0.01759583035384969,-0.0027247582699958797,0.1,11.209733552923247,0.8999999999999992
18.26,0.01810557012982904,-0.0027447515786790527,0.1,11.209733552923247,0.8999999999999992
18.27,0.018488802286305235,-0.0028061678063895567,0.1,11.209733552923247,0.8999999999999992
18.28,0.01886920696384595,-0.0027790130969475775,0.1,11.209733552923247,0.8999999999999992
18.29,0.019169809186856734,-0.002748887815447842,0.1,11.209733552923247,0.8999999999999992
18.3,0.019395373915544294,-0.0027103749677579742,0.1,11.209733552923247,0.8999999999999992
18.31,0.019579553933562942,-0.0026301069678784914,0.1,11.209733552923247,0.8999999999999992
18.32,0.01969791359745712,-0.00253687301222826,0.1,11.209733552923247,0.8999999999999992
18.330000000000002,0.01978604748748957,-0.0023965115636286607,0.1,11.209733552923247,0.8999999999999992
18.34,0.019810337267347003,-0.002248207364186348,0.1,11.209733552923247,0.8999999999999992
18.35,0.01972577281194021,-0.0021384222763623246,0.1,11.209733552923247,0.8999999999999992
18.36,0.01958149386758528,-0.0020145362604276668,0.1,11.209733552923247,0.8999999999999992
18.37,0.019302868252586505,-0.0019538946627937555,0.1,11.209733552923247,0.8999999999999992
18.38,0.018953744579107805,-0.0018869698160403794,0.1,11.209733552923247,0.8999999999999992
18.39,0.018528482145404326,-0.0018218260324272895,0.1,11.209733552923247,0.8999999999999992
18.400000000000002,0.01802009161569981,-0.0017672633991396944,0.1,11.209733552923247,0.8999999999999992
18.41,0.01743464213074571,-0.0017183216536195182,0.1,11.209733552923247,0.8999999999999992
18.42,0.016686856434719673,-0.0017622238794066855,0.1,11.209733552923247,0.8999999999999992
18.43,0.01584650521031923,-0.0018216401447982108,0.1,11.209733552923247,0.8999999999999992
18.44,0.014949077087173985,-0.0018625027967936803,0.1,11.209733552923247,0.8999999999999992
18.45,0.014001522620947036,-0.0018833983058058237,0.1,11.209733552923247,0.8999999999999992
18.46,0.012948256156427355,-0.0019458789869872702,0.1,11.209733552923247,0.8999999999999992
18.47,0.011908210684036268,-0.001930325855236226,0.1,11.209733552923247,0.8999999999999992
18.48,0.010778884783276339,-0.0019522198626335345,0.1,11.209733552923247,0.8999999999999992
18.490000000000002,0.009656607736965164,-0.0019154578010045565,0.1,11.209733552923247,0.8999999999999992
18.5,0.008518689926505747,-0.0018539317882036348,0.1,11.209733552923247,0.8999999999999992
18.51,0.0073159682285285355,-0.0018243565396739553,0.1,11.209733552923247,0.8999999999999992
18.52,0.006174332511989171,-0.001702158357386873,0.1,11.209733552923247,0.8999999999999992
18.53,0.004949781301844875,-0.0016467424536646326,0.1,11.209733552923247,0.8999999999999992
18.54,0.003752871398262776,-0.0015451351536915623,0.1,11.209733552923247,0.8999999999999992
18.55,0.002592371778058802,-0.001398890303628356,0.1,11.209733552923247,0.8999999999999992
18.56,0.0013892673734572035,-0.00129719376933707,0.1,11.209733552923247,0.8999999999999992
18.57,0.00025150473051007804,-0.0011322544613695034,0.1,11.209733552923247,0.8999999999999992
18.580000000000002,-0.0008986153764021028,-0.0009940017139410174,0.1,11.209733552923247,0.8999999999999992
18.59,-0.002029603090433849,-0.0008530261409360553,0.1,11.209733552923247,0.8999999999999992
18.6,-0.003138431172975478,-0.0007116108254521694,0.1,11.209733552923247,0.8999999999999992
18.61,-0.004240475834861167,-0.0005900953154921659,0.1,11.209733552923247,0.8999999999999992
18.62,-0.0052841373108419975,-0.0004394528693469882,0.1,11.209733552923247,0.8999999999999992
18.63,-0.006266219751375618,-0.0002644383560614739,0.1,11.209733552923247,0.8999999999999992
18.64,-0.007310008664116066,-0.00019560015578428536,0.1,11.209733552923247,0.8999999999999992
18.650000000000002,-0.008258678018326521,-6.855816193381394e-05,0.1,11.209733552923247,0.8999999999999992
18.66,-0.009256919348617807,-3.873822171523465e-05,0.1,11.209733552923247,0.8999999999999992
18.67,-0.01016599027458426,3.9489405305477617e-05,0.1,11.209733552923247,0.8999999999999992
18.68,-0.01097768315184118,0.00016504905506339217,0.1,11.209733552923247,0.8999999999999992
18.69,-0.011799774501751934,0.00022120833392084331,0.1,11.209733552923247,0.8999999999999992
18.7,-0.012595000832168765,0.0002496021380781352,0.1,11.209733552923247,0.8999999999999992
18.71,-0.013394994099421517,0.00021851405547120283,0.1,11.209733552923247,0.8999999999999992
18.72,-0.014152052107834965,0.00017933324174595902,0.1,11.209733552923247,0.8999999999999992
18.73,-0.014867884710142113,0.0001284739801868214,0.1,11.209733552923247,0.8999999999999992
18.740000000000002,-0.015485322397085445,0.00012184259726636262,0.1,11.209733552923247,0.8999999999999992
18.75,-0.015975493606602827,0.00018099562809737412,0.1,11.209733552923247,0.8999999999999992
18.76,-0.016332321733567474,0.00030252825719335834,0.1,11.209733552923247,0.8999999999999992
18.77,-0.016652424011949423,0.0003810131347423494,0.1,11.209733552923247,0.8999999999999992
18.78,-0.01691692614681336,0.0004386563085093748,0.1,11.209733552923247,0.8999999999999992
18.79,-0.01719855034165288,0.00040387653760764157,0.1,11.209733552923247,0.8999999999999992
18.8,-0.01745228926036464,0.0003311423221391745,0.1,11.209733552923247,0.8999999999999992
18.81,-0.017588632982145542,0.00031356943680888424,0.1,11.209733552923247,0.8999999999999992
18.82,-0.017574624079231358,0.00037752521664699177,0.1,11.209733552923247,0.8999999999999992
18.830000000000002,-0.017552964793950136,0.00037103991478382246,0.1,11.209733552923247,0.8999999999999992
18.84,-0.017491654053478824,0.00033420006345346356,0.1,11.209733552923247,0.8999999999999992
18.85,-0.017362670629264512,0.0002988870443350731,0.1,11.209733552923247,0.8999999999999992
18.86,-0.017151263054350534,0.00028039593277416657,0.1,11.209733552923247,0.8999999999999992
18.87,-0.01691283659047737,0.00022240898189282784,0.1,11.209733552923247,0.8999999999999992
18.88,-0.01658667629826556,0.000191305217408225,0.1,11.209733552923247,0.8999999999999992
18.89,-0.016219052560342385,0.0001392719957319403,0.1,11.209733552923247,0.8999999999999992
18.900000000000002,-0.015788488806688625,9.185115544152154e-05,0.1,11.209733552923247,0.8999999999999992
18.91,-0.015268710948943116,7.674508440949508e-05,0.1,11.209733552923247,0.8999999999999992
18.92,-0.014688853300852546,6.336560580291307e-05,0.1,11.209733552923247,0.8999999999999992
18.93,-0.014073405536462375,2.9429858666413362e-05,0.1,11.209733552923247,0.8999999999999992
18.94,-0.013408494131944492,-6.264520511092981e-06,0.1,11.209733552923247,0.8999999999999992
18.95,-0.012695731173712746,-4.2315377134837205e-05,0.1,11.209733552923247,0.8999999999999992
18.96,-0.011952060792226488,-9.262247501203446e-05,0.1,11.209733552923247,0.8999999999999992
18.97,-0.011174889039536253,-0.0001498141184196601,0.1,11.209733552923247,0.8999999999999992
18.98,-0.010274445406454957,-0.00012001373838510943,0.1,11.209733552923247,0.8999999999999992
18.990000000000002,-0.00930629435996876,-6.50639342849403e-05,0.1,11.209733552923247,0.8999999999999992
19.0,-0.008317145702921313,-3.0845960400943276e-05,0.1,11.209733552923247,0.8999999999999992
19.01,-0.007261303699171755,3.447154700571321e-05,0.1,11.209733552923247,0.8999999999999992
19.02,-0.006194542033934952,7.557475566064947e-05,0.1,11.209733552923247,0.8999999999999992
19.03,-0.00504573582675571,0.00017038717563791055,0.1,11.209733552923247,0.8999999999999992
19.04,-0.0038596765495647494,0.0002722860115431435,0.1,11.209733552923247,0.8999999999999992
19.05,-0.002664931046587045,0.00035622031132660016,0.1,11.209733552923247,0.8999999999999992
19.06,-0.0014384737167474067,0.00045164141031457937,0.1,11.209733552923247,0.8999999999999992
19.07,-0.00028610778523076807,0.00045594382082994004,0.1,11.209733552923247,0.8999999999999992
19.080000000000002,0.0008098969151713834,0.0004016212726778851,0.1,11.209733552923247,0.8999999999999992
19.09,0.0018419120156898182,0.00029216067242887617,0.1,11.209733552923247,0.8999999999999992
19.1,0.002872770678671331,0.0002010735250482742,0.1,11.209733552923247,0.8999999999999992
19.11,0.003977882988910704,0.0002061200348525278,0.1,11.209733552923247,0.8999999999999992
19.12,0.005177751141567719,0.0003213470758725765,0.1,11.209733552923247,0.8999999999999992
19.13,0.006387881038962291,0.0004541761732386543,0.1,11.209733552923247,0.8999999999999992
19.14,0.00759662468668038,0.0005952318616957921,0.1,11.209733552923247,0.8999999999999992
19.150000000000002,0.00868411643186668,0.0006279317597188046,0.1,11.209733552923247,0.8999999999999992
19.16,0.009709103477818884,0.0006273207211929139,0.1,11.209733552923247,0.8999999999999992
19.17,0.010655346344963597,0.0005849130389604831,0.1,11.209733552923247,0.8999999999999992
19.18,0.011527534968056056,0.0005139500285605233,0.1,11.209733552923247,0.8999999999999992
19.19,0.012344935327654408,0.0004405765612431643,0.1,11.209733552923247,0.8999999999999992
19.2,0.013089177906791913,0.00035015758214593847,0.1,11.209733552923247,0.8999999999999992
19.21,0.013682037249681285,0.00016961739142156392,0.1,11.209733552923247,0.8999999999999992
19.22,0.014257684728011515,4.622170540878202e-05,0.1,11.209733552923247,0.8999999999999992
19.23,0.014722832324400054,-0.00011703788456599414,0.1,11.209733552923247,0.8999999999999992
19.240000000000002,0.015141353704115602,-0.00024940885966122795,0.1,11.209733552923247,0.8999999999999992
19.25,0.015603385027476298,-0.0002621202699726925,0.1,11.209733552923247,0.8999999999999992
19.26,0.015957385394918682,-0.0003183284738783779,0.1,11.209733552923247,0.8999999999999992
19.27,0.01612152015340688,-0.0004934373453820501,0.1,11.209733552923247,0.8999999999999992
19.28,0.01620754535553926,-0.000661094068626874,0.1,11.209733552923247,0.8999999999999992
19.29,0.016284547689830682,-0.0007521313866675163,0.1,11.209733552923247,0.8999999999999992
19.3,0.01639510157707912,-0.0007319859581953845,0.1,11.209733552923247,0.8999999999999992
19.31,0.01637934216404511,-0.00077270663899535,0.1,11.209733552923247,0.8999999999999992
19.32,0.016323770420582275,-0.0007809364345960851,0.1,11.209733552923247,0.8999999999999992
19.330000000000002,0.016180545063469762,-0.0008084179716126853,0.1,11.209733552923247,0.8999999999999992
19.34,0.015968287282490976,-0.0008348973315034477,0.1,11.209733552923247,0.8999999999999992
19.35,0.015825418655267567,-0.0007228687364422077,0.1,11.209733552923247,0.8999999999999992
19.36,0.01554506813160798,-0.000695805022020195,0.1,11.209733552923247,0.8999999999999992
19.37,0.015216315472408001,-0.000656368230391055,0.1,11.209733552923247,0.8999999999999992
19.38,0.014851204618793556,-0.0005954157383185596,0.1,11.209733552923247,0.8999999999999992
19.39,0.014482117986492843,-0.000484716887329808,0.1,11.209733552923247,0.8999999999999992
19.400000000000002,0.014061126488331343,-0.0003797250381906979,0.1,11.209733552923247,0.8999999999999992
19.41,0.013600447406293804,-0.00026970586610305095,0.1,11.209733552923247,0.8999999999999992
19.42,0.013066954160736038,-0.0001906472415255024,0.1,11.209733552923247,0.8999999999999992
19.43,0.012495864488168631,-0.00010632094453441886,0.1,11.209733552923247,0.8999999999999992
19.44,0.011858854595839782,-4.827160255810217e-05,0.1,11.209733552923247,0.8999999999999992
19.45,0.011206743426491673,3.448167665269245e-05,0.1,11.209733552923247,0.8999999999999992
19.46,0.01049256140181314,8.925913547319853e-05,0.1,11.209733552923247,0.8999999999999992
19.47,0.009756525606778378,0.00015634404840663096,0.1,11.209733552923247,0.8999999999999992
19.48,0.008981245487627203,0.00021376147418553744,0.1,11.209733552923247,0.8999999999999992
19.490000000000002,0.008227586625137008,0.00032014375815994856,0.1,11.209733552923247,0.8999999999999992
19.5,0.00743963052526356,0.0004106609261921086,0.1,11.209733552923247,0.8999999999999992
19.51,0.006534440274009794,0.00040066799593603504,0.1,11.209733552923247,0.8999999999999992
19.52,0.005667454351848172,0.00045331954065532605,0.1,11.209733552923247,0.8999999999999992
19.53,0.004733674587599991,0.0004529400870988154,0.1,11.209733552923247,0.8999999999999992
19.54,0.003749452487966376,0.0004181270960052381,0.1,11.209733552923247,0.8999999999999992
19.55,0.002721629300619457,0.0003558175971331935,0.1,11.209733552923247,0.8999999999999992
19.56,0.001752811279309015,0.0003678723296512194,0.1,11.209733552923247,0.8999999999999992
19.57,0.0006712585437543299,0.00027032769159649833,0.1,11.209733552923247,0.8999999999999992
19.580000000000002,-0.00025497523489288363,0.00033963530793404244,0.1,11.209733552923247,0.8999999999999992
19.59,-0.0011264733374279602,0.00045256643153325016,0.1,11.209733552923247,0.8999999999999992
19.6,-0.001981490857670528,0.0005621006310037446,0.1,11.209733552923247,0.8999999999999992
19.61,-0.0028305754480678347,0.0006542830199893406,0.1,11.209733552923247,0.8999999999999992
19.62,-0.0036533585861719146,0.0007477345243113712,0.1,11.209733552923247,0.8999999999999992
19.63,-0.004434839938126587,0.0008537210963315526,0.1,11.209733552923247,0.8999999999999992
19.64,-0.005165770983123218,0.0009766112929560145,0.1,11.209733552923247,0.8999999999999992
19.650000000000002,-0.005847797227362659,0.001109527652233714,0.1,11.209733552923247,0.8999999999999992
19.66,-0.0065015762331943555,0.0012275103198917754,0.1,11.209733552923247,0.8999999999999992
19.67,-0.007138901186873526,0.0013174365246814781,0.1,11.209733552923247,0.8999999999999992
19.68,-0.0077549692275525285,0.0013844276202036728,0.1,11.209733552923247,0.8999999999999992
19.69,-0.00834955122284106,0.0014286312861271483,0.1,11.209733552923247,0.8999999999999992
19.7,-0.00885388742429252,0.0015188841298057697,0.1,11.209733552923247,0.8999999999999992
19.71,-0.009293087706912668,0.0016226111392575356,0.1,11.209733552923247,0.8999999999999992
19.72,-0.009842180581250666,0.0015611816565681681,0.1,11.209733552923247,0.8999999999999992
19.73,-0.010319073952375428,0.0015333314253809691,0.1,11.209733552923247,0.8999999999999992
19.740000000000002,-0.010745015549314915,0.0015123144410371468,0.1,11.209733552923247,0.8999999999999992
19.75,-0.011129047021377639,0.001486768605695939,0.1,11.209733552923247,0.8999999999999992
19.76,-0.011488184668037898,0.0014388164864215748,0.1,11.209733552923247,0.8999999999999992
19.77,-0.011745404005868118,0.0014468130402587231,0.1,11.209733552923247,0.8999999999999992
19.78,-0.01190862080482681,0.0014955697393297406,0.1,11.209733552923247,0.8999999999999992
19.79,-0.012063304919855234,0.001494264029582875,0.1,11.209733552923247,0.8999999999999992
19.8,-0.012149857717480929,0.0015075594885484767,0.1,11.209733552923247,0.8999999999999992
19.81,-0.012236941083355638,0.0014648168234981337,0.1,11.209733552923247,0.8999999999999992
19.82,-0.012344608767075056,0.0013521444667117617,0.1,11.209733552923247,0.8999999999999992
19.830000000000002,-0.012434770082333353,0.0012155411396444023,0.1,11.209733552923247,0.8999999999999992
19.84,-0.012432631058044801,0.0011327081944393115,0.1,11.209733552923247,0.8999999999999992
19.85,-0.012333755860428694,0.0011024279341873646,0.1,11.209733552923247,0.8999999999999992
19.86,-0.012160633550556518,0.0010968743506574534,0.1,11.209733552923247,0.8999999999999992
19.87,-0.011903421316687571,0.0011238733656023377,0.1,11.209733552923247,0.8999999999999992
19.88,-0.011573664556930666,0.0011691909040446233,0.1,11.209733552923247,0.8999999999999992
19.89,-0.011230620637435539,0.0011726932891982862,0.1,11.209733552923247,0.8999999999999992
19.900000000000002,-0.01082198692147813,0.00119276608361749,0.1,11.209733552923247,0.8999999999999992
19.91,-0.010331017871075794,0.0012458803229773033,0.1,11.209733552923247,0.8999999999999992
19.92,-0.009762039999453942,0.0013257835115099835,0.1,11.209733552923247,0.8999999999999992
19.93,-0.00909564644795309,0.0014508615473810237,0.1,11.209733552923247,0.8999999999999992
19.94,-0.008358595924758298,0.0015914810112165113,0.1,11.209733552923247,0.8999999999999992
19.95,-0.007571711627659252,0.001727486283548714,0.1,11.209733552923247,0.8999999999999992
19.96,-0.006702214783579834,0.001894797391387265,0.1,11.209733552923247,0.8999999999999992
19.97,-0.005808454215896921,0.0020343796354930954,0.1,11.209733552923247,0.8999999999999992
19.98,-0.004936750283225981,0.0021060503582604,0.1,11.209733552923247,0.8999999999999992
19.990000000000002,-0.004054581893755937,0.0021531476114961586,0.1,11.209733552923247,0.8999999999999992
20.0,-0.00319453395719441,0.002149172872582838,0.1,11.209733552923247,0.8999999999999992
20.01,-0.002356493467756821,0.002103404157884541,0.1,11.209733552923247,0.8999999999999992
20.02,-0.0015172138890242413,0.0020472819225598724,0.1,11.209733552923247,0.8999999999999992
20.03,-0.000712404865569789,0.0019498036213951033,0.1,11.209733552923247,0.8999999999999992
20.04,7.901373405789071e-05,0.0018402542637208413,0.1,11.209733552923247,0.8999999999999992
20.05,0.0007746482480192918,0.0016411488805286507,0.1,11.209733552923247,0.8999999999999992
20.06,0.0014771936241321994,0.0014687474749480274,0.1,11.209733552923247,0.8999999999999992
20.07,0.002173265001959507,0.0013101061001310438,0.1,11.209733552923247,0.8999999999999992
20.080000000000002,0.0028192061705243484,0.0011233801189844469,0.1,11.209733552923247,0.8999999999999992
20.09,0.003486333901490971,0.000986299705254662,0.1,11.209733552923247,0.8999999999999992
20.1,0.004185909517040827,0.0009077074727875786,0.1,11.209733552923247,0.8999999999999992
20.11,0.004787882255359904,0.0007540423337200373,0.1,11.209733552923247,0.8999999999999992
20.12,0.005332214980500592,0.0005766432337022568,0.1,11.209733552923247,0.8999999999999992
20.13,0.005816495514451133,0.00037857388549352366,0.1,11.209733552923247,0.8999999999999992
20.14,0.0062303340089209435,0.00015441594796720504,0.1,11.209733552923247,0.8999999999999992
20.150000000000002,0.00666063603421099,-3.5261917184335886e-06,0.1,11.209733552923247,0.8999999999999992
20.16,0.007054521313450185,-0.00015328288232955949,0.1,11.209733552923247,0.8999999999999992
20.17,0.007406936831503488,-0.0002987230957564014,0.1,11.209733552923247,0.8999999999999992
20.18,0.007629565401278081,-0.0005267282152739684,0.1,11.209733552923247,0.8999999999999992
20.19,0.007853621927088219,-0.0006950962221319548,0.1,11.209733552923247,0.8999999999999992
20.2,0.00798448662001544,-0.0009036410458753553,0.1,11.209733552923247,0.8999999999999992
20.21,0.008086695590048914,-0.0010820359423442969,0.1,11.209733552923247,0.8999999999999992
20.22,0.008170746203455937,-0.001222114297773199,0.1,11.209733552923247,0.8999999999999992
20.23,0.00829048888296556,-0.0012734925207850683,0.1,11.209733552923247,0.8999999999999992
20.240000000000002,0.008311941261613118,-0.0013794734766708662,0.1,11.209733552923247,0.8999999999999992
20.25,0.008149582351268102,-0.0016189979336215657,0.1,11.209733552923247,0.8999999999999992
20.26,0.00796440501553467,-0.0018158487878069598,0.1,11.209733552923247,0.8999999999999992
20.27,0.007837996205495162,-0.0018932420921366486,0.1,11.209733552923247,0.8999999999999992
20.28,0.007742717953174476,-0.0018924608821179229,0.1,11.209733552923247,0.8999999999999992
20.29,0.007627450924595023,-0.0018738139180066564,0.1,11.209733552923247,0.8999999999999992
20.3,0.007457605384476757,-0.0018744601642968932,0.1,11.209733552923247,0.8999999999999992
20.31,0.007298844373760787,-0.0018272771199068587,0.1,11.209733552923247,0.8999999999999992
20.32,0.0070627501314486545,-0.001826893861182861,0.1,11.209733552923247,0.8999999999999992
20.330000000000002,0.00682282725193419,-0.0017955237716544932,0.1,11.209733552923247,0.8999999999999992
20.34,0.006581482360908146,-0.0017353396039811733,0.1,11.209733552923247,0.8999999999999992
20.35,0.006367406659238108,-0.0016221007637806715,0.1,11.209733552923247,0.8999999999999992
20.36,0.0062663905213002765,-0.0013772821356048252,0.1,11.209733552923247,0.8999999999999992
20.37,0.006160357479672134,-0.0011350937516738076,0.1,11.209733552923247,0.8999999999999992
20.38,0.006004662173282781,-0.0009412632394320264,0.1,11.209733552923247,0.8999999999999992
20.39,0.005824138390505224,-0.0007669171989544639,0.1,11.209733552923247,0.8999999999999992
20.400000000000002,0.005532348559509395,-0.0006977153586146125,0.1,11.209733552923247,0.8999999999999992
20.41,0.005184274025113591,-0.0006683212487557344,0.1,11.209733552923247,0.8999999999999992
20.42,0.004795616749852642,-0.0006600772297725797,0.1,11.209733552923247,0.8999999999999992
20.43,0.004362211375898111,-0.0006763641268143929,0.1,11.209733552923247,0.8999999999999992
20.44,0.003919635830681602,-0.0006805210970499535,0.1,11.209733552923247,0.8999999999999992
20.45,0.0034209077623731346,-0.0007226423320413165,0.1,11.209733552923247,0.8999999999999992
20.46,0.002965224752976304,-0.0007010953566434408,0.1,11.209733552923247,0.8999999999999992
20.47,0.002498301541725902,-0.0006792071199788643,0.1,11.209733552923247,0.8999999999999992
20.48,0.0020215173384732334,-0.0006575779983851776,0.1,11.209733552923247,0.8999999999999992
20.490000000000002,0.001520834553029902,-0.0006521937947564518,0.1,11.209733552923247,0.8999999999999992
20.5,0.0010224079704057977,-0.000637084238120296,0.1,11.209733552923247,0.8999999999999992
20.51,0.000561698422715929,-0.0005799135110871692,0.1,11.209733552923247,0.8999999999999992
20.52,5.587557729823628e-05,-0.0005702757449607921,0.1,11.209733552923247,0.8999999999999992
20.53,-0.000482567857665248,-0.0005923824505566053,0.1,11.209733552923247,0.8999999999999992
20.54,-0.0010337540490918673,-0.0006248366159145794,0.1,11.209733552923247,0.8999999999999992
20.55,-0.0016476015030956962,-0.0007184470917316453,0.1,11.209733552923247,0.8999999999999992
20.56,-0.0022952935326131184,-0.0008395970497108505,0.1,11.209733552923247,0.8999999999999992
20.57,-0.002957087458117748,-0.000967541717625575,0.1,11.209733552923247,0.8999999999999992
20.580000000000002,-0.0035628260173048184,-0.0010334770238705293,0.1,11.209733552923247,0.8999999999999992
20.59,-0.004140765298146323,-0.0010747471524584923,0.1,11.209733552923247,0.8999999999999992
20.6,-0.004692100057974423,-0.0010974273122074454,0.1,11.209733552923247,0.8999999999999992
20.61,-0.005181814916381282,-0.0010706650388388407,0.1,11.209733552923247,0.8999999999999992
20.62,-0.005657451664027965,-0.0010495712805491334,0.1,11.209733552923247,0.8999999999999992
20.63,-0.006090754808493661,-0.0010071963862899394,0.1,11.209733552923247,0.8999999999999992
20.64,-0.00650474040127597,-0.0009707988153566625,0.1,11.209733552923247,0.8999999999999992
20.650000000000002,-0.0068793642051985645,-0.0009214170351414476,0.1,11.209733552923247,0.8999999999999992
20.66,-0.007255592676903285,-0.0009031205269227344,0.1,11.209733552923247,0.8999999999999992
20.67,-0.007724741846283532,-0.0010052687860159755,0.1,11.209733552923247,0.8999999999999992
20.68,-0.00816963976615437,-0.0010986096651922402,0.1,11.209733552923247,0.8999999999999992
20.69,-0.0085107029362638,-0.001105919395718052,0.1,11.209733552923247,0.8999999999999992
20.7,-0.008771515364628595,-0.0010617256503117865,0.1,11.209733552923247,0.8999999999999992
20.71,-0.008949168551676682,-0.0009700687006680417,0.1,11.209733552923247,0.8999999999999992
20.72,-0.009029507648117923,-0.0008231416939944417,0.1,11.209733552923247,0.8999999999999992
20.73,-0.009069686458545237,-0.0006851492275905326,0.1,11.209733552923247,0.8999999999999992
20.740000000000002,-0.00906415361783674,-0.0005501926953569208,0.1,11.209733552923247,0.8999999999999992
20.75,-0.00905372506056517,-0.0004592099084038963,0.1,11.209733552923247,0.8999999999999992
20.76,-0.00902336790077062,-0.00039250778698243235,0.1,11.209733552923247,0.8999999999999992
20.77,-0.00892662971202887,-0.0003010113816465808,0.1,11.209733552923247,0.8999999999999992
20.78,-0.008734553118060326,-0.000158480408803445,0.1,11.209733552923247,0.8999999999999992
20.79,-0.008515158280911579,-3.8415967427222076e-05,0.1,11.209733552923247,0.8999999999999992
20.8,-0.008284875804384449,4.571170245545044e-05,0.1,11.209733552923247,0.8999999999999992
20.81,-0.008022089833710442,0.00012017069240504546,0.1,11.209733552923247,0.8999999999999992
20.82,-0.007697836370309165,0.000215794491553742,0.1,11.209733552923247,0.8999999999999992
20.830000000000002,-0.007415710061290258,0.0002275588304934335,0.1,11.209733552923247,0.8999999999999992
20.84,-0.007219398876373987,0.0001222852401339433,0.1,11.209733552923247,0.8999999999999992
20.85,-0.00702230980074782,9.08207093442464e-07,0.1,11.209733552923247,0.8999999999999992
20.86,-0.006858730467606877,-0.00016778061366933266,0.1,11.209733552923247,0.8999999999999992
20.87,-0.00669364454111785,-0.00034213581683939986,0.1,11.209733552923247,0.8999999999999992
20.88,-0.006509687267047247,-0.0005028102289706887,0.1,11.209733552923247,0.8999999999999992
20.89,-0.006322877155461639,-0.0006659901984338489,0.1,11.209733552923247,0.8999999999999992
20.900000000000002,-0.006038668758783644,-0.0007354623474980288,0.1,11.209733552923247,0.8999999999999992
20.91,-0.005714567623568845,-0.0007778366544107635,0.1,11.209733552923247,0.8999999999999992
20.92,-0.005353206662801561,-0.0007973240461091482,0.1,11.209733552923247,0.8999999999999992
20.93,-0.0049399630929772235,-0.0007803493993620316,0.1,11.209733552923247,0.8999999999999992
20.94,-0.004564572230018282,-0.0008191554998760699,0.1,11.209733552923247,0.8999999999999992
20.95,-0.004119580959683094,-0.0007983832481579762,0.1,11.209733552923247,0.8999999999999992
20.96,-0.0036625594411968812,-0.000780596606361004,0.1,11.209733552923247,0.8999999999999992
20.97,-0.003158011708255059,-0.0007282158836165751,0.1,11.209733552923247,0.8999999999999992
20.98,-0.0026950940541963916,-0.0007324772616236903,0.1,11.209733552923247,0.8999999999999992
20.990000000000002,-0.002299687451237128,-0.0008110529231113134,0.1,11.209733552923247,0.8999999999999992
21.0,-0.0018547029698236278,-0.0008366454951462057,0.1,11.209733552923247,0.8999999999999992
21.01,-0.0013840209227491916,-0.0008372201951453173,0.1,11.209733552923247,0.8999999999999992
21.02,-0.0009534482398435593,-0.0008795272629746014,0.1,11.209733552923247,0.8999999999999992
21.03,-0.0005630252209068989,-0.0009570604337638608,0.1,11.209733552923247,0.8999999999999992
21.04,-0.0001144981512891619,-0.0009657747471533098,0.1,11.209733552923247,0.8999999999999992
21.05,0.0002745618171987429,-0.0010291613636828258,0.1,11.209733552923247,0.8999999999999992
21.06,0.0007442824467731996,-0.000999182508902068,0.1,11.209733552923247,0.8999999999999992
21.07,0.0011655640096607579,-0.0010136806050166846,0.1,11.209733552923247,0.8999999999999992
21.080000000000002,0.0016137424249940482,-0.0009906175581858435,0.1,11.209733552923247,0.8999999999999992
21.09,0.0020386709383885776,-0.0009826830029233788,0.1,11.209733552923247,0.8999999999999992
21.1,0.0024852855445574723,-0.0009416069761693798,0.1,11.209733552923247,0.8999999999999992
21.11,0.0028944363219550774,-0.0009286649233586561,0.1,11.209733552923247,0.8999999999999992
21.12,0.0032836115266869337,-0.0009216600053748314,0.1,11.209733552923247,0.8999999999999992
21.13,0.0036614803362737414,-0.0009097627983226498,0.1,11.209733552923247,0.8999999999999992
21.14,0.003974406959285333,-0.0009457289069100741,0.1,11.209733552923247,0.8999999999999992
21.150000000000002,0.004308371543178087,-0.0009368525391031486,0.1,11.209733552923247,0.8999999999999992
21.16,0.004599332715065737,-0.0009509421975907014,0.1,11.209733552923247,0.8999999999999992
21.17,0.004860415492251823,-0.000971114179692387,0.1,11.209733552923247,0.8999999999999992
21.18,0.005052331566676917,-0.0010348884279837132,0.1,11.209733552923247,0.8999999999999992
21.19,0.005095993236541326,-0.0012154810859042904,0.1,11.209733552923247,0.8999999999999992
21.2,0.005109941681695746,-0.001380402056537964,0.1,11.209733552923247,0.8999999999999992
21.21,0.005224333708321267,-0.0014005905248544366,0.1,11.209733552923247,0.8999999999999992
21.22,0.005357216714530901,-0.0013737362070377075,0.1,11.209733552923247,0.8999999999999992
21.23,0.0054678543748822766,-0.0013454587668342594,0.1,11.209733552923247,0.8999999999999992
21.240000000000002,0.005543650632271746,-0.0013282123129271693,0.1,11.209733552923247,0.8999999999999992
21.25,0.005598608932573079,-0.0013065495203279977,0.1,11.209733552923247,0.8999999999999992
21.26,0.005658765808188511,-0.001254822725334726,0.1,11.209733552923247,0.8999999999999992
21.27,0.005637481974192793,-0.0012630328922390822,0.1,11.209733552923247,0.8999999999999992
21.28,0.005649679622003093,-0.0012096121724120765,0.1,11.209733552923247,0.8999999999999992
21.29,0.005675330096792817,-0.0011216887704393168,0.1,11.209733552923247,0.8999999999999992
21.3,0.0057144589022327715,-0.001003371734904793,0.1,11.209733552923247,0.8999999999999992
21.31,0.005752912586315244,-0.0008725511010601568,0.1,11.209733552923247,0.8999999999999992
21.32,0.005769597061045943,-0.0007521004057760154,0.1,11.209733552923247,0.8999999999999992
21.330000000000002,0.005797130456881767,-0.0006086601280028498,0.1,11.209733552923247,0.8999999999999992
21.34,0.005831340872300452,-0.0004494489628950913,0.1,11.209733552923247,0.8999999999999992
21.35,0.005824793830741665,-0.0003241718385096745,0.1,11.209733552923247,0.8999999999999992
21.36,0.00576657788324866,-0.00024046353261823189,0.1,11.209733552923247,0.8999999999999992
21.37,0.005690747429483954,-0.0001601802863457459,0.1,11.209733552923247,0.8999999999999992
21.38,0.005669977643397562,-1.0893487315921576e-05,0.1,11.209733552923247,0.8999999999999992
21.39,0.00556488909879322,5.9597024495389135e-05,0.1,11.209733552923247,0.8999999999999992
21.400000000000002,0.0053645600778694505,4.8503704331026106e-05,0.1,11.209733552923247,0.8999999999999992
21.41,0.005151490993726651,4.671156623175723e-05,0.1,11.209733552923247,0.8999999999999992
21.42,0.004920842092487253,4.74820893973519e-05,0.1,11.209733552923247,0.8999999999999992
21.43,0.004679664217458384,5.664509988907906e-05,0.1,11.209733552923247,0.8999999999999992
21.44,0.004432450606377469,7.674583231332432e-05,0.1,11.209733552923247,0.8999999999999992
21.45,0.00415682548257097,8.311013232471521e-05,0.1,11.209733552923247,0.8999999999999992
21.46,0.003939558666587443,0.00016291971324130638,0.1,11.209733552923247,0.8999999999999992
21.47,0.0036269111642744344,0.0001530146630351684,0.1,11.209733552923247,0.8999999999999992
21.48,0.003258832986869013,0.00010220091869992632,0.1,11.209733552923247,0.8999999999999992
21.490000000000002,0.0028730947926776974,5.156786239501292e-05,0.1,11.209733552923247,0.8999999999999992
21.5,0.0023942403725186415,-7.570175247048097e-05,0.1,11.209733552923247,0.8999999999999992
21.51,0.0018976200044309908,-0.00019707137468271833,0.1,11.209733552923247,0.8999999999999992
21.52,0.0014770782614988976,-0.00022086290111940227,0.1,11.209733552923247,0.8999999999999992
21.53,0.0010521701134803573,-0.00024004741310875571,0.1,11.209733552923247,0.8999999999999992
21.54,0.0006350681177826898,-0.0002445794934207952,0.1,11.209733552923247,0.8999999999999992
21.55,0.00015286783738598705,-0.0003106416846458947,0.1,11.209733552923247,0.8999999999999992
21.56,-0.00036027181116455274,-0.0003988241242510095,0.1,11.209733552923247,0.8999999999999992
21.57,-0.0008902358429815156,-0.0004942186893797278,0.1,11.209733552923247,0.8999999999999992
21.580000000000002,-0.001432041155366914,-0.0005927590410255089,0.1,11.209733552923247,0.8999999999999992
21.59,-0.0019035690008139183,-0.0006137324328118138,0.1,11.209733552923247,0.8999999999999992
21.6,-0.002339225776183935,-0.0006020263183058323,0.1,11.209733552923247,0.8999999999999992
21.61,-0.002820784899419127,-0.0006448403273664399,0.1,11.209733552923247,0.8999999999999992
21.62,-0.0032784012121863503,-0.0006679412195841778,0.1,11.209733552923247,0.8999999999999992
21.63,-0.0036977062120030347,-0.0006608814487787116,0.1,11.209733552923247,0.8999999999999992
21.64,-0.00404498649589227,-0.0005950036119325414,0.1,11.209733552923247,0.8999999999999992
21.650000000000002,-0.0042969234985603165,-0.0004552003684688865,0.1,11.209733552923247,0.8999999999999992
21.66,-0.004582399699788074,-0.0003801661499067018,0.1,11.209733552923247,0.8999999999999992
21.67,-0.004890042711477288,-0.0003526601412954294,0.1,11.209733552923247,0.8999999999999992
21.68,-0.005240951858273861,-0.0003897516354818196,0.1,11.209733552923247,0.8999999999999992
21.69,-0.005582520640268459,-0.00043281049567752685,0.1,11.209733552923247,0.8999999999999992
21.7,-0.005878391026646598,-0.00044597292744266655,0.1,11.209733552923247,0.8999999999999992
21.71,-0.006101391859229739,-0.0004065193668696466,0.1,11.209733552923247,0.8999999999999992
21.72,-0.0063038799125837725,-0.0003737205759237486,0.1,11.209733552923247,0.8999999999999992
21.73,-0.006497271133675524,-0.0003591482273087883,0.1,11.209733552923247,0.8999999999999992
21.740000000000002,-0.006657230865623349,-0.00033721821251219,0.1,11.209733552923247,0.8999999999999992
21.75,-0.006832506088900557,-0.0003581942848969696,0.1,11.209733552923247,0.8999999999999992
21.76,-0.006876155448003557,-0.000270906988944158,0.1,11.209733552923247,0.8999999999999992
21.77,-0.00697299823547448,-0.0002728052070209163,0.1,11.209733552923247,0.8999999999999992
21.78,-0.0070329788575836955,-0.00026417472095741204,0.1,11.209733552923247,0.8999999999999992
21.79,-0.006963954100475089,-0.00015429708891508319,0.1,11.209733552923247,0.8999999999999992
21.8,-0.006867165787079978,-5.5897191571870614e-05,0.1,11.209733552923247,0.8999999999999992
21.81,-0.0067528657298782675,2.20926610825784e-05,0.1,11.209733552923247,0.8999999999999992
21.82,-0.006629892998543251,7.330257973294948e-05,0.1,11.209733552923247,0.8999999999999992
21.830000000000002,-0.00648988905558082,0.00010941182195775705,0.1,11.209733552923247,0.8999999999999992
21.84,-0.006255761637793308,0.00020964768827297554,0.1,11.209733552923247,0.8999999999999992
21.85,-0.006107764685953047,0.00018712639371826028,0.1,11.209733552923247,0.8999999999999992
21.86,-0.0058591315575096895,0.0002430851372435679,0.1,11.209733552923247,0.8999999999999992
21.87,-0.005658813995574659,0.0002205575766979409,0.1,11.209733552923247,0.8999999999999992
21.88,-0.0054496892654570155,0.00018637448035240838,0.1,11.209733552923247,0.8999999999999992
21.89,-0.005240721370220854,0.0001338594031521468,0.1,11.209733552923247,0.8999999999999992
21.900000000000002,-0.0049818452407112265,0.00011618284900509167,0.1,11.209733552923247,0.8999999999999992
21.91,-0.004783466668239989,2.014057693607062e-05,0.1,11.209733552923247,0.8999999999999992
21.92,-0.004543293471564594,-4.201044857038087e-05,0.1,11.209733552923247,0.8999999999999992
21.93,-0.004184208763224575,4.248973075940094e-06,0.1,11.209733552923247,0.8999999999999992
21.94,-0.003877123245732697,-2.2898897112049832e-05,0.1,11.209733552923247,0.8999999999999992
21.95,-0.0035455532363179313,-3.7400705913677956e-05,0.1,11.209733552923247,0.8999999999999992
21.96,-0.003233416622672227,-8.321385560064223e-05,0.1,11.209733552923247,0.8999999999999992
21.97,-0.002887532768158644,-0.00010222278468197007,0.1,11.209733552923247,0.8999999999999992
21.98,-0.0025296378861820235,-0.00011772090628391248,0.1,11.209733552923247,0.8999999999999992
21.990000000000002,-0.0021941886344537453,-0.00016307583356927867,0.1,11.209733552923247,0.8999999999999992
22.0,-0.0018260189082122719,-0.0001782638275961115,0.1,11.209733552923247,0.8999999999999992
22.01,-0.0013607911125065172,-0.00010081293709417942,0.1,11.209733552923247,0.8999999999999992
22.02,-0.0009002015462016501,-4.126873200569455e-05,0.1,11.209733552923247,0.8999999999999992
22.03,-0.0004005308190987751,4.7692001672097936e-05,0.1,11.209733552923247,0.8999999999999992
22.04,3.555782167741857e-05,6.173958503480837e-05,0.1,11.209733552923247,0.8999999999999992
22.05,0.00042324817831860737,2.613286719559865e-05,0.1,11.209733552923247,0.8999999999999992
22.06,0.0008325002416637793,1.80703197405289e-05,0.1,11.209733552923247,0.8999999999999992
22.07,0.0013122622751527912,8.505408758410771e-05,0.1,11.209733552923247,0.8999999999999992
22.080000000000002,0.0018041446102371045,0.00016190705712129178,0.1,11.209733552923247,0.8999999999999992
22.09,0.0022727596840260164,0.00021377607560874064,0.1,11.209733552923247,0.8999999999999992
22.1,0.0027318982174202745,0.00025889946246124,0.1,11.209733552923247,0.8999999999999992
22.11,0.003117272123714661,0.0002353770336825221,0.1,11.209733552923247,0.8999999999999992
22.12,0.003520179925351878,0.00024381146395860236,0.1,11.209733552923247,0.8999999999999992
22.13,0.0039529043589900765,0.0002944461066808326,0.1,11.209733552923247,0.8999999999999992
22.14,0.0043469861106495535,0.00031558716294789757,0.1,11.209733552923247,0.8999999999999992
22.150000000000002,0.00470001045986974,0.0003095892265119657,0.1,11.209733552923247,0.8999999999999992
22.16,0.00504742079865535,0.0003163413429112089,0.1,11.209733552923247,0.8999999999999992
22.17,0.00535272132168872,0.0002992449605703875,0.1,11.209733552923247,0.8999999999999992
22.18,0.005633278216702029,0.00027959413103627117,0.1,11.209733552923247,0.8999999999999992
22.19,0.005996301353286601,0.00036604805403525056,0.1,11.209733552923247,0.8999999999999992
22.2,0.006322937732806627,0.00042892788386564957,0.1,11.209733552923247,0.8999999999999992
22.21,0.0066063685107158624,0.00046508582547049763,0.1,11.209733552923247,0.8999999999999992
22.22,0.006831057870073999,0.0004629412246958787,0.1,11.209733552923247,0.8999999999999992
22.23,0.007065764203120342,0.0004964211524301583,0.1,11.209733552923247,0.8999999999999992
22.240000000000002,0.007263280102182264,0.0005150935887267469,0.1,11.209733552923247,0.8999999999999992
22.25,0.007399455552923915,0.0004971520623341727,0.1,11.209733552923247,0.8999999999999992
22.26,0.007572348150192154,0.000545342198712607,0.1,11.209733552923247,0.8999999999999992
22.27,0.00778615357283692,0.0006569093845877265,0.1,11.209733552923247,0.8999999999999992
22.28,0.007938985509544094,0.0007232440664196424,0.1,11.209733552923247,0.8999999999999992
22.29,0.007966995758216458,0.0006858942217867597,0.1,11.209733552923247,0.8999999999999992
22.3,0.008013901242572494,0.0007004364277041215,0.1,11.209733552923247,0.8999999999999992
22.31,0.007994890716166738,0.0006763372454116913,0.1,11.209733552923247,0.8999999999999992
22.32,0.007983867916806124,0.0006918248239615323,0.1,11.209733552923247,0.8999999999999992
22.330000000000002,0.007842831902187508,0.0006043243928270534,0.1,11.209733552923247,0.8999999999999992
22.34,0.007715604531194943,0.0005689641171516559,0.1,11.209733552923247,0.8999999999999992
22.35,0.007497485805334073,0.00047479821767280525,0.1,11.209733552923247,0.8999999999999992
22.36,0.007286524516591817,0.0004259460082445432,0.1,11.209733552923247,0.8999999999999992
22.37,0.007047721796755085,0.00038165093949011665,0.1,11.209733552923247,0.8999999999999992
22.38,0.006733637618243195,0.00029316185650223904,0.1,11.209733552923247,0.8999999999999992
22.39,0.006372932372474536,0.00019317148075771007,0.1,11.209733552923247,0.8999999999999992
22.400000000000002,0.006021744426242993,0.00013804306249762867,0.1,11.209733552923247,0.8999999999999992
22.41,0.00565242949649685,9.38992719435987e-05,0.1,11.209733552923247,0.8999999999999992
22.42,0.0052903896334898885,8.35979760379608e-05,0.1,11.209733552923247,0.8999999999999992
22.43,0.005006648218447641,0.00017295372689663245,0.1,11.209733552923247,0.8999999999999992
22.44,0.0046252130093182835,0.00017330870588775632,0.1,11.209733552923247,0.8999999999999992
22.45,0.0043067602550773895,0.0002537999711026956,0.1,11.209733552923247,0.8999999999999992
22.46,0.003976841342479717,0.00032940372343989255,0.1,11.209733552923247,0.8999999999999992
22.47,0.003586613206052018,0.0003502172566401451,0.1,11.209733552923247,0.8999999999999992
22.48,0.0031161002350804145,0.0003007785510945612,0.1,11.209733552923247,0.8999999999999992
22.490000000000002,0.0026242998869031764,0.00024628778575469095,0.1,11.209733552923247,0.8999999999999992
22.5,0.0021687135239849154,0.00024306998117624404,0.1,11.209733552923247,0.8999999999999992
22.51,0.0016986435535942866,0.00023287904388060061,0.1,11.209733552923247,0.8999999999999992
22.52,0.0012978954237294414,0.00029847905133744513,0.1,11.209733552923247,0.8999999999999992
22.53,0.0008198653717374055,0.0002829227401741596,0.1,11.209733552923247,0.8999999999999992
22.54,0.0003384722036525789,0.00026740442475316613,0.1,11.209733552923247,0.8999999999999992
22.55,-0.0002063954781851453,0.00018996584688256738,0.1,11.209733552923247,0.8999999999999992
22.56,-0.0007317218815218389,0.0001387170048641752,0.1,11.209733552923247,0.8999999999999992
22.57,-0.0012092898667494343,0.00013706100704720143,0.1,11.209733552923247,0.8999999999999992
22.580000000000002,-0.0017026442886394293,0.00011401311331956862,0.1,11.209733552923247,0.8999999999999992
22.59,-0.002318994278713033,-3.7088923599264974e-05,0.1,11.209733552923247,0.8999999999999992
22.6,-0.0029156254890010235,-0.00016100789420827927,0.1,11.209733552923247,0.8999999999999992
22.61,-0.0034783127124287817,-0.000248439398144698,0.1,11.209733552923247,0.8999999999999992
22.62,-0.004006490682703047,-0.0003047870947655762,0.1,11.209733552923247,0.8999999999999992
22.63,-0.004456534374185957,-0.00029176965622355834,0.1,11.209733552923247,0.8999999999999992
22.64,-0.004942087013450609,-0.00033262527884524336,0.1,11.209733552923247,0.8999999999999992
22.650000000000002,-0.005373632717308066,-0.00033353628216810366,0.1,11.209733552923247,0.8999999999999992
22.66,-0.005723907248191134,-0.0002734021293552277,0.1,11.209733552923247,0.8999999999999992
22.67,-0.006140163803676375,-0.00030791901985646096,0.1,11.209733552923247,0.8999999999999992
22.68,-0.006515781116230112,-0.0003213339351498798,0.1,11.209733552923247,0.8999999999999992
22.69,-0.006890508530229168,-0.00035717207528941636,0.1,11.209733552923247,0.8999999999999992
22.7,-0.007241734713143029,-0.00039162309208944134,0.1,11.209733552923247,0.8999999999999992
22.71,-0.007546636622978516,-0.00040324790050889214,0.1,11.209733552923247,0.8999999999999992
22.72,-0.007845802131898817,-0.0004363274433743059,0.1,11.209733552923247,0.8999999999999992
22.73,-0.008147479893967852,-0.0004977286303370196,0.1,11.209733552923247,0.8999999999999992
22.740000000000002,-0.0084149833960327,-0.000548512931909308,0.1,11.209733552923247,0.8999999999999992
22.75,-0.008703360668674392,-0.0006457505189714671,0.1,11.209733552923247,0.8999999999999992
22.76,-0.009011381329783776,-0.0007837327296022448,0.1,11.209733552923247,0.8999999999999992
22.77,-0.009249549798551292,-0.000869046802913479,0.1,11.209733552923247,0.8999999999999992
22.78,-0.009508404041648023,-0.0009987209243476848,0.1,11.209733552923247,0.8999999999999992
22.79,-0.009696146130905484,-0.0010764708309429665,0.1,11.209733552923247,0.8999999999999992
22.8,-0.009822292062820114,-0.0011180481291216899,0.1,11.209733552923247,0.8999999999999992
22.81,-0.00999582533045356,-0.0012367996050031015,0.1,11.209733552923247,0.8999999999999992
22.82,-0.01016360136076657,-0.0013711161488590225,0.1,11.209733552923247,0.8999999999999992
22.830000000000002,-0.010231379855008443,-0.0014251234297441016,0.1,11.209733552923247,0.8999999999999992
22.84,-0.010307756978654574,-0.0015164547458291642,0.1,11.209733552923247,0.8999999999999992
22.85,-0.010366584544835772,-0.001614690223156702,0.1,11.209733552923247,0.8999999999999992
22.86,-0.010361324603409005,-0.001672337943588313,0.1,11.209733552923247,0.8999999999999992
22.87,-0.010275995526496766,-0.0016776942094043857,0.1,11.209733552923247,0.8999999999999992
22.88,-0.01016276071869411,-0.0016883983688693713,0.1,11.209733552923247,0.8999999999999992
22.89,-0.010039393684267262,-0.0017211018965654949,0.1,11.209733552923247,0.8999999999999992
22.900000000000002,-0.00980539758615371,-0.0016721936113906286,0.1,11.209733552923247,0.8999999999999992
22.91,-0.009445980342880099,-0.0015352701839938829,0.1,11.209733552923247,0.8999999999999992
22.92,-0.009000688378644794,-0.0013588285251222266,0.1,11.209733552923247,0.8999999999999992
22.93,-0.00851604250579159,-0.0011927116006203125,0.1,11.209733552923247,0.8999999999999992
22.94,-0.008038674576655278,-0.001081086707082837,0.1,11.209733552923247,0.8999999999999992
22.95,-0.007571570820583657,-0.0010193405526621386,0.1,11.209733552923247,0.8999999999999992
22.96,-0.007048917099527222,-0.0009344278233204047,0.1,11.209733552923247,0.8999999999999992
22.97,-0.006478038111856047,-0.0008345096131922843,0.1,11.209733552923247,0.8999999999999992
22.98,-0.005812075804141541,-0.0006725174448527372,0.1,11.209733552923247,0.8999999999999992
22.990000000000002,-0.005091311798533536,-0.0004936686620487776,0.1,11.209733552923247,0.8999999999999992
23.0,-0.0044263228786854784,-0.00040825228937072856,0.1,11.209733552923247,0.8999999999999992
23.01,-0.003691927144565477,-0.0002782871845302216,0.1,11.209733552923247,0.8999999999999992
23.02,-0.002993593693387514,-0.00021182518435619149,0.1,11.209733552923247,0.8999999999999992
23.03,-0.002303338905061815,-0.00017124217060469175,0.1,11.209733552923247,0.8999999999999992
23.04,-0.001592171143694017,-0.00012206294027138725,0.1,11.209733552923247,0.8999999999999992
23.05,-0.0007756455358675527,2.1819509810045283e-05,0.1,11.209733552923247,0.8999999999999992
23.06,0.00019862159998914664,0.0003048390259860977,0.1,11.209733552923247,0.8999999999999992
23.07,0.0012014664950198367,0.0005849824856996768,0.1,11.209733552923247,0.8999999999999992
23.080000000000002,0.0021894055146166732,0.0008219732173315212,0.1,11.209733552923247,0.8999999999999992
23.09,0.0031944384510968083,0.001055641190901367,0.1,11.209733552923247,0.8999999999999992
23.1,0.004230237988415773,0.0013030972061781633,0.1,11.209733552923247,0.8999999999999992
23.11,0.005232268034732311,0.001501388802620156,0.1,11.209733552923247,0.8999999999999992
23.12,0.006302400452548838,0.0017610874702287034,0.1,11.209733552923247,0.8999999999999992
23.13,0.007358085396209558,0.0019959659537910532,0.1,11.209733552923247,0.8999999999999992
23.14,0.008408553252577177,0.00222128770339914,0.1,11.209733552923247,0.8999999999999992
23.150000000000002,0.00945807121601578,0.0024456530837350687,0.1,11.209733552923247,0.8999999999999992
23.16,0.010490280023501905,0.002656067616525216,0.1,11.209733552923247,0.8999999999999992
23.17,0.01152198968164858,0.0028741461166685908,0.1,11.209733552923247,0.8999999999999992
23.18,0.012476317978781239,0.003025351186117214,0.1,11.209733552923247,0.8999999999999992
23.19,0.013352522330786357,0.0031195966696428465,0.1,11.209733552923247,0.8999999999999992
23.2,0.014120129121526255,0.0031358598544393487,0.1,11.209733552923247,0.8999999999999992
23.21,0.014853199331597719,0.0031598788994109286,0.1,11.209733552923247,0.8999999999999992
23.22,0.01556584521603736,0.0032076535776928575,0.1,11.209733552923247,0.8999999999999992
23.23,0.016239215604119804,0.0032602504017159016,0.1,11.209733552923247,0.8999999999999992
23.240000000000002,0.01693152738996288,0.0033777523340666445,0.1,11.209733552923247,0.8999999999999992
23.25,0.0175560240721806,0.0034683504782866926,0.1,11.209733552923247,0.8999999999999992
23.26,0.01814402493551636,0.0035684467977131784,0.1,11.209733552923247,0.8999999999999992
23.27,0.018605223014839,0.0035885497830213746,0.1,11.209733552923247,0.8999999999999992
23.28,0.018973154434578393,0.003572857162438496,0.1,11.209733552923247,0.8999999999999992
23.29,0.019300591799372314,0.003579611148599354,0.1,11.209733552923247,0.8999999999999992
23.3,0.01959396115003191,0.0036139246440798135,0.1,11.209733552923247,0.8999999999999992
23.31,0.019794984925877186,0.0036153918246365634,0.1,11.209733552923247,0.8999999999999992
23.32,0.01991408024721614,0.003598840113563063,0.1,11.209733552923247,0.8999999999999992
23.330000000000002,0.019878545148279088,0.0034940590182869287,0.1,11.209733552923247,0.8999999999999992
23.34,0.01974671677372756,0.0033694829335542092,0.1,11.209733552923247,0.8999999999999992
23.35,0.01958158247261575,0.003290213044815253,0.1,11.209733552923247,0.8999999999999992
23.36,0.01936806856758957,0.0032356793796266474,0.1,11.209733552923247,0.8999999999999992
23.37,0.01910333939262737,0.003199572662558306,0.1,11.209733552923247,0.8999999999999992
23.38,0.018765946670181183,0.0031574067967713535,0.1,11.209733552923247,0.8999999999999992
23.39,0.018355159510450202,0.00310789799357962,0.1,11.209733552923247,0.8999999999999992
23.400000000000002,0.017839303815670466,0.0030187029576542123,0.1,11.209733552923247,0.8999999999999992
23.41,0.017288478649015032,0.002962619702045951,0.1,11.209733552923247,0.8999999999999992
23.42,0.01669100077676074,0.0029222320066542317,0.1,11.209733552923247,0.8999999999999992
23.43,0.016052827894888377,0.0028994764848495704,0.1,11.209733552923247,0.8999999999999992
23.44,0.015325617419427982,0.0028415461354459244,0.1,11.209733552923247,0.8999999999999992
23.45,0.014430963895996605,0.0026712824337148276,0.1,11.209733552923247,0.8999999999999992
23.46,0.013535091499764389,0.0025645869382288087,0.1,11.209733552923247,0.8999999999999992
23.47,0.012562738703673896,0.0024358919627818017,0.1,11.209733552923247,0.8999999999999992
23.48,0.01149862376769753,0.0022689967419371156,0.1,11.209733552923247,0.8999999999999992
23.490000000000002,0.010424852145155185,0.002146693231386114,0.1,11.209733552923247,0.8999999999999992
23.5,0.009291397995594414,0.0020101464848226347,0.1,11.209733552923247,0.8999999999999992
23.51,0.008175393150365699,0.0019341038904356254,0.1,11.209733552923247,0.8999999999999992
23.52,0.0070590794489740535,0.0018898762722316688,0.1,11.209733552923247,0.8999999999999992
23.53,0.00595019239880493,0.0018773682134938352,0.1,11.209733552923247,0.8999999999999992
23.54,0.00475062603209132,0.0017905654446789213,0.1,11.209733552923247,0.8999999999999992
23.55,0.00359410171117604,0.0017671081679655576,0.1,11.209733552923247,0.8999999999999992
23.56,0.002437607496316734,0.0017523901098882384,0.1,11.209733552923247,0.8999999999999992
23.57,0.0012541826300404664,0.001713954609144927,0.1,11.209733552923247,0.8999999999999992
23.580000000000002,7.4159297435501e-05,0.0016802690629110547,0.1,11.209733552923247,0.8999999999999992
23.59,-0.001193788542653116,0.0015549480641818356,0.1,11.209733552923247,0.8999999999999992
23.6,-0.0024353229060657946,0.0014580944881657015,0.1,11.209733552923247,0.8999999999999992
23.61,-0.003717470041055452,0.0013149698918133248,0.1,11.209733552923247,0.8999999999999992
23.62,-0.0050512925597310495,0.0011152074986123057,0.1,11.209733552923247,0.8999999999999992
23.63,-0.006439957511487381,0.0008575170777757974,0.1,11.209733552923247,0.8999999999999992
23.64,-0.007746175446343178,0.000681219833946871,0.1,11.209733552923247,0.8999999999999992
23.650000000000002,-0.009051969658038023,0.0004907088208630116,0.1,11.209733552923247,0.8999999999999992
23.66,-0.010244035946195149,0.00039649324046851927,0.1,11.209733552923247,0.8999999999999992
23.67,-0.011421258408312937,0.00028457782545691717,0.1,11.209733552923247,0.8999999999999992
23.68,-0.01263758222494719,9.88283795846954e-05,0.1,11.209733552923247,0.8999999999999992
23.69,-0.013858624764903656,-0.00012212967968482032,0.1,11.209733552923247,0.8999999999999992
23.7,-0.014961944023730722,-0.00025582524153724826,0.1,11.209733552923247,0.8999999999999992
23.71,-0.01601288748476161,-0.000381185142897002,0.1,11.209733552923247,0.8999999999999992
23.72,-0.017026978021238495,-0.0005182766796297038,0.1,11.209733552923247,0.8999999999999992
23.73,-0.017964833740999997,-0.0006298165432223876,0.1,11.209733552923247,0.8999999999999992
23.740000000000002,-0.018805740147371356,-0.000701165992578321,0.1,11.209733552923247,0.8999999999999992
23.75,-0.019515693620251524,-0.0007058079761389992,0.1,11.209733552923247,0.8999999999999992
23.76,-0.020075467307906266,-0.0006347135840296977,0.1,11.209733552923247,0.8999999999999992
23.77,-0.020573414885964394,-0.0005871424617355348,0.1,11.209733552923247,0.8999999999999992
23.78,-0.021055946314306986,-0.0006089359453953143,0.1,11.209733552923247,0.8999999999999992
23.79,-0.021475542925112282,-0.0006465339194227747,0.1,11.209733552923247,0.8999999999999992
23.8,-0.02179692386878984,-0.0006643132238306522,0.1,11.209733552923247,0.8999999999999992
23.81,-0.022080120571536008,-0.0007256470791059178,0.1,11.209733552923247,0.8999999999999992
23.82,-0.022323722801256413,-0.000825037044674335,0.1,11.209733552923247,0.8999999999999992
23.830000000000002,-0.022461761509546412,-0.0008927397601822559,0.1,11.209733552923247,0.8999999999999992
23.84,-0.022513419316606307,-0.000951693701230211,0.1,11.209733552923247,0.8999999999999992
23.85,-0.022474506199140265,-0.0009985831227192553,0.1,11.209733552923247,0.8999999999999992
23.86,-0.022384830967408554,-0.0010741519941552475,0.1,11.209733552923247,0.8999999999999992
23.87,-0.022218393676125433,-0.0011484536811935848,0.1,11.209733552923247,0.8999999999999992
23.88,-0.0220106197769426,-0.0012560297892134323,0.1,11.209733552923247,0.8999999999999992
23.89,-0.021671649287174223,-0.0013019707986391827,0.1,11.209733552923247,0.8999999999999992
23.900000000000002,-0.021195699059086005,-0.0012858135608814342,0.1,11.209733552923247,0.8999999999999992
23.91,-0.02072885690845069,-0.0013587168683037217,0.1,11.209733552923247,0.8999999999999992
23.92,-0.020227122896026354,-0.0014644865497216025,0.1,11.209733552923247,0.8999999999999992
23.93,-0.019720863599906546,-0.001627338863587262,0.1,11.209733552923247,0.8999999999999992
23.94,-0.019169756910931635,-0.0017978497350662399,0.1,11.209733552923247,0.8999999999999992
23.95,-0.018547694060264838,-0.0019461505535286134,0.1,11.209733552923247,0.8999999999999992
23.96,-0.017925512172262736,-0.002142478111123699,0.1,11.209733552923247,0.8999999999999992
23.97,-0.017279278371274045,-0.0023542363711621704,0.1,11.209733552923247,0.8999999999999992
23.98,-0.016615672815946107,-0.002582949052158049,0.1,11.209733552923247,0.8999999999999992
23.990000000000002,-0.01587677145268302,-0.0027652344977284115,0.1,11.209733552923247,0.8999999999999992
24.0,-0.015072462792569588,-0.002912520020019665,0.1,11.209733552923247,0.8999999999999992
24.01,-0.014245541620738012,-0.00306773665168147,0.1,11.209733552923247,0.8999999999999992
24.02,-0.013354367182360922,-0.003184446713402005,0.1,11.209733552923247,0.8999999999999992
24.03,-0.012438696994204856,-0.003302719490622808,0.1,11.209733552923247,0.8999999999999992
24.04,-0.01148841922431412,-0.0034081600734625125,0.1,11.209733552923247,0.8999999999999992
24.05,-0.010410064666503209,-0.0034045481261472054,0.1,11.209733552923247,0.8999999999999992
24.060000000000002,-0.009224668122641331,-0.003320881010591997,0.1,11.209733552923247,0.8999999999999992
24.07,-0.008069018507128971,-0.0032985451719888255,0.1,11.209733552923247,0.8999999999999992
24.080000000000002,-0.006841182712109994,-0.0032242267019458636,0.1,11.209733552923247,0.8999999999999992
24.09,-0.005546997018359816,-0.0031050148883017365,0.1,11.209733552923247,0.8999999999999992
24.1,-0.004289620008266925,-0.003044440670139186,0.1,11.209733552923247,0.8999999999999992
24.11,-0.002975626751991348,-0.0029377593824500992,0.1,11.209733552923247,0.8999999999999992
24.12,-0.0015743035894964375,-0.0027546490590566993,0.1,11.209733552923247,0.8999999999999992
24.13,-0.0002242938890220248,-0.0026375003470685207,0.1,11.209733552923247,0.8999999999999992
24.14,0.001079376137482892,-0.002569063549304279,0.1,11.209733552923247,0.8999999999999992
24.150000000000002,0.0024283643611127063,-0.002447341441311994,0.1,11.209733552923247,0.8999999999999992
24.16,0.0037799915638258184,-0.002316149297123299,0.1,11.209733552923247,0.8999999999999992
24.17,0.005142918144548427,-0.002163077030204149,0.1,11.209733552923247,0.8999999999999992
24.18,0.006501207832488786,-0.00200174788216607,0.1,11.209733552923247,0.8999999999999992
24.19,0.007852008287013242,-0.001831227250984813,0.1,11.209733552923247,0.8999999999999992
24.2,0.00910413584844886,-0.0017390862598441873,0.1,11.209733552923247,0.8999999999999992
24.21,0.01037143547995893,-0.0015981346466019037,0.1,11.209733552923247,0.8999999999999992
24.22,0.01165500252535543,-0.0014083356029378263,0.1,11.209733552923247,0.8999999999999992
24.23,0.012879804360815551,-0.0012459119764955675,0.1,11.209733552923247,0.8999999999999992
24.240000000000002,0.014050360117427649,-0.0010991132135909805,0.1,11.209733552923247,0.8999999999999992
24.25,0.015087721344734607,-0.0010411332497136147,0.1,11.209733552923247,0.8999999999999992
24.26,0.016090194012220588,-0.0009598876981425708,0.1,11.209733552923247,0.8999999999999992
24.27,0.017056745539269832,-0.0008554384451520518,0.1,11.209733552923247,0.8999999999999992
24.28,0.017951883631605006,-0.0007625345396054912,0.1,11.209733552923247,0.8999999999999992
24.29,0.01883147305796204,-0.0006209097845437518,0.1,11.209733552923247,0.8999999999999992
24.3,0.019619135357594974,-0.0005095550198965874,0.1,11.209733552923247,0.8999999999999992
24.310000000000002,0.0203567870493546,-0.0003805522435480346,0.1,11.209733552923247,0.8999999999999992
24.32,0.020962352498466123,-0.0003156201943758759,0.1,11.209733552923247,0.8999999999999992
24.330000000000002,0.0214833787239944,-0.0002579633759154595,0.1,11.209733552923247,0.8999999999999992
24.34,0.021910353230720166,-0.00021452670430504862,0.1,11.209733552923247,0.8999999999999992
24.35,0.022261667551571118,-0.00016389029093400224,0.1,11.209733552923247,0.8999999999999992
24.36,0.022506268670842523,-0.00013681005450296671,0.1,11.209733552923247,0.8999999999999992
24.37,0.022655200371880735,-0.00011882604599495206,0.1,11.209733552923247,0.8999999999999992
24.38,0.022755846353670832,-6.110451593264725e-05,0.1,11.209733552923247,0.8999999999999992
24.39,0.022744716997088146,-3.150811802522037e-05,0.1,11.209733552923247,0.8999999999999992
24.400000000000002,0.022563477371234715,-8.546345983518769e-05,0.1,11.209733552923247,0.8999999999999992
24.41,0.0223808211419906,-4.550000482287898e-05,0.1,11.209733552923247,0.8999999999999992
24.42,0.022179064332573058,5.9196020662659396e-05,0.1,11.209733552923247,0.8999999999999992
24.43,0.02182533670883013,8.720437334757817e-05,0.1,11.209733552923247,0.8999999999999992
24.44,0.021420285227278516,0.00014618617716673514,0.1,11.209733552923247,0.8999999999999992
24.45,0.020905926162140192,0.0001727714377066531,0.1,11.209733552923247,0.8999999999999992
24.46,0.020322722528490073,0.00020884226258492,0.1,11.209733552923247,0.8999999999999992
24.47,0.019674582412240557,0.0002547203035242114,0.1,11.209733552923247,0.8999999999999992
24.48,0.018937697908025297,0.00028268367480666805,0.1,11.209733552923247,0.8999999999999992
24.490000000000002,0.018087598970387114,0.0002671801896089492,0.1,11.209733552923247,0.8999999999999992
24.5,0.01713241610050945,0.0002178482695525969,0.1,11.209733552923247,0.8999999999999992
24.51,0.016064742749988845,0.00012742603194111862,0.1,11.209733552923247,0.8999999999999992
24.52,0.014893124900108176,5.136140254303681e-06,0.1,11.209733552923247,0.8999999999999992
24.53,0.013660524053150888,-0.00010670228169202522,0.1,11.209733552923247,0.8999999999999992
24.54,0.012339438220258554,-0.00024125883183837035,0.1,11.209733552923247,0.8999999999999992
24.55,0.011005061926978489,-0.00032554233970812183,0.1,11.209733552923247,0.8999999999999992
24.560000000000002,0.009702936074706993,-0.00032464610999846124,0.1,11.209733552923247,0.8999999999999992
24.57,0.0083348040299847,-0.0003515722520790726,0.1,11.209733552923247,0.8999999999999992
24.580000000000002,0.006947105854919277,-0.0003620949425889482,0.1,11.209733552923247,0.8999999999999992
24.59,0.005558353558935848,-0.00034501379578881627,0.1,11.209733552923247,0.8999999999999992
24.6,0.004172646628495133,-0.00030490230776265766,0.1,11.209733552923247,0.8999999999999992
24.61,0.0027756502197691484,-0.00026432585269712725,0.1,11.209733552923247,0.8999999999999992
24.62,0.0014062271005199083,-0.00019016084902710335,0.1,11.209733552923247,0.8999999999999992
24.63,5.673428995186126e-05,-9.952053708665293e-05,0.1,11.209733552923247,0.8999999999999992
24.64,-0.0013535161269211033,-8.062163270223914e-05,0.1,11.209733552923247,0.8999999999999992
24.650000000000002,-0.002713555022668449,-2.0084059380284197e-05,0.1,11.209733552923247,0.8999999999999992
24.66,-0.00401715665181898,7.805070625122975e-05,0.1,11.209733552923247,0.8999999999999992
24.67,-0.005341759885761026,0.0001266142543205346,0.1,11.209733552923247,0.8999999999999992
24.68,-0.006642053201945521,0.00017108243323106232,0.1,11.209733552923247,0.8999999999999992
24.69,-0.007880658000167602,0.00024401242285713908,0.1,11.209733552923247,0.8999999999999992
24.7,-0.009097378293817656,0.0002972652115643434,0.1,11.209733552923247,0.8999999999999992
24.71,-0.010223317954846944,0.0003969705981314238,0.1,11.209733552923247,0.8999999999999992
24.72,-0.011189578009931877,0.0006020260187658549,0.1,11.209733552923247,0.8999999999999992
24.73,-0.012149996423244212,0.000742214212601204,0.1,11.209733552923247,0.8999999999999992
24.740000000000002,-0.013130540385032094,0.0007945651208197349,0.1,11.209733552923247,0.8999999999999992
24.75,-0.014043075577408828,0.0008530493932211005,0.1,11.209733552923247,0.8999999999999992
24.76,-0.014863180269127427,0.0009376296714815403,0.1,11.209733552923247,0.8999999999999992
24.77,-0.0156353306910872,0.0009973992133672665,0.1,11.209733552923247,0.8999999999999992
24.78,-0.016272320118018466,0.0011191344382196087,0.1,11.209733552923247,0.8999999999999992
24.79,-0.01691136230060787,0.0011557532778441915,0.1,11.209733552923247,0.8999999999999992
24.8,-0.01744835612754691,0.0012183138243736084,0.1,11.209733552923247,0.8999999999999992
24.810000000000002,-0.017946222652725666,0.0012386961885501727,0.1,11.209733552923247,0.8999999999999992
24.82,-0.01828677356883837,0.0013378520804152951,0.1,11.209733552923247,0.8999999999999992
24.830000000000002,-0.018455164878017866,0.0015201378444545041,0.1,11.209733552923247,0.8999999999999992
24.84,-0.01858886255467618,0.0016374734812228443,0.1,11.209733552923247,0.8999999999999992
24.85,-0.018676518502580917,0.0017075964271238528,0.1,11.209733552923247,0.8999999999999992
24.86,-0.01864737546050472,0.0018060267285480165,0.1,11.209733552923247,0.8999999999999992
24.87,-0.018564001206394568,0.0018668383849168673,0.1,11.209733552923247,0.8999999999999992
24.88,-0.018409693148231755,0.0019111318615487106,0.1,11.209733552923247,0.8999999999999992
24.89,-0.018181591421692588,0.0019441404388465652,0.1,11.209733552923247,0.8999999999999992
24.900000000000002,-0.0179779234088041,0.0018697570173799088,0.1,11.209733552923247,0.8999999999999992
24.91,-0.017704176954434023,0.001795712770548887,0.1,11.209733552923247,0.8999999999999992
24.92,-0.017395297346106668,0.001688467152177193,0.1,11.209733552923247,0.8999999999999992
24.93,-0.017042708877209472,0.001562028785236045,0.1,11.209733552923247,0.8999999999999992
24.94,-0.016551009478791335,0.0015159052184086914,0.1,11.209733552923247,0.8999999999999992
24.95,-0.016057286358087838,0.0014061882054545569,0.1,11.209733552923247,0.8999999999999992
24.96,-0.01546000507552391,0.0013439887451446343,0.1,11.209733552923247,0.8999999999999992
24.97,-0.014816235567105436,0.0012695698766568922,0.1,11.209733552923247,0.8999999999999992
24.98,-0.0141286056831159,0.001184567514506565,0.1,11.209733552923247,0.8999999999999992
24.990000000000002,-0.013346367334675233,0.0011440208027298918,0.1,11.209733552923247,0.8999999999999992
25.0,-0.012495219313540615,0.0011205459676482522,0.1,11.209733552923247,0.8999999999999992
25.01,-0.011567062641954357,0.0011238329855617411,0.1,11.209733552923247,0.8999999999999992
25.02,-0.010545759961069559,0.0011707207687418647,0.1,11.209733552923247,0.8999999999999992
25.03,-0.00950041101045497,0.0011911184290756293,0.1,11.209733552923247,0.8999999999999992
25.04,-0.008449213126188005,0.0011738949845732979,0.1,11.209733552923247,0.8999999999999992
25.05,-0.00741996780971081,0.0010997275877824614,0.1,11.209733552923247,0.8999999999999992
25.060000000000002,-0.006403729406268775,0.0009883362489567092,0.1,11.209733552923247,0.8999999999999992
25.07,-0.005215771609592148,0.0010330958999016362,0.1,11.209733552923247,0.8999999999999992
25.080000000000002,-0.003946176750702114,0.001130948833486146,0.1,11.209733552923247,0.8999999999999992
25.09,-0.0027298263236108897,0.0011457163356643752,0.1,11.209733552923247,0.8999999999999992
25.1,-0.001570038222424847,0.0010881676680610968,0.1,11.209733552923247,0.8999999999999992
25.11,-0.00038111834379409666,0.0010569249907506036,0.1,11.209733552923247,0.8999999999999992
25.12,0.0008354804497402197,0.0010524064442514918,0.1,11.209733552923247,0.8999999999999992
25.13,0.002075008491637358,0.001071688390978195,0.1,11.209733552923247,0.8999999999999992
25.14,0.0032923574106383698,0.0010718109550445286,0.1,11.209733552923247,0.8999999999999992
25.150000000000002,0.004489218561644237,0.001061415604393766,0.1,11.209733552923247,0.8999999999999992
25.16,0.005683554103197683,0.0010643996155632607,0.1,11.209733552923247,0.8999999999999992
25.17,0.006858552187287943,0.0010671387120828502,0.1,11.209733552923247,0.8999999999999992
25.18,0.007894333775915634,0.0009543901106752016,0.1,11.209733552923247,0.8999999999999992
25.19,0.008886424020874558,0.0008391353130079754,0.1,11.209733552923247,0.8999999999999992
25.2,0.00979986965802496,0.0006910324307195084,0.1,11.209733552923247,0.8999999999999992
25.21,0.010682474085800859,0.0005657120740596823,0.1,11.209733552923247,0.8999999999999992
25.22,0.011671286141978455,0.0006015947242054707,0.1,11.209733552923247,0.8999999999999992
25.23,0.01263140707854429,0.0006494182247266817,0.1,11.209733552923247,0.8999999999999992
25.240000000000002,0.0135250246135072,0.000673592730067079,0.1,11.209733552923247,0.8999999999999992
25.25,0.014410443949053884,0.0007384640008553181,0.1,11.209733552923247,0.8999999999999992
25.26,0.01526222210721699,0.0008172175591043175,0.1,11.209733552923247,0.8999999999999992
25.27,0.016073900373952607,0.0009048427786673076,0.1,11.209733552923247,0.8999999999999992
25.28,0.0168516522769329,0.0010093281729250917,0.1,11.209733552923247,0.8999999999999992
25.29,0.01766492594966047,0.001200839057821018,0.1,11.209733552923247,0.8999999999999992
25.3,0.01835110359458994,0.0013094054275640456,0.1,11.209733552923247,0.8999999999999992
25.310000000000002,0.01898782941259425,0.0014242055085733495,0.1,11.209733552923247,0.8999999999999992
25.32,0.019502638502386413,0.0014740804118206956,0.1,11.209733552923247,0.8999999999999992
25.330000000000002,0.01996771508468749,0.001540270792510075,0.1,11.209733552923247,0.8999999999999992
25.34,0.020307562885360148,0.0015469601465744646,0.1,11.209733552923247,0.8999999999999992
25.35,0.02054603145274038,0.0015259174579691293,0.1,11.209733552923247,0.8999999999999992
25.36,0.02068839457486098,0.0014864760650019852,0.1,11.209733552923247,0.8999999999999992
25.37,0.02079773166176769,0.0014944178521709187,0.1,11.209733552923247,0.8999999999999992
25.38,0.020870775980207947,0.0015414844413644854,0.1,11.209733552923247,0.8999999999999992
25.39,0.020799066864520082,0.0015148565192548108,0.1,11.209733552923247,0.8999999999999992
25.400000000000002,0.02064806473875205,0.0014880064359086302,0.1,11.209733552923247,0.8999999999999992
25.41,0.020380219330124502,0.0014228396187627047,0.1,11.209733552923247,0.8999999999999992
25.42,0.01996925864041351,0.0012965006038017834,0.1,11.209733552923247,0.8999999999999992
25.43,0.019469022585685444,0.0011684809630589927,0.1,11.209733552923247,0.8999999999999992
25.44,0.01887700200719068,0.0010349028852145918,0.1,11.209733552923247,0.8999999999999992
25.45,0.018332385856755867,0.0010336823235485397,0.1,11.209733552923247,0.8999999999999992
25.46,0.017737588955285804,0.0010501669811788727,0.1,11.209733552923247,0.8999999999999992
25.47,0.017004480781272376,0.000991760499852663,0.1,11.209733552923247,0.8999999999999992
25.48,0.01617673601588158,0.0009078056222158692,0.1,11.209733552923247,0.8999999999999992
25.490000000000002,0.015337024966036604,0.0008808311093702074,0.1,11.209733552923247,0.8999999999999992
25.5,0.014542027618243204,0.0009578520988606226,0.1,11.209733552923247,0.8999999999999992
25.51,0.013611116478272988,0.000943081605531746,0.1,11.209733552923247,0.8999999999999992
25.52,0.01253340549614671,0.0008322622594400483,0.1,11.209733552923247,0.8999999999999992
25.53,0.011500840582152984,0.0008242389051815505,0.1,11.209733552923247,0.8999999999999992
25.54,0.01044338544321146,0.0008333497150097896,0.1,11.209733552923247,0.8999999999999992
25.55,0.009302344289642023,0.0007947255471221601,0.1,11.209733552923247,0.8999999999999992
25.560000000000002,0.008152451448275675,0.0007840636733127631,0.1,11.209733552923247,0.8999999999999992
25.57,0.006839736524522423,0.0006397248827597691,0.1,11.209733552923247,0.8999999999999992
25.580000000000002,0.005501500893540895,0.0005093536675543398,0.1,11.209733552923247,0.8999999999999992
25.59,0.004159275501859908,0.00040810730038090483,0.1,11.209733552923247,0.8999999999999992
25.6,0.0028481856810280938,0.0003629139915005088,0.1,11.209733552923247,0.8999999999999992
25.61,0.001476467966029446,0.00027070440081251613,0.1,11.209733552923247,0.8999999999999992
25.62,0.00010457746492172851,0.00019213912907348313,0.1,11.209733552923247,0.8999999999999992
25.63,-0.0013126252322710793,7.542961405271545e-05,0.1,11.209733552923247,0.8999999999999992
25.64,-0.002710459502275217,-1.5608962184909483e-05,0.1,11.209733552923247,0.8999999999999992
25.650000000000002,-0.00414096278891445,-0.0001410570124250847,0.1,11.209733552923247,0.8999999999999992
25.66,-0.005574092748398568,-0.0002721653936295158,0.1,11.209733552923247,0.8999999999999992
25.67,-0.0070335747115340425,-0.00043716207008697024,0.1,11.209733552923247,0.8999999999999992
25.68,-0.00843127294064386,-0.000549215403298357,0.1,11.209733552923247,0.8999999999999992
25.69,-0.00975136558428303,-0.0006035050317489176,0.1,11.209733552923247,0.8999999999999992
25.7,-0.011043372315501522,-0.000661003134005747,0.1,11.209733552923247,0.8999999999999992
25.71,-0.012288577653837618,-0.0007074769185751335,0.1,11.209733552923247,0.8999999999999992
25.72,-0.013556453997528877,-0.0008183312057457446,0.1,11.209733552923247,0.8999999999999992
25.73,-0.014784527562061913,-0.0009284013586977958,0.1,11.209733552923247,0.8999999999999992
25.740000000000002,-0.015955516308564684,-0.0010248679198274497,0.1,11.209733552923247,0.8999999999999992
25.75,-0.016931304558177186,-0.0009753386990013475,0.1,11.209733552923247,0.8999999999999992
25.76,-0.017894873259635357,-0.000983158969523738,0.1,11.209733552923247,0.8999999999999992
25.77,-0.018713623402502353,-0.0009130045703122737,0.1,11.209733552923247,0.8999999999999992
25.78,-0.019407833432595726,-0.0007973371104838422,0.1,11.209733552923247,0.8999999999999992
25.79,-0.020010698377129717,-0.0006775717512030207,0.1,11.209733552923247,0.8999999999999992
25.8,-0.0204460303618007,-0.00048074556468071373,0.1,11.209733552923247,0.8999999999999992
25.810000000000002,-0.020781604048359215,-0.00028567671436972554,0.1,11.209733552923247,0.8999999999999992
25.82,-0.021015341717136822,-9.208386502729149e-05,0.1,11.209733552923247,0.8999999999999992
25.830000000000002,-0.02116853643725579,7.732164875394096e-05,0.1,11.209733552923247,0.8999999999999992
25.84,-0.0211768294863794,0.0002884410407895502,0.1,11.209733552923247,0.8999999999999992
25.85,-0.02104668800896339,0.0005293681342116722,0.1,11.209733552923247,0.8999999999999992
25.86,-0.02086487154355896,0.0007096732893092543,0.1,11.209733552923247,0.8999999999999992
25.87,-0.02066682804314408,0.0008008223742053755,0.1,11.209733552923247,0.8999999999999992
25.88,-0.02039754225129493,0.0008683521885824556,0.1,11.209733552923247,0.8999999999999992
25.89,-0.020088001404347598,0.0008848145156319703,0.1,11.209733552923247,0.8999999999999992
25.900000000000002,-0.019702642076150204,0.0008927456609297547,0.1,11.209733552923247,0.8999999999999992
25.91,-0.019178013287367658,0.0009581273029592053,0.1,11.209733552923247,0.8999999999999992
25.92,-0.01860106244839017,0.0009894668377498233,0.1,11.209733552923247,0.8999999999999992
25.93,-0.01795339567819501,0.001011214527090683,0.1,11.209733552923247,0.8999999999999992
25.94,-0.017232598272829622,0.0010294116325147858,0.1,11.209733552923247,0.8999999999999992
25.95,-0.016402068549657044,0.001083908283679822,0.1,11.209733552923247,0.8999999999999992
25.96,-0.015619961051729005,0.001015617943716803,0.1,11.209733552923247,0.8999999999999992
25.97,-0.014807305541500762,0.0009207065455768689,0.1,11.209733552923247,0.8999999999999992
25.98,-0.013926441602992506,0.0008434587545421543,0.1,11.209733552923247,0.8999999999999992
25.990000000000002,-0.012931475192866852,0.0008316215889759413,0.1,11.209733552923247,0.8999999999999992
26.0,-0.011911047453736195,0.0007932449424823359,0.1,11.209733552923247,0.8999999999999992
26.01,-0.010938444847098371,0.0006622493516414247,0.1,11.209733552923247,0.8999999999999992
26.02,-0.00989264602140728,0.0005744401297427733,0.1,11.209733552923247,0.8999999999999992
26.03,-0.008840606512898641,0.0004625259787014044,0.1,11.209733552923247,0.8999999999999992
26.04,-0.007814201061273828,0.0003019597076223085,0.1,11.209733552923247,0.8999999999999992
26.05,-0.0067891900553121625,0.00012714369534874129,0.1,11.209733552923247,0.8999999999999992
26.060000000000002,-0.005747627680219355,-3.762930280170622e-05,0.1,11.209733552923247,0.8999999999999992
26.07,-0.004714653376149144,-0.00021385559258806897,0.1,11.209733552923247,0.8999999999999992
26.080000000000002,-0.003774377643753616,-0.0004795851933652233,0.1,11.209733552923247,0.8999999999999992
26.09,-0.002775288231564461,-0.0006685148480248242,0.1,11.209733552923247,0.8999999999999992
26.1,-0.0017024977579457431,-0.0007696941192415264,0.1,11.209733552923247,0.8999999999999992
26.11,-0.0005914827834878021,-0.0008238155543191512,0.1,11.209733552923247,0.8999999999999992
26.12,0.000463871972907672,-0.0009254479893674815,0.1,11.209733552923247,0.8999999999999992
26.13,0.0015062655047032342,-0.0010220071212863374,0.1,11.209733552923247,0.8999999999999992
26.14,0.0025413440793437565,-0.0011039370160327512,0.1,11.209733552923247,0.8999999999999992
26.150000000000002,0.0035952944706036643,-0.0011423029698522746,0.1,11.209733552923247,0.8999999999999992
26.16,0.004667414282256104,-0.0011384031807164159,0.1,11.209733552923247,0.8999999999999992
26.17,0.0056833270711412216,-0.0011671589016628281,0.1,11.209733552923247,0.8999999999999992
26.18,0.006679886849108465,-0.001183954890715252,0.1,11.209733552923247,0.8999999999999992
26.19,0.0076719429512706085,-0.0011713132113674689,0.1,11.209733552923247,0.8999999999999992
26.2,0.008705510496671221,-0.0010826859969528101,0.1,11.209733552923247,0.8999999999999992
26.21,0.009738901823632998,-0.0009645826843603817,0.1,11.209733552923247,0.8999999999999992
26.22,0.010772264950316468,-0.0008165756875678459,0.1,11.209733552923247,0.8999999999999992
26.23,0.011766258847844385,-0.0006778928447558247,0.1,11.209733552923247,0.8999999999999992
26.240000000000002,0.012783330380691332,-0.0004816954910076596,0.1,11.209733552923247,0.8999999999999992
26.25,0.013769406416289067,-0.0002852977378331097,0.1,11.209733552923247,0.8999999999999992
26.26,0.014657082542675887,-0.0001530401324316324,0.1,11.209733552923247,0.8999999999999992
26.27,0.01555617564889445,3.5032166927556954e-05,0.1,11.209733552923247,0.8999999999999992
26.28,0.016427851505774367,0.00023659085251776204,0.1,11.209733552923247,0.8999999999999992
26.29,0.01721164892753225,0.0003922675635108098,0.1,11.209733552923247,0.8999999999999992
26.3,0.017902739037096337,0.0005048143946481349,0.1,11.209733552923247,0.8999999999999992
26.310000000000002,0.018537289653011067,0.0006174683289701473,0.1,11.209733552923247,0.8999999999999992
26.32,0.01912118267185581,0.0007381029759919792,0.1,11.209733552923247,0.8999999999999992
26.330000000000002,0.019638869007502398,0.0008520448653925698,0.1,11.209733552923247,0.8999999999999992
26.34,0.020094071943289937,0.0009653019260675697,0.1,11.209733552923247,0.8999999999999992
26.35,0.02055448932851559,0.001146936924424015,0.1,11.209733552923247,0.8999999999999992
26.36,0.020986877582632214,0.0013570787205524073,0.1,11.209733552923247,0.8999999999999992
26.37,0.021345512356316106,0.001547628286973407,0.1,11.209733552923247,0.8999999999999992
26.38,0.021666585319186527,0.0017575829426033699,0.1,11.209733552923247,0.8999999999999992
26.39,0.02185017476358857,0.0018852274315850103,0.1,11.209733552923247,0.8999999999999992
26.400000000000002,0.02196721593863904,0.002010889441882847,0.1,11.209733552923247,0.8999999999999992
26.41,0.022087882297558044,0.002204866057811122,0.1,11.209733552923247,0.8999999999999992
26.42,0.022110326231214623,0.0023572976782541195,0.1,11.209733552923247,0.8999999999999992
26.43,0.022003077955274144,0.0024408017539276666,0.1,11.209733552923247,0.8999999999999992
26.44,0.021776467813169997,0.002472621397613951,0.1,11.209733552923247,0.8999999999999992
26.45,0.02140963258031322,0.0024365991545034597,0.1,11.209733552923247,0.8999999999999992
26.46,0.020919404245706767,0.002355793527806575,0.1,11.209733552923247,0.8999999999999992
26.47,0.02032855423682078,0.0022563010971873372,0.1,11.209733552923247,0.8999999999999992
26.48,0.019587762811639344,0.0020888751247219372,0.1,11.209733552923247,0.8999999999999992
26.490000000000002,0.01877116370655927,0.001932918951888532,0.1,11.209733552923247,0.8999999999999992
26.5,0.017926389475300876,0.0018320840071934506,0.1,11.209733552923247,0.8999999999999992
26.51,0.016966301660281968,0.0016900326393120494,0.1,11.209733552923247,0.8999999999999992
26.52,0.016016157855045555,0.0016333391173984305,0.1,11.209733552923247,0.8999999999999992
26.53,0.015029274541218877,0.001602148921804771,0.1,11.209733552923247,0.8999999999999992
26.54,0.014035573942324351,0.0016196902530886549,0.1,11.209733552923247,0.8999999999999992
26.55,0.012954565091394922,0.0015959616980299749,0.1,11.209733552923247,0.8999999999999992
26.560000000000002,0.01186622093761366,0.0016113424364381825,0.1,11.209733552923247,0.8999999999999992
26.57,0.010677522470410346,0.001564025634333251,0.1,11.209733552923247,0.8999999999999992
26.580000000000002,0.009492371907609385,0.001560398085800364,0.1,11.209733552923247,0.8999999999999992
26.59,0.008279524080138453,0.0015596125656046993,0.1,11.209733552923247,0.8999999999999992
26.6,0.0070628654105741265,0.0015804213430328133,0.1,11.209733552923247,0.8999999999999992
26.61,0.005760760594381921,0.0015338577195198354,0.1,11.209733552923247,0.8999999999999992
26.62,0.004392461819645703,0.0014417513980852443,0.1,11.209733552923247,0.8999999999999992
26.63,0.0030380520103941745,0.001384231660725446,0.1,11.209733552923247,0.8999999999999992
26.64,0.0016255854621436772,0.001280335124633843,0.1,11.209733552923247,0.8999999999999992
26.650000000000002,0.00023127414087377863,0.001206294764077491,0.1,11.209733552923247,0.8999999999999992
26.66,-0.0012309127931093126,0.0010675090198536538,0.1,11.209733552923247,0.8999999999999992
26.67,-0.0026443693805969955,0.0009826139274560872,0.1,11.209733552923247,0.8999999999999992
26.68,-0.004107599125364878,0.0008418148737725711,0.1,11.209733552923247,0.8999999999999992
26.69,-0.005525534492141772,0.000741231462876439,0.1,11.209733552923247,0.8999999999999992
26.7,-0.006888956441052783,0.0006803790499101089,0.1,11.209733552923247,0.8999999999999992
26.71,-0.00825865704901255,0.0005888842629631557,0.1,11.209733552923247,0.8999999999999992
26.72,-0.009565282756826913,0.0005345137991035648,0.1,11.209733552923247,0.8999999999999992
26.73,-0.010819817503049008,0.0004972044271070297,0.1,11.209733552923247,0.8999999999999992
26.740000000000002,-0.012057324879955686,0.000435209668463128,0.1,11.209733552923247,0.8999999999999992
26.75,-0.013296422073009039,0.0003280804787311149,0.1,11.209733552923247,0.8999999999999992
26.76,-0.014579919283128762,0.00013364082051685067,0.1,11.209733552923247,0.8999999999999992
26.77,-0.015787091279463664,-2.1853320879316264e-05,0.1,11.209733552923247,0.8999999999999992
26.78,-0.017008971304141453,-0.00023791535430850222,0.1,11.209733552923247,0.8999999999999992
26.79,-0.018157713511605958,-0.00042383488530456587,0.1,11.209733552923247,0.8999999999999992
26.8,-0.019246795607991963,-0.0006002265904665078,0.1,11.209733552923247,0.8999999999999992
26.810000000000002,-0.02022484818005387,-0.0007203421253936987,0.1,11.209733552923247,0.8999999999999992
26.82,-0.02113718047427452,-0.0008391313916150187,0.1,11.209733552923247,0.8999999999999992
26.830000000000002,-0.021981626581744098,-0.0009576455397042791,0.1,11.209733552923247,0.8999999999999992
26.84,-0.022701854724510077,-0.001022381885154373,0.1,11.209733552923247,0.8999999999999992
26.85,-0.023314986407558316,-0.0010590076190666298,0.1,11.209733552923247,0.8999999999999992
26.86,-0.02381965328408062,-0.001071502487699298,0.1,11.209733552923247,0.8999999999999992
26.87,-0.02420631589228198,-0.0010548907182240472,0.1,11.209733552923247,0.8999999999999992
26.88,-0.024573807739289643,-0.0011127717601451276,0.1,11.209733552923247,0.8999999999999992
26.89,-0.024806079156044863,-0.0011218741296233944,0.1,11.209733552923247,0.8999999999999992
26.900000000000002,-0.02490956438647774,-0.0010948946241271067,0.1,11.209733552923247,0.8999999999999992
26.91,-0.02496544126958981,-0.0011174781145247645,0.1,11.209733552923247,0.8999999999999992
26.92,-0.024934906687890685,-0.0011452998692483135,0.1,11.209733552923247,0.8999999999999992
26.93,-0.024807928939239617,-0.0011674189593722229,0.1,11.209733552923247,0.8999999999999992
26.94,-0.02458986522970103,-0.0011891524932391396,0.1,11.209733552923247,0.8999999999999992
26.95,-0.024258249688706258,-0.0011870404381333112,0.1,11.209733552923247,0.8999999999999992
26.96,-0.02375962969300477,-0.0011089126639278952,0.1,11.209733552923247,0.8999999999999992
26.97,-0.023113620722600807,-0.0009811547847089692,0.1,11.209733552923247,0.8999999999999992
26.98,-0.02244261980371526,-0.0009295834970616141,0.1,11.209733552923247,0.8999999999999992
26.990000000000002,-0.021652586474558613,-0.0008490714365721723,0.1,11.209733552923247,0.8999999999999992
27.0,-0.02071141552764864,-0.0007078664099503915,0.1,11.209733552923247,0.8999999999999992
27.01,-0.019670079934513328,-0.0005604963249943964,0.1,11.209733552923247,0.8999999999999992
27.02,-0.018497582292715274,-0.00037303163192595895,0.1,11.209733552923247,0.8999999999999992
27.03,-0.0171526180984317,-0.00010468250400984811,0.1,11.209733552923247,0.8999999999999992
27.04,-0.01569009756900727,0.00018491579981362355,0.1,11.209733552923247,0.8999999999999992
27.05,-0.014154632107921934,0.0004534967185662933,0.1,11.209733552923247,0.8999999999999992
27.060000000000002,-0.012512567440854189,0.0007421659414545039,0.1,11.209733552923247,0.8999999999999992
27.07,-0.010815502810525394,0.0010025018823427612,0.1,11.209733552923247,0.8999999999999992
27.080000000000002,-0.009076242199007179,0.0012306319553422804,0.1,11.209733552923247,0.8999999999999992
27.09,-0.007320459991905098,0.001410532072920751,0.1,11.209733552923247,0.8999999999999992
27.1,-0.005459362881406872,0.0016426880770593958,0.1,11.209733552923247,0.8999999999999992
27.11,-0.0036194956005476528,0.0018011813498157614,0.1,11.209733552923247,0.8999999999999992
27.12,-0.0016905606048518316,0.0020112570630070594,0.1,11.209733552923247,0.8999999999999992
27.13,0.000268112727789694,0.002214626854339726,0.1,11.209733552923247,0.8999999999999992
27.14,0.002153803611735208,0.0023162877590260905,0.1,11.209733552923247,0.8999999999999992
27.150000000000002,0.004047488393604162,0.0024156892133702377,0.1,11.209733552923247,0.8999999999999992
27.16,0.005818299321603517,0.0023893105439409725,0.1,11.209733552923247,0.8999999999999992
27.17,0.007595645114479883,0.002387758012636496,0.1,11.209733552923247,0.8999999999999992
27.18,0.009385488730732429,0.0024212161518392295,0.1,11.209733552923247,0.8999999999999992
27.19,0.011106872281232834,0.0024117138886284926,0.1,11.209733552923247,0.8999999999999992
27.2,0.012788863658760842,0.0023999426260624163,0.1,11.209733552923247,0.8999999999999992
27.21,0.01451639250657826,0.002477735939894073,0.1,11.209733552923247,0.8999999999999992
27.22,0.016159598069786417,0.0025116619925814373,0.1,11.209733552923247,0.8999999999999992
27.23,0.017684419511986776,0.002478890075649594,0.1,11.209733552923247,0.8999999999999992
27.240000000000002,0.01921198401300958,0.002514121479565878,0.1,11.209733552923247,0.8999999999999992
27.25,0.020760304436270516,0.0026335723113309773,0.1,11.209733552923247,0.8999999999999992
27.26,0.022225302925887716,0.002729301429139286,0.1,11.209733552923247,0.8999999999999992
27.27,0.023651667589756564,0.002854002140402556,0.1,11.209733552923247,0.8999999999999992
27.28,0.0250503066437233,0.0030204061804256395,0.1,11.209733552923247,0.8999999999999992
27.29,0.02631152820032934,0.003118942069621331,0.1,11.209733552923247,0.8999999999999992
27.3,0.027443349493800236,0.003169755430775761,0.1,11.209733552923247,0.8999999999999992
27.310000000000002,0.02852724069045754,0.0032638519689720934,0.1,11.209733552923247,0.8999999999999992
27.32,0.029581677677745822,0.003418671982248333,0.1,11.209733552923247,0.8999999999999992
27.330000000000002,0.03054642048857558,0.0035706299315283953,0.1,11.209733552923247,0.8999999999999992
27.34,0.031345615404482774,0.003647314842002544,0.1,11.209733552923247,0.8999999999999992
27.35,0.03211961665155866,0.0038002809271650262,0.1,11.209733552923247,0.8999999999999992
27.36,0.032739492188550656,0.0038943955030330464,0.1,11.209733552923247,0.8999999999999992
27.37,0.03321274062646967,0.0039457346248788295,0.1,11.209733552923247,0.8999999999999992
27.38,0.033571514063251554,0.0039928071846322315,0.1,11.209733552923247,0.8999999999999992
27.39,0.03387510172245243,0.004096501013391863,0.1,11.209733552923247,0.8999999999999992
27.400000000000002,0.03408735105160281,0.004214993807463231,0.1,11.209733552923247,0.8999999999999992
27.41,0.03418555993845798,0.004324188528690727,0.1,11.209733552923247,0.8999999999999992
27.42,0.034171875861803286,0.004427126832345879,0.1,11.209733552923247,0.8999999999999992
27.43,0.034025476044097766,0.0045031212253784265,0.1,11.209733552923247,0.8999999999999992
27.44,0.033772802406690276,0.0045806502207439035,0.1,11.209733552923247,0.8999999999999992
27.45,0.0332605737593274,0.00450484920719117,0.1,11.209733552923247,0.8999999999999992
27.46,0.032602719485595275,0.00440500628152356,0.1,11.209733552923247,0.8999999999999992
27.47,0.03182887878539371,0.004311131153713059,0.1,11.209733552923247,0.8999999999999992
27.48,0.030872605844854555,0.004153302684946072,0.1,11.209733552923247,0.8999999999999992
27.490000000000002,0.029814725180538727,0.004016243779574509,0.1,11.209733552923247,0.8999999999999992
27.5,0.02862997501869426,0.003868606815248622,0.1,11.209733552923247,0.8999999999999992
27.51,0.02742115678094838,0.003810168335589447,0.1,11.209733552923247,0.8999999999999992
27.52,0.026183943959841707,0.0038219481368633166,0.1,11.209733552923247,0.8999999999999992
27.53,0.02482130800568266,0.0037940169490832108,0.1,11.209733552923247,0.8999999999999992
27.54,0.023354502205605962,0.0037467246400894752,0.1,11.209733552923247,0.8999999999999992
27.55,0.02179326595394744,0.003686292110954538,0.1,11.209733552923247,0.8999999999999992
27.560000000000002,0.020124971599303324,0.0035955584680992824,0.1,11.209733552923247,0.8999999999999992
27.57,0.018388646584907943,0.0035106431118227728,0.1,11.209733552923247,0.8999999999999992
27.580000000000002,0.016543548325176783,0.0033835578891594324,0.1,11.209733552923247,0.8999999999999992
27.59,0.01457845308601456,0.0032009571486839032,0.1,11.209733552923247,0.8999999999999992
27.6,0.01258890507739099,0.0030575067543118953,0.1,11.209733552923247,0.8999999999999992
27.61,0.01058312409080445,0.0029496861436875826,0.1,11.209733552923247,0.8999999999999992
27.62,0.008497352597979945,0.0028021990747187867,0.1,11.209733552923247,0.8999999999999992
27.63,0.006424888444746942,0.0027050975332852784,0.1,11.209733552923247,0.8999999999999992
27.64,0.004297553426300591,0.002576719733997459,0.1,11.209733552923247,0.8999999999999992
27.650000000000002,0.0021680379438905333,0.002465346901881284,0.1,11.209733552923247,0.8999999999999992
27.66,7.311010686040804e-05,0.0023978544415052074,0.1,11.209733552923247,0.8999999999999992
27.67,-0.0020216920577008457,0.0023268482204311714,0.1,11.209733552923247,0.8999999999999992
27.68,-0.004083681054158348,0.0022774236307988513,0.1,11.209733552923247,0.8999999999999992
27.69,-0.006153307817211866,0.002198776440253323,0.1,11.209733552923247,0.8999999999999992
27.7,-0.00820639599710813,0.0021105202867812544,0.1,11.209733552923247,0.8999999999999992
27.71,-0.01023532650754846,0.002013620697442517,0.1,11.209733552923247,0.8999999999999992
27.72,-0.012259149555387166,0.0018824018202658146,0.1,11.209733552923247,0.8999999999999992
27.73,-0.014241390305771637,0.00174975331579718,0.1,11.209733552923247,0.8999999999999992
27.740000000000002,-0.016242856974973123,0.0015477683395921332,0.1,11.209733552923247,0.8999999999999992
27.75,-0.018202755635787927,0.0013379592941691852,0.1,11.209733552923247,0.8999999999999992
27.76,-0.02010307657375643,0.0011323532665097366,0.1,11.209733552923247,0.8999999999999992
27.77,-0.02193494241320062,0.0009327213936094592,0.1,11.209733552923247,0.8999999999999992
27.78,-0.023690455577427317,0.0007399102448588314,0.1,11.209733552923247,0.8999999999999992
27.79,-0.02535377526863048,0.0005628962647355958,0.1,11.209733552923247,0.8999999999999992
27.8,-0.026891366871447935,0.0004276519446393093,0.1,11.209733552923247,0.8999999999999992
27.810000000000002,-0.028277532167825643,0.00034974094829202295,0.1,11.209733552923247,0.8999999999999992
27.82,-0.02958316433787518,0.00024677249477662747,0.1,11.209733552923247,0.8999999999999992
27.830000000000002,-0.03083086126694523,9.431523746772553e-05,0.1,11.209733552923247,0.8999999999999992
27.84,-0.03200769735807852,-9.337407250272064e-05,0.1,11.209733552923247,0.8999999999999992
27.85,-0.03308135543489481,-0.0002838277416051673,0.1,11.209733552923247,0.8999999999999992
27.86,-0.03404093596304741,-0.00046921716707010755,0.1,11.209733552923247,0.8999999999999992
27.87,-0.03490366848542249,-0.0006702869506626679,0.1,11.209733552923247,0.8999999999999992
27.88,-0.03569254994844854,-0.0009107759238726639,0.1,11.209733552923247,0.8999999999999992
27.89,-0.03636254003216235,-0.0011432766771354939,0.1,11.209733552923247,0.8999999999999992
27.900000000000002,-0.03687923524073226,-0.001335897408280332,0.1,11.209733552923247,0.8999999999999992
27.91,-0.03722006889582552,-0.001471707863097151,0.1,11.209733552923247,0.8999999999999992
27.92,-0.03744149392760587,-0.0016142196002314941,0.1,11.209733552923247,0.8999999999999992
27.93,-0.03753553433216111,-0.0017548908471731646,0.1,11.209733552923247,0.8999999999999992
27.94,-0.037527631261817386,-0.0019190594349710462,0.1,11.209733552923247,0.8999999999999992
27.95,-0.037373154903197106,-0.0020586568084519927,0.1,11.209733552923247,0.8999999999999992
27.96,-0.037113711150998915,-0.0022167602713360933,0.1,11.209733552923247,0.8999999999999992
27.97,-0.0366793513931242,-0.0023195748443959417,0.1,11.209733552923247,0.8999999999999992
27.98,-0.03618991504442859,-0.0024908973733486885,0.1,11.209733552923247,0.8999999999999992
27.990000000000002,-0.03557607755778528,-0.0026509915957119074,0.1,11.209733552923247,0.8999999999999992
28.0,-0.0348073498170139,-0.0027674585258045193,0.1,11.209733552923247,0.8999999999999992
28.01,-0.03389278516898947,-0.002850636142271817,0.1,11.209733552923247,0.8999999999999992
28.02,-0.03271068004974642,-0.002778501048335698,0.1,11.209733552923247,0.8999999999999992
28.03,-0.03138313044568158,-0.002686065157623475,0.1,11.209733552923247,0.8999999999999992
28.04,-0.029983215488116235,-0.0026436820894996595,0.1,11.209733552923247,0.8999999999999992
28.05,-0.028471104667646782,-0.002600428807252412,0.1,11.209733552923247,0.8999999999999992
28.060000000000002,-0.02693691885869845,-0.0026406135912132337,0.1,11.209733552923247,0.8999999999999992
28.07,-0.025301954529856063,-0.002669858846035541,0.1,11.209733552923247,0.8999999999999992
28.080000000000002,-0.023610389855478947,-0.0027269091630637617,0.1,11.209733552923247,0.8999999999999992
28.09,-0.02178153714894657,-0.002720972321596127,0.1,11.209733552923247,0.8999999999999992
28.1,-0.01989600024688741,-0.0027324419666495303,0.1,11.209733552923247,0.8999999999999992
28.11,-0.01793964091687977,-0.002737665472693784,0.1,11.209733552923247,0.8999999999999992
28.12,-0.015946192974693477,-0.0027632682361133287,0.1,11.209733552923247,0.8999999999999992
28.13,-0.013804842866311241,-0.002688123881877457,0.1,11.209733552923247,0.8999999999999992
28.14,-0.011627196911179406,-0.0026269280044735224,0.1,11.209733552923247,0.8999999999999992
28.150000000000002,-0.009314198416305979,-0.0024706546694976675,0.1,11.209733552923247,0.8999999999999992
28.16,-0.006926034350348635,-0.002281594090536077,0.1,11.209733552923247,0.8999999999999992
28.17,-0.00448881222444796,-0.0020808050505109056,0.1,11.209733552923247,0.8999999999999992
28.18,-0.002017869542952881,-0.001876073369476445,0.1,11.209733552923247,0.8999999999999992
28.19,0.0004782582904202968,-0.0016673999903609293,0.1,11.209733552923247,0.8999999999999992
28.2,0.002873618278941625,-0.0015721280120732433,0.1,11.209733552923247,0.8999999999999992
28.21,0.005241294147521737,-0.0014953686977692178,0.1,11.209733552923247,0.8999999999999992
28.22,0.007628168438878171,-0.0013791292798385106,0.1,11.209733552923247,0.8999999999999992
28.23,0.009980096194850902,-0.0012730365053689545,0.1,11.209733552923247,0.8999999999999992
28.240000000000002,0.012220012690196284,-0.001244176286672533,0.1,11.209733552923247,0.8999999999999992
28.25,0.014406826370106035,-0.0012162884932404715,0.1,11.209733552923247,0.8999999999999992
28.26,0.0166197826413694,-0.001101547744620239,0.1,11.209733552923247,0.8999999999999992
28.27,0.018827258270177276,-0.0009330905469815226,0.1,11.209733552923247,0.8999999999999992
28.28,0.020955099186454523,-0.0007831019161871265,0.1,11.209733552923247,0.8999999999999992
28.29,0.023045657310006042,-0.0005994125735949492,0.1,11.209733552923247,0.8999999999999992
28.3,0.02502481891609047,-0.0004524569712436977,0.1,11.209733552923247,0.8999999999999992
28.310000000000002,0.026818013756063196,-0.000405529006774926,0.1,11.209733552923247,0.8999999999999992
28.32,0.028457318827151346,-0.0004085308051078465,0.1,11.209733552923247,0.8999999999999992
28.330000000000002,0.030060784039937956,-0.00033143585464927847,0.1,11.209733552923247,0.8999999999999992
28.34,0.031530270914836005,-0.0002754513354539078,0.1,11.209733552923247,0.8999999999999992
28.35,0.03286164258365496,-0.00023688027689409687,0.1,11.209733552923247,0.8999999999999992
28.36,0.03404695840608309,-0.0002167282462503405,0.1,11.209733552923247,0.8999999999999992
28.37,0.03519188373795609,-0.00010279291827803295,0.1,11.209733552923247,0.8999999999999992
28.38,0.03627803010201622,7.996038362151562e-05,0.1,11.209733552923247,0.8999999999999992
28.39,0.03733080940916161,0.00035266811474782105,0.1,11.209733552923247,0.8999999999999992
28.400000000000002,0.03822720754814349,0.0005851887896745409,0.1,11.209733552923247,0.8999999999999992
28.41,0.03898657554708034,0.0008038829875073286,0.1,11.209733552923247,0.8999999999999992
28.42,0.03951543921950607,0.0009188377239699003,0.1,11.209733552923247,0.8999999999999992
28.43,0.03996162004843256,0.0010910106814002517,0.1,11.209733552923247,0.8999999999999992
28.44,0.04019120356652486,0.0011810152210025323,0.1,11.209733552923247,0.8999999999999992
28.45,0.040272727767445095,0.0012670168039692071,0.1,11.209733552923247,0.8999999999999992
28.46,0.04014031496129579,0.001283424728819529,0.1,11.209733552923247,0.8999999999999992
28.47,0.03982012361493445,0.0012634668620099712,0.1,11.209733552923247,0.8999999999999992
28.48,0.03930118579145424,0.001198915087966167,0.1,11.209733552923247,0.8999999999999992
28.490000000000002,0.03859721828026157,0.0011065370574851218,0.1,11.209733552923247,0.8999999999999992
28.5,0.03771462289125917,0.0009932821677504627,0.1,11.209733552923247,0.8999999999999992
28.51,0.03665660529467032,0.0008615013437124553,0.1,11.209733552923247,0.8999999999999992
28.52,0.035496597934088964,0.000782890204354629,0.1,11.209733552923247,0.8999999999999992
28.53,0.03414237248953747,0.0006548359091053768,0.1,11.209733552923247,0.8999999999999992
28.54,0.03266573965786668,0.0005497060962543829,0.1,11.209733552923247,0.8999999999999992
28.55,0.031122522245485982,0.0005151939900540421,0.1,11.209733552923247,0.8999999999999992
28.560000000000002,0.02943232143928118,0.000456891388534131,0.1,11.209733552923247,0.8999999999999992
28.57,0.027591720741660636,0.0003674829764595258,0.1,11.209733552923247,0.8999999999999992
28.580000000000002,0.025632506666092493,0.0002752094216647294,0.1,11.209733552923247,0.8999999999999992
28.59,0.023633044984776905,0.00025127153722735723,0.1,11.209733552923247,0.8999999999999992
28.6,0.021551988624773144,0.0002387543650178514,0.1,11.209733552923247,0.8999999999999992
28.61,0.01936136876568569,0.00020014957245051751,0.1,11.209733552923247,0.8999999999999992
28.62,0.017120697738864356,0.00018931455278015628,0.1,11.209733552923247,0.8999999999999992
28.63,0.014759562970076735,0.00012384295357577486,0.1,11.209733552923247,0.8999999999999992
28.64,0.012376588892520999,9.935508093253204e-05,0.1,11.209733552923247,0.8999999999999992
28.650000000000002,0.009967567339946267,9.767484868549062e-05,0.1,11.209733552923247,0.8999999999999992
28.66,0.007506214006772571,8.040861782513085e-05,0.1,11.209733552923247,0.8999999999999992
28.67,0.004975759391890982,2.2848421247999863e-05,0.1,11.209733552923247,0.8999999999999992
28.68,0.0023838576747929148,-7.262611852945451e-05,0.1,11.209733552923247,0.8999999999999992
28.69,-0.00018812236665024162,-0.00013027515900627463,0.1,11.209733552923247,0.8999999999999992
28.7,-0.002695338725592368,-0.00011944091577182405,0.1,11.209733552923247,0.8999999999999992
28.71,-0.00522127248474758,-0.0001412258500959165,0.1,11.209733552923247,0.8999999999999992
28.72,-0.007701148217408161,-0.00013707009390703884,0.1,11.209733552923247,0.8999999999999992
28.73,-0.010252492510730196,-0.00023719456255950276,0.1,11.209733552923247,0.8999999999999992
28.740000000000002,-0.012790041128209353,-0.0003542897005195321,0.1,11.209733552923247,0.8999999999999992
28.75,-0.015276112085230942,-0.0004582959573413961,0.1,11.209733552923247,0.8999999999999992
28.76,-0.017744873468917427,-0.0005942142745683986,0.1,11.209733552923247,0.8999999999999992
28.77,-0.020187937457445466,-0.0007592400470791019,0.1,11.209733552923247,0.8999999999999992
28.78,-0.022582248577256853,-0.0009359934626845816,0.1,11.209733552923247,0.8999999999999992
28.79,-0.024870404605554276,-0.0010744517474435909,0.1,11.209733552923247,0.8999999999999992
28.8,-0.02706745450684298,-0.0012023754545565962,0.1,11.209733552923247,0.8999999999999992
28.810000000000002,-0.02926736089264583,-0.001422996104879126,0.1,11.209733552923247,0.8999999999999992
28.82,-0.0314555594701449,-0.0017190823916714251,0.1,11.209733552923247,0.8999999999999992
28.830000000000002,-0.03354773153668523,-0.0020052387019781595,0.1,11.209733552923247,0.8999999999999992
28.84,-0.03548248596632792,-0.002228230801654337,0.1,11.209733552923247,0.8999999999999992
28.85,-0.03741260164381529,-0.0025545816285386714,0.1,11.209733552923247,0.8999999999999992
28.86,-0.03921807468329675,-0.0028589244712286205,0.1,11.209733552923247,0.8999999999999992
28.87,-0.040893227889565995,-0.003143872760731367,0.1,11.209733552923247,0.8999999999999992
28.88,-0.042335849060937104,-0.0033147657568430066,0.1,11.209733552923247,0.8999999999999992
28.89,-0.043629143468836215,-0.003472496130338528,0.1,11.209733552923247,0.8999999999999992
28.900000000000002,-0.04472975417853206,-0.003579529304386327,0.1,11.209733552923247,0.8999999999999992
28.91,-0.04564561542903381,-0.00365326303936115,0.1,11.209733552923247,0.8999999999999992
28.92,-0.046486887475503884,-0.003810763504973416,0.1,11.209733552923247,0.8999999999999992
28.93,-0.04710538501340743,-0.0038969964354446554,0.1,11.209733552923247,0.8999999999999992
28.94,-0.04752652962240292,-0.003947322100703788,0.1,11.209733552923247,0.8999999999999992
28.95,-0.047734212436433776,-0.0039509592322985974,0.1,11.209733552923247,0.8999999999999992
28.96,-0.047556928565070725,-0.0037422753668282013,0.1,11.209733552923247,0.8999999999999992
28.97,-0.04729628039596672,-0.003646624826513163,0.1,11.209733552923247,0.8999999999999992
28.98,-0.046762939811683286,-0.003461160977186881,0.1,11.209733552923247,0.8999999999999992
28.990000000000002,-0.04605989225732485,-0.003297380855181085,0.1,11.209733552923247,0.8999999999999992
29.0,-0.045161344139165976,-0.0031247398455265018,0.1,11.209733552923247,0.8999999999999992
29.01,-0.04408768034104032,-0.0029615637078793233,0.1,11.209733552923247,0.8999999999999992
29.02,-0.04286225083781159,-0.0028263623884097373,0.1,11.209733552923247,0.8999999999999992
29.03,-0.04149732502669424,-0.002723785592877047,0.1,11.209733552923247,0.8999999999999992
29.04,-0.0399534638319226,-0.0026055814483175476,0.1,11.209733552923247,0.8999999999999992
29.05,-0.03832927523018959,-0.0025663181391379387,0.1,11.209733552923247,0.8999999999999992
29.060000000000002,-0.036517863945281254,-0.0024838350293142635,0.1,11.209733552923247,0.8999999999999992
29.07,-0.03458490704361699,-0.0024216844720273134,0.1,11.209733552923247,0.8999999999999992
29.080000000000002,-0.03257385082549883,-0.0024135060170339243,0.1,11.209733552923247,0.8999999999999992
29.09,-0.03045870989791147,-0.0024192250265657146,0.1,11.209733552923247,0.8999999999999992
29.1,-0.0281625804835046,-0.0023518890529266967,0.1,11.209733552923247,0.8999999999999992
29.11,-0.025784332541548535,-0.002309650467023274,0.1,11.209733552923247,0.8999999999999992
29.12,-0.023288747701851457,-0.0022451481371658457,0.1,11.209733552923247,0.8999999999999992
29.13,-0.02074026597005423,-0.002215625173162226,0.1,11.209733552923247,0.8999999999999992
29.14,-0.018074557339373493,-0.0021427981476440775,0.1,11.209733552923247,0.8999999999999992
29.150000000000002,-0.015305883538118157,-0.0020354728497155874,0.1,11.209733552923247,0.8999999999999992
29.16,-0.012387122762787108,-0.0018398195906345295,0.1,11.209733552923247,0.8999999999999992
29.17,-0.009431156544971776,-0.0016678090745065358,0.1,11.209733552923247,0.8999999999999992
29.18,-0.006407480839478916,-0.0014752355028849603,0.1,11.209733552923247,0.8999999999999992
29.19,-0.003356629712277316,-0.001293714115805419,0.1,11.209733552923247,0.8999999999999992
29.2,-0.00023078440415731866,-0.0010628213462405517,0.1,11.209733552923247,0.8999999999999992
29.21,0.002856904539582512,-0.0008897877025923014,0.1,11.209733552923247,0.8999999999999992
29.22,0.005967477452975524,-0.0006955606963035027,0.1,11.209733552923247,0.8999999999999992
29.23,0.009041646271955993,-0.0005302891481558361,0.1,11.209733552923247,0.8999999999999992
29.240000000000002,0.012073836524526541,-0.0003848252829536912,0.1,11.209733552923247,0.8999999999999992
29.25,0.015059916615026737,-0.0002497061397767576,0.1,11.209733552923247,0.8999999999999992
29.26,0.017996168477536285,-0.00011627079152434628,0.1,11.209733552923247,0.8999999999999992
29.27,0.02085262661058377,-3.279059094497098e-06,0.1,11.209733552923247,0.8999999999999992
29.28,0.023634641074508696,0.00010768221382565868,0.1,11.209733552923247,0.8999999999999992
29.29,0.02639947360382095,0.000284574852969125,0.1,11.209733552923247,0.8999999999999992
29.3,0.02910659284053797,0.0004896104337429708,0.1,11.209733552923247,0.8999999999999992
29.310000000000002,0.03173955446492324,0.0007129818617507752,0.1,11.209733552923247,0.8999999999999992
29.32,0.034221803412808685,0.0008854988605480907,0.1,11.209733552923247,0.8999999999999992
29.330000000000002,0.03652200580570432,0.0009905467956560236,0.1,11.209733552923247,0.8999999999999992
29.34,0.03872348992442431,0.0011275685951067328,0.1,11.209733552923247,0.8999999999999992
29.35,0.04081370068801861,0.0012884444713691173,0.1,11.209733552923247,0.8999999999999992
29.36,0.042814328742662784,0.0014996726735727712,0.1,11.209733552923247,0.8999999999999992
29.37,0.044613732942998544,0.0016508920272123855,0.1,11.209733552923247,0.8999999999999992
29.38,0.04622373234836465,0.00176701398161989,0.1,11.209733552923247,0.8999999999999992
29.39,0.047567663565311044,0.001781052752673274,0.1,11.209733552923247,0.8999999999999992
29.400000000000002,0.04870283768706796,0.0017668489063888291,0.1,11.209733552923247,0.8999999999999992
29.41,0.049694434063759355,0.0017971047629053722,0.1,11.209733552923247,0.8999999999999992
29.42,0.050465528313054515,0.0017935193084734537,0.1,11.209733552923247,0.8999999999999992
29.43,0.051068645537723695,0.0018152828187203486,0.1,11.209733552923247,0.8999999999999992
29.44,0.0514600235583656,0.00181789332932792,0.1,11.209733552923247,0.8999999999999992
29.45,0.05166405702240122,0.0018292346943509443,0.1,11.209733552923247,0.8999999999999992
29.46,0.05160654036165545,0.00177468728260182,0.1,11.209733552923247,0.8999999999999992
29.47,0.051349607234900764,0.001723563325697263,0.1,11.209733552923247,0.8999999999999992
29.48,0.05074065411890388,0.0015218601982813435,0.1,11.209733552923247,0.8999999999999992
29.490000000000002,0.049922649074832466,0.0013276162859916583,0.1,11.209733552923247,0.8999999999999992
29.5,0.04882685165481016,0.001068575961423281,0.1,11.209733552923247,0.8999999999999992
29.51,0.04759968907404176,0.000894913564380851,0.1,11.209733552923247,0.8999999999999992
29.52,0.04622470798318209,0.0007762293122223219,0.1,11.209733552923247,0.8999999999999992
29.53,0.04469194758997163,0.0006912370513560404,0.1,11.209733552923247,0.8999999999999992
29.54,0.04306033353146146,0.0006891786055946061,0.1,11.209733552923247,0.8999999999999992
29.55,0.041212909878034755,0.0006371863704433142,0.1,11.209733552923247,0.8999999999999992
29.560000000000002,0.03929199976147168,0.0006759269674892041,0.1,11.209733552923247,0.8999999999999992
29.57,0.037264501535728814,0.0007542272317361528,0.1,11.209733552923247,0.8999999999999992
29.580000000000002,0.03508008868850617,0.0008088666106022837,0.1,11.209733552923247,0.8999999999999992
29.59,0.03281615062240563,0.0009109141512788723,0.1,11.209733552923247,0.8999999999999992
29.6,0.030369608848906722,0.0009425095664604555,0.1,11.209733552923247,0.8999999999999992
29.61,0.027764393499043118,0.0009255850376675953,0.1,11.209733552923247,0.8999999999999992
29.62,0.025021744446258695,0.0008764910785597717,0.1,11.209733552923247,0.8999999999999992
29.63,0.022156607269479968,0.0008030403819318356,0.1,11.209733552923247,0.8999999999999992
29.64,0.01915403656829198,0.0006818986048921658,0.1,11.209733552923247,0.8999999999999992
29.650000000000002,0.016140005485714728,0.000632919765622949,0.1,11.209733552923247,0.8999999999999992
29.66,0.013052327526531396,0.000574038915472172,0.1,11.209733552923247,0.8999999999999992
29.67,0.009933833970044964,0.0005371763662023717,0.1,11.209733552923247,0.8999999999999992
29.68,0.006750724134206156,0.00047384461742390395,0.1,11.209733552923247,0.8999999999999992
29.69,0.0034531164525255613,0.000324774692090638,0.1,11.209733552923247,0.8999999999999992
29.7,0.00015867688911128976,0.0002047848869475091,0.1,11.209733552923247,0.8999999999999992
29.71,-0.003228707414759806,1.9444019571534686e-06,0.1,11.209733552923247,0.8999999999999992
29.72,-0.006603389610667086,-0.00018139474313885463,0.1,11.209733552923247,0.8999999999999992
29.73,-0.01001704373905468,-0.00041169835362585034,0.1,11.209733552923247,0.8999999999999992
29.740000000000002,-0.013288374709763195,-0.0005149661194893175,0.1,11.209733552923247,0.8999999999999992
29.75,-0.016458405812784745,-0.0005589534353271043,0.1,11.209733552923247,0.8999999999999992
29.76,-0.019555004013361788,-0.0005904715536688571,0.1,11.209733552923247,0.8999999999999992
29.77,-0.022508120220386084,-0.000552908634664606,0.1,11.209733552923247,0.8999999999999992
29.78,-0.025411740613121694,-0.0005597269847900884,0.1,11.209733552923247,0.8999999999999992
29.79,-0.02818496188573322,-0.0005363905151851716,0.1,11.209733552923247,0.8999999999999992
29.8,-0.030834149645837413,-0.0005035852315515445,0.1,11.209733552923247,0.8999999999999992
29.810000000000002,-0.03334575887049546,-0.00045930105921441995,0.1,11.209733552923247,0.8999999999999992
29.82,-0.03565959503152114,-0.0003545943858672241,0.1,11.209733552923247,0.8999999999999992
29.830000000000002,-0.03779371431282114,-0.00022370527062419296,0.1,11.209733552923247,0.8999999999999992
29.84,-0.03976205968805246,-9.230002941427635e-05,0.1,11.209733552923247,0.8999999999999992
29.85,-0.041654206770002526,-5.81363567605811e-05,0.1,11.209733552923247,0.8999999999999992
29.86,-0.043428019802650174,-7.560930608286587e-05,0.1,11.209733552923247,0.8999999999999992
29.87,-0.04503474751879503,-9.694306449671761e-05,0.1,11.209733552923247,0.8999999999999992
29.88,-0.04645740983158453,-0.00011081269708490107,0.1,11.209733552923247,0.8999999999999992
29.89,-0.04775175316568013,-0.0001791864264231495,0.1,11.209733552923247,0.8999999999999992
29.900000000000002,-0.04873570195738122,-0.00011853603571698745,0.1,11.209733552923247,0.8999999999999992
29.91,-0.04945044625811643,1.1542621676099399e-05,0.1,11.209733552923247,0.8999999999999992
29.92,-0.04993914736172131,0.0001569700770845546,0.1,11.209733552923247,0.8999999999999992
29.93,-0.050226606069723234,0.00028893222481225127,0.1,11.209733552923247,0.8999999999999992
29.94,-0.050326101074585204,0.0003942186980431235,0.1,11.209733552923247,0.8999999999999992
29.95,-0.05027441302398127,0.0004384453156443232,0.1,11.209733552923247,0.8999999999999992
29.96,-0.05002042720828453,0.000479813133834532,0.1,11.209733552923247,0.8999999999999992
29.97,-0.04955633501998864,0.0005274957626909504,0.1,11.209733552923247,0.8999999999999992
29.98,-0.04895915438376908,0.0005056151146981933,0.1,11.209733552923247,0.8999999999999992
29.990000000000002,-0.04815257911309163,0.0005009218420908018,0.1,11.209733552923247,0.8999999999999992
