stage_id,series_accession,geo_accession,Sample_title,Sample_source_name_ch1,Sample_characteristics_ch1,Sample_treatment_protocol_ch1,Sample_growth_protocol_ch1,Sample_extract_protocol_ch1,Sample_data_processing,Sample_platform_id,Sample_supplementary_file,Sample_relation
D1,GSE216989,GSM6701736,TAMR Control Early 1 [EPIC],TAMR cell line,"[""tissue: Tamoxifen-resistant (TAMR) MCF7 cells"", ""treatment: Control Early"", ""replicate: 1""]","Cells were treated daily with Decitabine (100 nM) for 7 consecutive days and harvested at day 7 (“Decitabine Day 7”). Control cells were cultured for a total of 11 days in normal media and harvested for “Control Early”. For the “Decitabine Recovery” samples, cells were treated daily with Decitabine (100nM) for 7 consecutive days, after which fresh media was added; cells were cultured for 28 additional days and harvested on day 35. Matched control cells were cultured for 35 days in normal media and harvested at day 35 for “Control Late”.",Tamoxifen-resistant MCF7 cells (TAMR) were previously generated by the long-term culture of MCF7 cells in phenol red-free RPMI medium containing 10% charcoal-stripped FBS (Gibco) and 4-OH-tamoxifen (1 × 10−7 M; TAM).,Gernomic DNA from cells was isolated using the  QIAamp DNA Mini Kit (Qiagen).,"Raw intensity data (IDAT) files were imported and quality controlled using minfi package (v.1.34.0) (Aryee et al., 2014). Data was then normalised with background correction. To reduce the risk of false discoveries, we removed probes affected for cross-hybridization to multiple locations on the genome or overlapped SNPs, as previously described (Pidsley et al., 2016). Beta (β) values were calculated from unmethylated (U) and methylated (M) signal [M/(U + M + 100)] and ranged from 0 to 1 (0 to 100% methylation). β values of loci whose detection P values were > 0.01 were assigned NA in the output file. To map EPIC arrays to hg38/GRCh38 assembly, all probes were annotated with the EPIC.hg38.manifest.tsv.gz files as described in (Zhou et al., 2017).",GPL21145,"[""ftp://ftp.ncbi.nlm.nih.gov/geo/samples/GSM6701nnn/GSM6701736/suppl/GSM6701736_205809380113_R03C01_Grn.idat.gz"", ""ftp://ftp.ncbi.nlm.nih.gov/geo/samples/GSM6701nnn/GSM6701736/suppl/GSM6701736_205809380113_R03C01_Red.idat.gz""]",
D1,GSE216989,GSM6701737,TAMR Control Early 2 [EPIC],TAMR cell line,"[""tissue: Tamoxifen-resistant (TAMR) MCF7 cells"", ""treatment: Control Early"", ""replicate: 2""]","Cells were treated daily with Decitabine (100 nM) for 7 consecutive days and harvested at day 7 (“Decitabine Day 7”). Control cells were cultured for a total of 11 days in normal media and harvested for “Control Early”. For the “Decitabine Recovery” samples, cells were treated daily with Decitabine (100nM) for 7 consecutive days, after which fresh media was added; cells were cultured for 28 additional days and harvested on day 35. Matched control cells were cultured for 35 days in normal media and harvested at day 35 for “Control Late”.",Tamoxifen-resistant MCF7 cells (TAMR) were previously generated by the long-term culture of MCF7 cells in phenol red-free RPMI medium containing 10% charcoal-stripped FBS (Gibco) and 4-OH-tamoxifen (1 × 10−7 M; TAM).,Gernomic DNA from cells was isolated using the  QIAamp DNA Mini Kit (Qiagen).,"Raw intensity data (IDAT) files were imported and quality controlled using minfi package (v.1.34.0) (Aryee et al., 2014). Data was then normalised with background correction. To reduce the risk of false discoveries, we removed probes affected for cross-hybridization to multiple locations on the genome or overlapped SNPs, as previously described (Pidsley et al., 2016). Beta (β) values were calculated from unmethylated (U) and methylated (M) signal [M/(U + M + 100)] and ranged from 0 to 1 (0 to 100% methylation). β values of loci whose detection P values were > 0.01 were assigned NA in the output file. To map EPIC arrays to hg38/GRCh38 assembly, all probes were annotated with the EPIC.hg38.manifest.tsv.gz files as described in (Zhou et al., 2017).",GPL21145,"[""ftp://ftp.ncbi.nlm.nih.gov/geo/samples/GSM6701nnn/GSM6701737/suppl/GSM6701737_205809380113_R04C01_Grn.idat.gz"", ""ftp://ftp.ncbi.nlm.nih.gov/geo/samples/GSM6701nnn/GSM6701737/suppl/GSM6701737_205809380113_R04C01_Red.idat.gz""]",
D1,GSE216989,GSM6701738,TAMR Decitabine Day 7 1 [EPIC],TAMR cell line,"[""tissue: Tamoxifen-resistant (TAMR) MCF7 cells"", ""treatment: Decitabine Day 7"", ""replicate: 1""]","Cells were treated daily with Decitabine (100 nM) for 7 consecutive days and harvested at day 7 (“Decitabine Day 7”). Control cells were cultured for a total of 11 days in normal media and harvested for “Control Early”. For the “Decitabine Recovery” samples, cells were treated daily with Decitabine (100nM) for 7 consecutive days, after which fresh media was added; cells were cultured for 28 additional days and harvested on day 35. Matched control cells were cultured for 35 days in normal media and harvested at day 35 for “Control Late”.",Tamoxifen-resistant MCF7 cells (TAMR) were previously generated by the long-term culture of MCF7 cells in phenol red-free RPMI medium containing 10% charcoal-stripped FBS (Gibco) and 4-OH-tamoxifen (1 × 10−7 M; TAM).,Gernomic DNA from cells was isolated using the  QIAamp DNA Mini Kit (Qiagen).,"Raw intensity data (IDAT) files were imported and quality controlled using minfi package (v.1.34.0) (Aryee et al., 2014). Data was then normalised with background correction. To reduce the risk of false discoveries, we removed probes affected for cross-hybridization to multiple locations on the genome or overlapped SNPs, as previously described (Pidsley et al., 2016). Beta (β) values were calculated from unmethylated (U) and methylated (M) signal [M/(U + M + 100)] and ranged from 0 to 1 (0 to 100% methylation). β values of loci whose detection P values were > 0.01 were assigned NA in the output file. To map EPIC arrays to hg38/GRCh38 assembly, all probes were annotated with the EPIC.hg38.manifest.tsv.gz files as described in (Zhou et al., 2017).",GPL21145,"[""ftp://ftp.ncbi.nlm.nih.gov/geo/samples/GSM6701nnn/GSM6701738/suppl/GSM6701738_205809380113_R01C01_Grn.idat.gz"", ""ftp://ftp.ncbi.nlm.nih.gov/geo/samples/GSM6701nnn/GSM6701738/suppl/GSM6701738_205809380113_R01C01_Red.idat.gz""]",
D1,GSE216989,GSM6701739,TAMR Decitabine Day 7 2 [EPIC],TAMR cell line,"[""tissue: Tamoxifen-resistant (TAMR) MCF7 cells"", ""treatment: Decitabine Day 7"", ""replicate: 2""]","Cells were treated daily with Decitabine (100 nM) for 7 consecutive days and harvested at day 7 (“Decitabine Day 7”). Control cells were cultured for a total of 11 days in normal media and harvested for “Control Early”. For the “Decitabine Recovery” samples, cells were treated daily with Decitabine (100nM) for 7 consecutive days, after which fresh media was added; cells were cultured for 28 additional days and harvested on day 35. Matched control cells were cultured for 35 days in normal media and harvested at day 35 for “Control Late”.",Tamoxifen-resistant MCF7 cells (TAMR) were previously generated by the long-term culture of MCF7 cells in phenol red-free RPMI medium containing 10% charcoal-stripped FBS (Gibco) and 4-OH-tamoxifen (1 × 10−7 M; TAM).,Gernomic DNA from cells was isolated using the  QIAamp DNA Mini Kit (Qiagen).,"Raw intensity data (IDAT) files were imported and quality controlled using minfi package (v.1.34.0) (Aryee et al., 2014). Data was then normalised with background correction. To reduce the risk of false discoveries, we removed probes affected for cross-hybridization to multiple locations on the genome or overlapped SNPs, as previously described (Pidsley et al., 2016). Beta (β) values were calculated from unmethylated (U) and methylated (M) signal [M/(U + M + 100)] and ranged from 0 to 1 (0 to 100% methylation). β values of loci whose detection P values were > 0.01 were assigned NA in the output file. To map EPIC arrays to hg38/GRCh38 assembly, all probes were annotated with the EPIC.hg38.manifest.tsv.gz files as described in (Zhou et al., 2017).",GPL21145,"[""ftp://ftp.ncbi.nlm.nih.gov/geo/samples/GSM6701nnn/GSM6701739/suppl/GSM6701739_205809380113_R02C01_Grn.idat.gz"", ""ftp://ftp.ncbi.nlm.nih.gov/geo/samples/GSM6701nnn/GSM6701739/suppl/GSM6701739_205809380113_R02C01_Red.idat.gz""]",
D1,GSE216989,GSM6701740,TAMR Decitabine Recovery 1 [EPIC],TAMR cell line,"[""tissue: Tamoxifen-resistant (TAMR) MCF7 cells"", ""treatment: Decitabine Recovery"", ""replicate: 1""]","Cells were treated daily with Decitabine (100 nM) for 7 consecutive days and harvested at day 7 (“Decitabine Day 7”). Control cells were cultured for a total of 11 days in normal media and harvested for “Control Early”. For the “Decitabine Recovery” samples, cells were treated daily with Decitabine (100nM) for 7 consecutive days, after which fresh media was added; cells were cultured for 28 additional days and harvested on day 35. Matched control cells were cultured for 35 days in normal media and harvested at day 35 for “Control Late”.",Tamoxifen-resistant MCF7 cells (TAMR) were previously generated by the long-term culture of MCF7 cells in phenol red-free RPMI medium containing 10% charcoal-stripped FBS (Gibco) and 4-OH-tamoxifen (1 × 10−7 M; TAM).,Gernomic DNA from cells was isolated using the  QIAamp DNA Mini Kit (Qiagen).,"Raw intensity data (IDAT) files were imported and quality controlled using minfi package (v.1.34.0) (Aryee et al., 2014). Data was then normalised with background correction. To reduce the risk of false discoveries, we removed probes affected for cross-hybridization to multiple locations on the genome or overlapped SNPs, as previously described (Pidsley et al., 2016). Beta (β) values were calculated from unmethylated (U) and methylated (M) signal [M/(U + M + 100)] and ranged from 0 to 1 (0 to 100% methylation). β values of loci whose detection P values were > 0.01 were assigned NA in the output file. To map EPIC arrays to hg38/GRCh38 assembly, all probes were annotated with the EPIC.hg38.manifest.tsv.gz files as described in (Zhou et al., 2017).",GPL21145,"[""ftp://ftp.ncbi.nlm.nih.gov/geo/samples/GSM6701nnn/GSM6701740/suppl/GSM6701740_205809380113_R05C01_Grn.idat.gz"", ""ftp://ftp.ncbi.nlm.nih.gov/geo/samples/GSM6701nnn/GSM6701740/suppl/GSM6701740_205809380113_R05C01_Red.idat.gz""]",
D1,GSE216989,GSM6701741,TAMR Decitabine Recovery 2 [EPIC],TAMR cell line,"[""tissue: Tamoxifen-resistant (TAMR) MCF7 cells"", ""treatment: Decitabine Recovery"", ""replicate: 2""]","Cells were treated daily with Decitabine (100 nM) for 7 consecutive days and harvested at day 7 (“Decitabine Day 7”). Control cells were cultured for a total of 11 days in normal media and harvested for “Control Early”. For the “Decitabine Recovery” samples, cells were treated daily with Decitabine (100nM) for 7 consecutive days, after which fresh media was added; cells were cultured for 28 additional days and harvested on day 35. Matched control cells were cultured for 35 days in normal media and harvested at day 35 for “Control Late”.",Tamoxifen-resistant MCF7 cells (TAMR) were previously generated by the long-term culture of MCF7 cells in phenol red-free RPMI medium containing 10% charcoal-stripped FBS (Gibco) and 4-OH-tamoxifen (1 × 10−7 M; TAM).,Gernomic DNA from cells was isolated using the  QIAamp DNA Mini Kit (Qiagen).,"Raw intensity data (IDAT) files were imported and quality controlled using minfi package (v.1.34.0) (Aryee et al., 2014). Data was then normalised with background correction. To reduce the risk of false discoveries, we removed probes affected for cross-hybridization to multiple locations on the genome or overlapped SNPs, as previously described (Pidsley et al., 2016). Beta (β) values were calculated from unmethylated (U) and methylated (M) signal [M/(U + M + 100)] and ranged from 0 to 1 (0 to 100% methylation). β values of loci whose detection P values were > 0.01 were assigned NA in the output file. To map EPIC arrays to hg38/GRCh38 assembly, all probes were annotated with the EPIC.hg38.manifest.tsv.gz files as described in (Zhou et al., 2017).",GPL21145,"[""ftp://ftp.ncbi.nlm.nih.gov/geo/samples/GSM6701nnn/GSM6701741/suppl/GSM6701741_205809380113_R06C01_Grn.idat.gz"", ""ftp://ftp.ncbi.nlm.nih.gov/geo/samples/GSM6701nnn/GSM6701741/suppl/GSM6701741_205809380113_R06C01_Red.idat.gz""]",
D1,GSE216989,GSM6701742,TAMR Control Late 1 [EPIC],TAMR cell line,"[""tissue: Tamoxifen-resistant (TAMR) MCF7 cells"", ""treatment: Control Late"", ""replicate: 1""]","Cells were treated daily with Decitabine (100 nM) for 7 consecutive days and harvested at day 7 (“Decitabine Day 7”). Control cells were cultured for a total of 11 days in normal media and harvested for “Control Early”. For the “Decitabine Recovery” samples, cells were treated daily with Decitabine (100nM) for 7 consecutive days, after which fresh media was added; cells were cultured for 28 additional days and harvested on day 35. Matched control cells were cultured for 35 days in normal media and harvested at day 35 for “Control Late”.",Tamoxifen-resistant MCF7 cells (TAMR) were previously generated by the long-term culture of MCF7 cells in phenol red-free RPMI medium containing 10% charcoal-stripped FBS (Gibco) and 4-OH-tamoxifen (1 × 10−7 M; TAM).,Gernomic DNA from cells was isolated using the  QIAamp DNA Mini Kit (Qiagen).,"Raw intensity data (IDAT) files were imported and quality controlled using minfi package (v.1.34.0) (Aryee et al., 2014). Data was then normalised with background correction. To reduce the risk of false discoveries, we removed probes affected for cross-hybridization to multiple locations on the genome or overlapped SNPs, as previously described (Pidsley et al., 2016). Beta (β) values were calculated from unmethylated (U) and methylated (M) signal [M/(U + M + 100)] and ranged from 0 to 1 (0 to 100% methylation). β values of loci whose detection P values were > 0.01 were assigned NA in the output file. To map EPIC arrays to hg38/GRCh38 assembly, all probes were annotated with the EPIC.hg38.manifest.tsv.gz files as described in (Zhou et al., 2017).",GPL21145,"[""ftp://ftp.ncbi.nlm.nih.gov/geo/samples/GSM6701nnn/GSM6701742/suppl/GSM6701742_205809380113_R07C01_Grn.idat.gz"", ""ftp://ftp.ncbi.nlm.nih.gov/geo/samples/GSM6701nnn/GSM6701742/suppl/GSM6701742_205809380113_R07C01_Red.idat.gz""]",
D1,GSE216989,GSM6701743,TAMR Control Late 2 [EPIC],TAMR cell line,"[""tissue: Tamoxifen-resistant (TAMR) MCF7 cells"", ""treatment: Control Late"", ""replicate: 2""]","Cells were treated daily with Decitabine (100 nM) for 7 consecutive days and harvested at day 7 (“Decitabine Day 7”). Control cells were cultured for a total of 11 days in normal media and harvested for “Control Early”. For the “Decitabine Recovery” samples, cells were treated daily with Decitabine (100nM) for 7 consecutive days, after which fresh media was added; cells were cultured for 28 additional days and harvested on day 35. Matched control cells were cultured for 35 days in normal media and harvested at day 35 for “Control Late”.",Tamoxifen-resistant MCF7 cells (TAMR) were previously generated by the long-term culture of MCF7 cells in phenol red-free RPMI medium containing 10% charcoal-stripped FBS (Gibco) and 4-OH-tamoxifen (1 × 10−7 M; TAM).,Gernomic DNA from cells was isolated using the  QIAamp DNA Mini Kit (Qiagen).,"Raw intensity data (IDAT) files were imported and quality controlled using minfi package (v.1.34.0) (Aryee et al., 2014). Data was then normalised with background correction. To reduce the risk of false discoveries, we removed probes affected for cross-hybridization to multiple locations on the genome or overlapped SNPs, as previously described (Pidsley et al., 2016). Beta (β) values were calculated from unmethylated (U) and methylated (M) signal [M/(U + M + 100)] and ranged from 0 to 1 (0 to 100% methylation). β values of loci whose detection P values were > 0.01 were assigned NA in the output file. To map EPIC arrays to hg38/GRCh38 assembly, all probes were annotated with the EPIC.hg38.manifest.tsv.gz files as described in (Zhou et al., 2017).",GPL21145,"[""ftp://ftp.ncbi.nlm.nih.gov/geo/samples/GSM6701nnn/GSM6701743/suppl/GSM6701743_205809380113_R08C01_Grn.idat.gz"", ""ftp://ftp.ncbi.nlm.nih.gov/geo/samples/GSM6701nnn/GSM6701743/suppl/GSM6701743_205809380113_R08C01_Red.idat.gz""]",
D1,GSE216989,GSM6701744,TAMR Control Early 1 [PCHi-C],TAMR cell line,"[""tissue: Tamoxifen-resistant (TAMR) MCF7 cells"", ""treatment: Control Early"", ""replicate: 1""]","Cells were treated daily with Decitabine (100 nM) for 7 consecutive days and harvested at day 7 (“Decitabine Day 7”). Control cells were cultured for a total of 11 days in normal media and harvested for “Control Early”. For the “Decitabine Recovery” samples, cells were treated daily with Decitabine (100nM) for 7 consecutive days, after which fresh media was added; cells were cultured for 28 additional days and harvested on day 35. Matched control cells were cultured for 35 days in normal media and harvested at day 35 for “Control Late”.",Tamoxifen-resistant MCF7 cells (TAMR) were previously generated by the long-term culture of MCF7 cells in phenol red-free RPMI medium containing 10% charcoal-stripped FBS (Gibco) and 4-OH-tamoxifen (1 × 10−7 M; TAM).,"[""Hi-C experiments were performed on fresh-frozen tumour samples using the Arima Hi-C+ kit (Arima Genomics, Inc.) with minor modifications. Hi-C libraries were then used for Promoter Capture enrichment."", ""PCHi-C libraries were prepared using the SureSelect target enrichment system (SureSelect XT HS2 DNA kit, Agilent Technologies) using custom-design RNA bait library.""]","[""PCHi-C sequenced reads were mapped and filtered using HiCUP (v.0.7.4) (Wingett et al., 2015) with hg38/GRCh38 genome digested with –arima flag and minimum di-tag length set to 20."", ""Unique, valid mapped reads from HiCUP were converted into .chinput files using bam2chicago.sh utility and obtained chinput files were further filtered and processed with CHiCAGO (v.1.14.0)"", ""Assembly: GRCh38/hg38"", ""Supplementary files format and content: chinput files containing unique, valid mapped reads.""]",GPL24676,,"[""BioSample: https://www.ncbi.nlm.nih.gov/biosample/SAMN31556330"", ""SRA: https://www.ncbi.nlm.nih.gov/sra?term=SRX18108894""]"
D1,GSE216989,GSM6701745,TAMR Control Early 2 [PCHi-C],TAMR cell line,"[""tissue: Tamoxifen-resistant (TAMR) MCF7 cells"", ""treatment: Control Early"", ""replicate: 2""]","Cells were treated daily with Decitabine (100 nM) for 7 consecutive days and harvested at day 7 (“Decitabine Day 7”). Control cells were cultured for a total of 11 days in normal media and harvested for “Control Early”. For the “Decitabine Recovery” samples, cells were treated daily with Decitabine (100nM) for 7 consecutive days, after which fresh media was added; cells were cultured for 28 additional days and harvested on day 35. Matched control cells were cultured for 35 days in normal media and harvested at day 35 for “Control Late”.",Tamoxifen-resistant MCF7 cells (TAMR) were previously generated by the long-term culture of MCF7 cells in phenol red-free RPMI medium containing 10% charcoal-stripped FBS (Gibco) and 4-OH-tamoxifen (1 × 10−7 M; TAM).,"[""Hi-C experiments were performed on fresh-frozen tumour samples using the Arima Hi-C+ kit (Arima Genomics, Inc.) with minor modifications. Hi-C libraries were then used for Promoter Capture enrichment."", ""PCHi-C libraries were prepared using the SureSelect target enrichment system (SureSelect XT HS2 DNA kit, Agilent Technologies) using custom-design RNA bait library.""]","[""PCHi-C sequenced reads were mapped and filtered using HiCUP (v.0.7.4) (Wingett et al., 2015) with hg38/GRCh38 genome digested with –arima flag and minimum di-tag length set to 20."", ""Unique, valid mapped reads from HiCUP were converted into .chinput files using bam2chicago.sh utility and obtained chinput files were further filtered and processed with CHiCAGO (v.1.14.0)"", ""Assembly: GRCh38/hg38"", ""Supplementary files format and content: chinput files containing unique, valid mapped reads.""]",GPL24676,,"[""BioSample: https://www.ncbi.nlm.nih.gov/biosample/SAMN31556329"", ""SRA: https://www.ncbi.nlm.nih.gov/sra?term=SRX18108895""]"
D1,GSE216989,GSM6701746,TAMR Decitabine Day 7 1 [PCHi-C],TAMR cell line,"[""tissue: Tamoxifen-resistant (TAMR) MCF7 cells"", ""treatment: Decitabine Day 7"", ""replicate: 1""]","Cells were treated daily with Decitabine (100 nM) for 7 consecutive days and harvested at day 7 (“Decitabine Day 7”). Control cells were cultured for a total of 11 days in normal media and harvested for “Control Early”. For the “Decitabine Recovery” samples, cells were treated daily with Decitabine (100nM) for 7 consecutive days, after which fresh media was added; cells were cultured for 28 additional days and harvested on day 35. Matched control cells were cultured for 35 days in normal media and harvested at day 35 for “Control Late”.",Tamoxifen-resistant MCF7 cells (TAMR) were previously generated by the long-term culture of MCF7 cells in phenol red-free RPMI medium containing 10% charcoal-stripped FBS (Gibco) and 4-OH-tamoxifen (1 × 10−7 M; TAM).,"[""Hi-C experiments were performed on fresh-frozen tumour samples using the Arima Hi-C+ kit (Arima Genomics, Inc.) with minor modifications. Hi-C libraries were then used for Promoter Capture enrichment."", ""PCHi-C libraries were prepared using the SureSelect target enrichment system (SureSelect XT HS2 DNA kit, Agilent Technologies) using custom-design RNA bait library.""]","[""PCHi-C sequenced reads were mapped and filtered using HiCUP (v.0.7.4) (Wingett et al., 2015) with hg38/GRCh38 genome digested with –arima flag and minimum di-tag length set to 20."", ""Unique, valid mapped reads from HiCUP were converted into .chinput files using bam2chicago.sh utility and obtained chinput files were further filtered and processed with CHiCAGO (v.1.14.0)"", ""Assembly: GRCh38/hg38"", ""Supplementary files format and content: chinput files containing unique, valid mapped reads.""]",GPL24676,,"[""BioSample: https://www.ncbi.nlm.nih.gov/biosample/SAMN31556328"", ""SRA: https://www.ncbi.nlm.nih.gov/sra?term=SRX18108896""]"
D1,GSE216989,GSM6701747,TAMR Decitabine Day 7 2 [PCHi-C],TAMR cell line,"[""tissue: Tamoxifen-resistant (TAMR) MCF7 cells"", ""treatment: Decitabine Day 7"", ""replicate: 2""]","Cells were treated daily with Decitabine (100 nM) for 7 consecutive days and harvested at day 7 (“Decitabine Day 7”). Control cells were cultured for a total of 11 days in normal media and harvested for “Control Early”. For the “Decitabine Recovery” samples, cells were treated daily with Decitabine (100nM) for 7 consecutive days, after which fresh media was added; cells were cultured for 28 additional days and harvested on day 35. Matched control cells were cultured for 35 days in normal media and harvested at day 35 for “Control Late”.",Tamoxifen-resistant MCF7 cells (TAMR) were previously generated by the long-term culture of MCF7 cells in phenol red-free RPMI medium containing 10% charcoal-stripped FBS (Gibco) and 4-OH-tamoxifen (1 × 10−7 M; TAM).,"[""Hi-C experiments were performed on fresh-frozen tumour samples using the Arima Hi-C+ kit (Arima Genomics, Inc.) with minor modifications. Hi-C libraries were then used for Promoter Capture enrichment."", ""PCHi-C libraries were prepared using the SureSelect target enrichment system (SureSelect XT HS2 DNA kit, Agilent Technologies) using custom-design RNA bait library.""]","[""PCHi-C sequenced reads were mapped and filtered using HiCUP (v.0.7.4) (Wingett et al., 2015) with hg38/GRCh38 genome digested with –arima flag and minimum di-tag length set to 20."", ""Unique, valid mapped reads from HiCUP were converted into .chinput files using bam2chicago.sh utility and obtained chinput files were further filtered and processed with CHiCAGO (v.1.14.0)"", ""Assembly: GRCh38/hg38"", ""Supplementary files format and content: chinput files containing unique, valid mapped reads.""]",GPL24676,,"[""BioSample: https://www.ncbi.nlm.nih.gov/biosample/SAMN31556327"", ""SRA: https://www.ncbi.nlm.nih.gov/sra?term=SRX18108897""]"
D1,GSE216989,GSM6701748,TAMR Decitabine Recovery 1 [PCHi-C],TAMR cell line,"[""tissue: Tamoxifen-resistant (TAMR) MCF7 cells"", ""treatment: Decitabine Recovery"", ""replicate: 1""]","Cells were treated daily with Decitabine (100 nM) for 7 consecutive days and harvested at day 7 (“Decitabine Day 7”). Control cells were cultured for a total of 11 days in normal media and harvested for “Control Early”. For the “Decitabine Recovery” samples, cells were treated daily with Decitabine (100nM) for 7 consecutive days, after which fresh media was added; cells were cultured for 28 additional days and harvested on day 35. Matched control cells were cultured for 35 days in normal media and harvested at day 35 for “Control Late”.",Tamoxifen-resistant MCF7 cells (TAMR) were previously generated by the long-term culture of MCF7 cells in phenol red-free RPMI medium containing 10% charcoal-stripped FBS (Gibco) and 4-OH-tamoxifen (1 × 10−7 M; TAM).,"[""Hi-C experiments were performed on fresh-frozen tumour samples using the Arima Hi-C+ kit (Arima Genomics, Inc.) with minor modifications. Hi-C libraries were then used for Promoter Capture enrichment."", ""PCHi-C libraries were prepared using the SureSelect target enrichment system (SureSelect XT HS2 DNA kit, Agilent Technologies) using custom-design RNA bait library.""]","[""PCHi-C sequenced reads were mapped and filtered using HiCUP (v.0.7.4) (Wingett et al., 2015) with hg38/GRCh38 genome digested with –arima flag and minimum di-tag length set to 20."", ""Unique, valid mapped reads from HiCUP were converted into .chinput files using bam2chicago.sh utility and obtained chinput files were further filtered and processed with CHiCAGO (v.1.14.0)"", ""Assembly: GRCh38/hg38"", ""Supplementary files format and content: chinput files containing unique, valid mapped reads.""]",GPL24676,,"[""BioSample: https://www.ncbi.nlm.nih.gov/biosample/SAMN31556326"", ""SRA: https://www.ncbi.nlm.nih.gov/sra?term=SRX18108898""]"
D1,GSE216989,GSM6701749,TAMR Decitabine Recovery 2 [PCHi-C],TAMR cell line,"[""tissue: Tamoxifen-resistant (TAMR) MCF7 cells"", ""treatment: Decitabine Recovery"", ""replicate: 2""]","Cells were treated daily with Decitabine (100 nM) for 7 consecutive days and harvested at day 7 (“Decitabine Day 7”). Control cells were cultured for a total of 11 days in normal media and harvested for “Control Early”. For the “Decitabine Recovery” samples, cells were treated daily with Decitabine (100nM) for 7 consecutive days, after which fresh media was added; cells were cultured for 28 additional days and harvested on day 35. Matched control cells were cultured for 35 days in normal media and harvested at day 35 for “Control Late”.",Tamoxifen-resistant MCF7 cells (TAMR) were previously generated by the long-term culture of MCF7 cells in phenol red-free RPMI medium containing 10% charcoal-stripped FBS (Gibco) and 4-OH-tamoxifen (1 × 10−7 M; TAM).,"[""Hi-C experiments were performed on fresh-frozen tumour samples using the Arima Hi-C+ kit (Arima Genomics, Inc.) with minor modifications. Hi-C libraries were then used for Promoter Capture enrichment."", ""PCHi-C libraries were prepared using the SureSelect target enrichment system (SureSelect XT HS2 DNA kit, Agilent Technologies) using custom-design RNA bait library.""]","[""PCHi-C sequenced reads were mapped and filtered using HiCUP (v.0.7.4) (Wingett et al., 2015) with hg38/GRCh38 genome digested with –arima flag and minimum di-tag length set to 20."", ""Unique, valid mapped reads from HiCUP were converted into .chinput files using bam2chicago.sh utility and obtained chinput files were further filtered and processed with CHiCAGO (v.1.14.0)"", ""Assembly: GRCh38/hg38"", ""Supplementary files format and content: chinput files containing unique, valid mapped reads.""]",GPL24676,,"[""BioSample: https://www.ncbi.nlm.nih.gov/biosample/SAMN31556325"", ""SRA: https://www.ncbi.nlm.nih.gov/sra?term=SRX18108899""]"
D1,GSE216989,GSM6701750,TAMR Control Late 1 [PCHi-C],TAMR cell line,"[""tissue: Tamoxifen-resistant (TAMR) MCF7 cells"", ""treatment: Control Late"", ""replicate: 1""]","Cells were treated daily with Decitabine (100 nM) for 7 consecutive days and harvested at day 7 (“Decitabine Day 7”). Control cells were cultured for a total of 11 days in normal media and harvested for “Control Early”. For the “Decitabine Recovery” samples, cells were treated daily with Decitabine (100nM) for 7 consecutive days, after which fresh media was added; cells were cultured for 28 additional days and harvested on day 35. Matched control cells were cultured for 35 days in normal media and harvested at day 35 for “Control Late”.",Tamoxifen-resistant MCF7 cells (TAMR) were previously generated by the long-term culture of MCF7 cells in phenol red-free RPMI medium containing 10% charcoal-stripped FBS (Gibco) and 4-OH-tamoxifen (1 × 10−7 M; TAM).,"[""Hi-C experiments were performed on fresh-frozen tumour samples using the Arima Hi-C+ kit (Arima Genomics, Inc.) with minor modifications. Hi-C libraries were then used for Promoter Capture enrichment."", ""PCHi-C libraries were prepared using the SureSelect target enrichment system (SureSelect XT HS2 DNA kit, Agilent Technologies) using custom-design RNA bait library.""]","[""PCHi-C sequenced reads were mapped and filtered using HiCUP (v.0.7.4) (Wingett et al., 2015) with hg38/GRCh38 genome digested with –arima flag and minimum di-tag length set to 20."", ""Unique, valid mapped reads from HiCUP were converted into .chinput files using bam2chicago.sh utility and obtained chinput files were further filtered and processed with CHiCAGO (v.1.14.0)"", ""Assembly: GRCh38/hg38"", ""Supplementary files format and content: chinput files containing unique, valid mapped reads.""]",GPL24676,,"[""BioSample: https://www.ncbi.nlm.nih.gov/biosample/SAMN31556324"", ""SRA: https://www.ncbi.nlm.nih.gov/sra?term=SRX18108900""]"
D1,GSE216989,GSM6701751,TAMR Control Late 2 [PCHi-C],TAMR cell line,"[""tissue: Tamoxifen-resistant (TAMR) MCF7 cells"", ""treatment: Control Late"", ""replicate: 2""]","Cells were treated daily with Decitabine (100 nM) for 7 consecutive days and harvested at day 7 (“Decitabine Day 7”). Control cells were cultured for a total of 11 days in normal media and harvested for “Control Early”. For the “Decitabine Recovery” samples, cells were treated daily with Decitabine (100nM) for 7 consecutive days, after which fresh media was added; cells were cultured for 28 additional days and harvested on day 35. Matched control cells were cultured for 35 days in normal media and harvested at day 35 for “Control Late”.",Tamoxifen-resistant MCF7 cells (TAMR) were previously generated by the long-term culture of MCF7 cells in phenol red-free RPMI medium containing 10% charcoal-stripped FBS (Gibco) and 4-OH-tamoxifen (1 × 10−7 M; TAM).,"[""Hi-C experiments were performed on fresh-frozen tumour samples using the Arima Hi-C+ kit (Arima Genomics, Inc.) with minor modifications. Hi-C libraries were then used for Promoter Capture enrichment."", ""PCHi-C libraries were prepared using the SureSelect target enrichment system (SureSelect XT HS2 DNA kit, Agilent Technologies) using custom-design RNA bait library.""]","[""PCHi-C sequenced reads were mapped and filtered using HiCUP (v.0.7.4) (Wingett et al., 2015) with hg38/GRCh38 genome digested with –arima flag and minimum di-tag length set to 20."", ""Unique, valid mapped reads from HiCUP were converted into .chinput files using bam2chicago.sh utility and obtained chinput files were further filtered and processed with CHiCAGO (v.1.14.0)"", ""Assembly: GRCh38/hg38"", ""Supplementary files format and content: chinput files containing unique, valid mapped reads.""]",GPL24676,,"[""BioSample: https://www.ncbi.nlm.nih.gov/biosample/SAMN31556323"", ""SRA: https://www.ncbi.nlm.nih.gov/sra?term=SRX18108901""]"
D1,GSE216989,GSM6701752,TAMR Control Early 1 [RNA-seq],TAMR cell line,"[""tissue: Tamoxifen-resistant (TAMR) MCF7 cells"", ""treatment: Control Early"", ""replicate: 1""]","Cells were treated daily with Decitabine (100 nM) for 7 consecutive days and harvested at day 7 (“Decitabine Day 7”). Control cells were cultured for a total of 11 days in normal media and harvested for “Control Early”. For the “Decitabine Recovery” samples, cells were treated daily with Decitabine (100nM) for 7 consecutive days, after which fresh media was added; cells were cultured for 28 additional days and harvested on day 35. Matched control cells were cultured for 35 days in normal media and harvested at day 35 for “Control Late”.",Tamoxifen-resistant MCF7 cells (TAMR) were previously generated by the long-term culture of MCF7 cells in phenol red-free RPMI medium containing 10% charcoal-stripped FBS (Gibco) and 4-OH-tamoxifen (1 × 10−7 M; TAM).,"[""RNA was extracted from harvested cells using the Trizol."", ""RNA was prepared for sequencing using the TruSeq Stranded mRNA Library Prep kit (Illumina) and libraries were sequenced on Illumina NovaSeq S4 in paired-end mode.""]","[""Sequence adaptors were trimmed using Trim Galore (v.0.11.2), reads were processed with Xenome v.10.1. (Conway et al., 2012) to remove mouse sequences and remaining reads were mapped with STAR (v.2.7.7a) (Dobin et al., 2013) to the hg38/GRCh38 human genome build with GENCODE v33 used as a reference transcriptome (parameter settings: –quantMode TranscriptomeSAM–outFilterMatchNmin 101 –outFilterMultimapNmax 20)."", ""TPM counts for each sample were obtained from DESeq2."", ""Assembly: GRCh38/hg38"", ""Supplementary files format and content: normalized transcript abundance measurment""]",GPL24676,,"[""BioSample: https://www.ncbi.nlm.nih.gov/biosample/SAMN31553300"", ""SRA: https://www.ncbi.nlm.nih.gov/sra?term=SRX18108424""]"
D1,GSE216989,GSM6701753,TAMR Control Early 2 [RNA-seq],TAMR cell line,"[""tissue: Tamoxifen-resistant (TAMR) MCF7 cells"", ""treatment: Control Early"", ""replicate: 2""]","Cells were treated daily with Decitabine (100 nM) for 7 consecutive days and harvested at day 7 (“Decitabine Day 7”). Control cells were cultured for a total of 11 days in normal media and harvested for “Control Early”. For the “Decitabine Recovery” samples, cells were treated daily with Decitabine (100nM) for 7 consecutive days, after which fresh media was added; cells were cultured for 28 additional days and harvested on day 35. Matched control cells were cultured for 35 days in normal media and harvested at day 35 for “Control Late”.",Tamoxifen-resistant MCF7 cells (TAMR) were previously generated by the long-term culture of MCF7 cells in phenol red-free RPMI medium containing 10% charcoal-stripped FBS (Gibco) and 4-OH-tamoxifen (1 × 10−7 M; TAM).,"[""RNA was extracted from harvested cells using the Trizol."", ""RNA was prepared for sequencing using the TruSeq Stranded mRNA Library Prep kit (Illumina) and libraries were sequenced on Illumina NovaSeq S4 in paired-end mode.""]","[""Sequence adaptors were trimmed using Trim Galore (v.0.11.2), reads were processed with Xenome v.10.1. (Conway et al., 2012) to remove mouse sequences and remaining reads were mapped with STAR (v.2.7.7a) (Dobin et al., 2013) to the hg38/GRCh38 human genome build with GENCODE v33 used as a reference transcriptome (parameter settings: –quantMode TranscriptomeSAM–outFilterMatchNmin 101 –outFilterMultimapNmax 20)."", ""TPM counts for each sample were obtained from DESeq2."", ""Assembly: GRCh38/hg38"", ""Supplementary files format and content: normalized transcript abundance measurment""]",GPL24676,,"[""BioSample: https://www.ncbi.nlm.nih.gov/biosample/SAMN31553299"", ""SRA: https://www.ncbi.nlm.nih.gov/sra?term=SRX18108425""]"
D1,GSE216989,GSM6701754,TAMR Decitabine Day 7 1 [RNA-seq],TAMR cell line,"[""tissue: Tamoxifen-resistant (TAMR) MCF7 cells"", ""treatment: Decitabine Day 7"", ""replicate: 1""]","Cells were treated daily with Decitabine (100 nM) for 7 consecutive days and harvested at day 7 (“Decitabine Day 7”). Control cells were cultured for a total of 11 days in normal media and harvested for “Control Early”. For the “Decitabine Recovery” samples, cells were treated daily with Decitabine (100nM) for 7 consecutive days, after which fresh media was added; cells were cultured for 28 additional days and harvested on day 35. Matched control cells were cultured for 35 days in normal media and harvested at day 35 for “Control Late”.",Tamoxifen-resistant MCF7 cells (TAMR) were previously generated by the long-term culture of MCF7 cells in phenol red-free RPMI medium containing 10% charcoal-stripped FBS (Gibco) and 4-OH-tamoxifen (1 × 10−7 M; TAM).,"[""RNA was extracted from harvested cells using the Trizol."", ""RNA was prepared for sequencing using the TruSeq Stranded mRNA Library Prep kit (Illumina) and libraries were sequenced on Illumina NovaSeq S4 in paired-end mode.""]","[""Sequence adaptors were trimmed using Trim Galore (v.0.11.2), reads were processed with Xenome v.10.1. (Conway et al., 2012) to remove mouse sequences and remaining reads were mapped with STAR (v.2.7.7a) (Dobin et al., 2013) to the hg38/GRCh38 human genome build with GENCODE v33 used as a reference transcriptome (parameter settings: –quantMode TranscriptomeSAM–outFilterMatchNmin 101 –outFilterMultimapNmax 20)."", ""TPM counts for each sample were obtained from DESeq2."", ""Assembly: GRCh38/hg38"", ""Supplementary files format and content: normalized transcript abundance measurment""]",GPL24676,,"[""BioSample: https://www.ncbi.nlm.nih.gov/biosample/SAMN31553298"", ""SRA: https://www.ncbi.nlm.nih.gov/sra?term=SRX18108426""]"
D1,GSE216989,GSM6701755,TAMR Decitabine Day 7 2 [RNA-seq],TAMR cell line,"[""tissue: Tamoxifen-resistant (TAMR) MCF7 cells"", ""treatment: Decitabine Day 7"", ""replicate: 2""]","Cells were treated daily with Decitabine (100 nM) for 7 consecutive days and harvested at day 7 (“Decitabine Day 7”). Control cells were cultured for a total of 11 days in normal media and harvested for “Control Early”. For the “Decitabine Recovery” samples, cells were treated daily with Decitabine (100nM) for 7 consecutive days, after which fresh media was added; cells were cultured for 28 additional days and harvested on day 35. Matched control cells were cultured for 35 days in normal media and harvested at day 35 for “Control Late”.",Tamoxifen-resistant MCF7 cells (TAMR) were previously generated by the long-term culture of MCF7 cells in phenol red-free RPMI medium containing 10% charcoal-stripped FBS (Gibco) and 4-OH-tamoxifen (1 × 10−7 M; TAM).,"[""RNA was extracted from harvested cells using the Trizol."", ""RNA was prepared for sequencing using the TruSeq Stranded mRNA Library Prep kit (Illumina) and libraries were sequenced on Illumina NovaSeq S4 in paired-end mode.""]","[""Sequence adaptors were trimmed using Trim Galore (v.0.11.2), reads were processed with Xenome v.10.1. (Conway et al., 2012) to remove mouse sequences and remaining reads were mapped with STAR (v.2.7.7a) (Dobin et al., 2013) to the hg38/GRCh38 human genome build with GENCODE v33 used as a reference transcriptome (parameter settings: –quantMode TranscriptomeSAM–outFilterMatchNmin 101 –outFilterMultimapNmax 20)."", ""TPM counts for each sample were obtained from DESeq2."", ""Assembly: GRCh38/hg38"", ""Supplementary files format and content: normalized transcript abundance measurment""]",GPL24676,,"[""BioSample: https://www.ncbi.nlm.nih.gov/biosample/SAMN31553297"", ""SRA: https://www.ncbi.nlm.nih.gov/sra?term=SRX18108427""]"
D1,GSE216989,GSM6701756,TAMR Decitabine Recovery 1 [RNA-seq],TAMR cell line,"[""tissue: Tamoxifen-resistant (TAMR) MCF7 cells"", ""treatment: Decitabine Recovery"", ""replicate: 1""]","Cells were treated daily with Decitabine (100 nM) for 7 consecutive days and harvested at day 7 (“Decitabine Day 7”). Control cells were cultured for a total of 11 days in normal media and harvested for “Control Early”. For the “Decitabine Recovery” samples, cells were treated daily with Decitabine (100nM) for 7 consecutive days, after which fresh media was added; cells were cultured for 28 additional days and harvested on day 35. Matched control cells were cultured for 35 days in normal media and harvested at day 35 for “Control Late”.",Tamoxifen-resistant MCF7 cells (TAMR) were previously generated by the long-term culture of MCF7 cells in phenol red-free RPMI medium containing 10% charcoal-stripped FBS (Gibco) and 4-OH-tamoxifen (1 × 10−7 M; TAM).,"[""RNA was extracted from harvested cells using the Trizol."", ""RNA was prepared for sequencing using the TruSeq Stranded mRNA Library Prep kit (Illumina) and libraries were sequenced on Illumina NovaSeq S4 in paired-end mode.""]","[""Sequence adaptors were trimmed using Trim Galore (v.0.11.2), reads were processed with Xenome v.10.1. (Conway et al., 2012) to remove mouse sequences and remaining reads were mapped with STAR (v.2.7.7a) (Dobin et al., 2013) to the hg38/GRCh38 human genome build with GENCODE v33 used as a reference transcriptome (parameter settings: –quantMode TranscriptomeSAM–outFilterMatchNmin 101 –outFilterMultimapNmax 20)."", ""TPM counts for each sample were obtained from DESeq2."", ""Assembly: GRCh38/hg38"", ""Supplementary files format and content: normalized transcript abundance measurment""]",GPL24676,,"[""BioSample: https://www.ncbi.nlm.nih.gov/biosample/SAMN31553296"", ""SRA: https://www.ncbi.nlm.nih.gov/sra?term=SRX18108428""]"
D1,GSE216989,GSM6701757,TAMR Decitabine Recovery 2 [RNA-seq],TAMR cell line,"[""tissue: Tamoxifen-resistant (TAMR) MCF7 cells"", ""treatment: Decitabine Recovery"", ""replicate: 2""]","Cells were treated daily with Decitabine (100 nM) for 7 consecutive days and harvested at day 7 (“Decitabine Day 7”). Control cells were cultured for a total of 11 days in normal media and harvested for “Control Early”. For the “Decitabine Recovery” samples, cells were treated daily with Decitabine (100nM) for 7 consecutive days, after which fresh media was added; cells were cultured for 28 additional days and harvested on day 35. Matched control cells were cultured for 35 days in normal media and harvested at day 35 for “Control Late”.",Tamoxifen-resistant MCF7 cells (TAMR) were previously generated by the long-term culture of MCF7 cells in phenol red-free RPMI medium containing 10% charcoal-stripped FBS (Gibco) and 4-OH-tamoxifen (1 × 10−7 M; TAM).,"[""RNA was extracted from harvested cells using the Trizol."", ""RNA was prepared for sequencing using the TruSeq Stranded mRNA Library Prep kit (Illumina) and libraries were sequenced on Illumina NovaSeq S4 in paired-end mode.""]","[""Sequence adaptors were trimmed using Trim Galore (v.0.11.2), reads were processed with Xenome v.10.1. (Conway et al., 2012) to remove mouse sequences and remaining reads were mapped with STAR (v.2.7.7a) (Dobin et al., 2013) to the hg38/GRCh38 human genome build with GENCODE v33 used as a reference transcriptome (parameter settings: –quantMode TranscriptomeSAM–outFilterMatchNmin 101 –outFilterMultimapNmax 20)."", ""TPM counts for each sample were obtained from DESeq2."", ""Assembly: GRCh38/hg38"", ""Supplementary files format and content: normalized transcript abundance measurment""]",GPL24676,,"[""BioSample: https://www.ncbi.nlm.nih.gov/biosample/SAMN31553295"", ""SRA: https://www.ncbi.nlm.nih.gov/sra?term=SRX18108429""]"
D1,GSE216989,GSM6701758,TAMR Control Late 1 [RNA-seq],TAMR cell line,"[""tissue: Tamoxifen-resistant (TAMR) MCF7 cells"", ""treatment: Control Late"", ""replicate: 1""]","Cells were treated daily with Decitabine (100 nM) for 7 consecutive days and harvested at day 7 (“Decitabine Day 7”). Control cells were cultured for a total of 11 days in normal media and harvested for “Control Early”. For the “Decitabine Recovery” samples, cells were treated daily with Decitabine (100nM) for 7 consecutive days, after which fresh media was added; cells were cultured for 28 additional days and harvested on day 35. Matched control cells were cultured for 35 days in normal media and harvested at day 35 for “Control Late”.",Tamoxifen-resistant MCF7 cells (TAMR) were previously generated by the long-term culture of MCF7 cells in phenol red-free RPMI medium containing 10% charcoal-stripped FBS (Gibco) and 4-OH-tamoxifen (1 × 10−7 M; TAM).,"[""RNA was extracted from harvested cells using the Trizol."", ""RNA was prepared for sequencing using the TruSeq Stranded mRNA Library Prep kit (Illumina) and libraries were sequenced on Illumina NovaSeq S4 in paired-end mode.""]","[""Sequence adaptors were trimmed using Trim Galore (v.0.11.2), reads were processed with Xenome v.10.1. (Conway et al., 2012) to remove mouse sequences and remaining reads were mapped with STAR (v.2.7.7a) (Dobin et al., 2013) to the hg38/GRCh38 human genome build with GENCODE v33 used as a reference transcriptome (parameter settings: –quantMode TranscriptomeSAM–outFilterMatchNmin 101 –outFilterMultimapNmax 20)."", ""TPM counts for each sample were obtained from DESeq2."", ""Assembly: GRCh38/hg38"", ""Supplementary files format and content: normalized transcript abundance measurment""]",GPL24676,,"[""BioSample: https://www.ncbi.nlm.nih.gov/biosample/SAMN31553294"", ""SRA: https://www.ncbi.nlm.nih.gov/sra?term=SRX18108430""]"
D1,GSE216989,GSM6701759,TAMR Control Late 2 [RNA-seq],TAMR cell line,"[""tissue: Tamoxifen-resistant (TAMR) MCF7 cells"", ""treatment: Control Late"", ""replicate: 2""]","Cells were treated daily with Decitabine (100 nM) for 7 consecutive days and harvested at day 7 (“Decitabine Day 7”). Control cells were cultured for a total of 11 days in normal media and harvested for “Control Early”. For the “Decitabine Recovery” samples, cells were treated daily with Decitabine (100nM) for 7 consecutive days, after which fresh media was added; cells were cultured for 28 additional days and harvested on day 35. Matched control cells were cultured for 35 days in normal media and harvested at day 35 for “Control Late”.",Tamoxifen-resistant MCF7 cells (TAMR) were previously generated by the long-term culture of MCF7 cells in phenol red-free RPMI medium containing 10% charcoal-stripped FBS (Gibco) and 4-OH-tamoxifen (1 × 10−7 M; TAM).,"[""RNA was extracted from harvested cells using the Trizol."", ""RNA was prepared for sequencing using the TruSeq Stranded mRNA Library Prep kit (Illumina) and libraries were sequenced on Illumina NovaSeq S4 in paired-end mode.""]","[""Sequence adaptors were trimmed using Trim Galore (v.0.11.2), reads were processed with Xenome v.10.1. (Conway et al., 2012) to remove mouse sequences and remaining reads were mapped with STAR (v.2.7.7a) (Dobin et al., 2013) to the hg38/GRCh38 human genome build with GENCODE v33 used as a reference transcriptome (parameter settings: –quantMode TranscriptomeSAM–outFilterMatchNmin 101 –outFilterMultimapNmax 20)."", ""TPM counts for each sample were obtained from DESeq2."", ""Assembly: GRCh38/hg38"", ""Supplementary files format and content: normalized transcript abundance measurment""]",GPL24676,,"[""BioSample: https://www.ncbi.nlm.nih.gov/biosample/SAMN31553293"", ""SRA: https://www.ncbi.nlm.nih.gov/sra?term=SRX18108431""]"
D1,GSE216986,GSM6701736,TAMR Control Early 1 [EPIC],TAMR cell line,"[""tissue: Tamoxifen-resistant (TAMR) MCF7 cells"", ""treatment: Control Early"", ""replicate: 1""]","Cells were treated daily with Decitabine (100 nM) for 7 consecutive days and harvested at day 7 (“Decitabine Day 7”). Control cells were cultured for a total of 11 days in normal media and harvested for “Control Early”. For the “Decitabine Recovery” samples, cells were treated daily with Decitabine (100nM) for 7 consecutive days, after which fresh media was added; cells were cultured for 28 additional days and harvested on day 35. Matched control cells were cultured for 35 days in normal media and harvested at day 35 for “Control Late”.",Tamoxifen-resistant MCF7 cells (TAMR) were previously generated by the long-term culture of MCF7 cells in phenol red-free RPMI medium containing 10% charcoal-stripped FBS (Gibco) and 4-OH-tamoxifen (1 × 10−7 M; TAM).,Gernomic DNA from cells was isolated using the  QIAamp DNA Mini Kit (Qiagen).,"Raw intensity data (IDAT) files were imported and quality controlled using minfi package (v.1.34.0) (Aryee et al., 2014). Data was then normalised with background correction. To reduce the risk of false discoveries, we removed probes affected for cross-hybridization to multiple locations on the genome or overlapped SNPs, as previously described (Pidsley et al., 2016). Beta (β) values were calculated from unmethylated (U) and methylated (M) signal [M/(U + M + 100)] and ranged from 0 to 1 (0 to 100% methylation). β values of loci whose detection P values were > 0.01 were assigned NA in the output file. To map EPIC arrays to hg38/GRCh38 assembly, all probes were annotated with the EPIC.hg38.manifest.tsv.gz files as described in (Zhou et al., 2017).",GPL21145,"[""ftp://ftp.ncbi.nlm.nih.gov/geo/samples/GSM6701nnn/GSM6701736/suppl/GSM6701736_205809380113_R03C01_Grn.idat.gz"", ""ftp://ftp.ncbi.nlm.nih.gov/geo/samples/GSM6701nnn/GSM6701736/suppl/GSM6701736_205809380113_R03C01_Red.idat.gz""]",
D1,GSE216986,GSM6701737,TAMR Control Early 2 [EPIC],TAMR cell line,"[""tissue: Tamoxifen-resistant (TAMR) MCF7 cells"", ""treatment: Control Early"", ""replicate: 2""]","Cells were treated daily with Decitabine (100 nM) for 7 consecutive days and harvested at day 7 (“Decitabine Day 7”). Control cells were cultured for a total of 11 days in normal media and harvested for “Control Early”. For the “Decitabine Recovery” samples, cells were treated daily with Decitabine (100nM) for 7 consecutive days, after which fresh media was added; cells were cultured for 28 additional days and harvested on day 35. Matched control cells were cultured for 35 days in normal media and harvested at day 35 for “Control Late”.",Tamoxifen-resistant MCF7 cells (TAMR) were previously generated by the long-term culture of MCF7 cells in phenol red-free RPMI medium containing 10% charcoal-stripped FBS (Gibco) and 4-OH-tamoxifen (1 × 10−7 M; TAM).,Gernomic DNA from cells was isolated using the  QIAamp DNA Mini Kit (Qiagen).,"Raw intensity data (IDAT) files were imported and quality controlled using minfi package (v.1.34.0) (Aryee et al., 2014). Data was then normalised with background correction. To reduce the risk of false discoveries, we removed probes affected for cross-hybridization to multiple locations on the genome or overlapped SNPs, as previously described (Pidsley et al., 2016). Beta (β) values were calculated from unmethylated (U) and methylated (M) signal [M/(U + M + 100)] and ranged from 0 to 1 (0 to 100% methylation). β values of loci whose detection P values were > 0.01 were assigned NA in the output file. To map EPIC arrays to hg38/GRCh38 assembly, all probes were annotated with the EPIC.hg38.manifest.tsv.gz files as described in (Zhou et al., 2017).",GPL21145,"[""ftp://ftp.ncbi.nlm.nih.gov/geo/samples/GSM6701nnn/GSM6701737/suppl/GSM6701737_205809380113_R04C01_Grn.idat.gz"", ""ftp://ftp.ncbi.nlm.nih.gov/geo/samples/GSM6701nnn/GSM6701737/suppl/GSM6701737_205809380113_R04C01_Red.idat.gz""]",
D1,GSE216986,GSM6701738,TAMR Decitabine Day 7 1 [EPIC],TAMR cell line,"[""tissue: Tamoxifen-resistant (TAMR) MCF7 cells"", ""treatment: Decitabine Day 7"", ""replicate: 1""]","Cells were treated daily with Decitabine (100 nM) for 7 consecutive days and harvested at day 7 (“Decitabine Day 7”). Control cells were cultured for a total of 11 days in normal media and harvested for “Control Early”. For the “Decitabine Recovery” samples, cells were treated daily with Decitabine (100nM) for 7 consecutive days, after which fresh media was added; cells were cultured for 28 additional days and harvested on day 35. Matched control cells were cultured for 35 days in normal media and harvested at day 35 for “Control Late”.",Tamoxifen-resistant MCF7 cells (TAMR) were previously generated by the long-term culture of MCF7 cells in phenol red-free RPMI medium containing 10% charcoal-stripped FBS (Gibco) and 4-OH-tamoxifen (1 × 10−7 M; TAM).,Gernomic DNA from cells was isolated using the  QIAamp DNA Mini Kit (Qiagen).,"Raw intensity data (IDAT) files were imported and quality controlled using minfi package (v.1.34.0) (Aryee et al., 2014). Data was then normalised with background correction. To reduce the risk of false discoveries, we removed probes affected for cross-hybridization to multiple locations on the genome or overlapped SNPs, as previously described (Pidsley et al., 2016). Beta (β) values were calculated from unmethylated (U) and methylated (M) signal [M/(U + M + 100)] and ranged from 0 to 1 (0 to 100% methylation). β values of loci whose detection P values were > 0.01 were assigned NA in the output file. To map EPIC arrays to hg38/GRCh38 assembly, all probes were annotated with the EPIC.hg38.manifest.tsv.gz files as described in (Zhou et al., 2017).",GPL21145,"[""ftp://ftp.ncbi.nlm.nih.gov/geo/samples/GSM6701nnn/GSM6701738/suppl/GSM6701738_205809380113_R01C01_Grn.idat.gz"", ""ftp://ftp.ncbi.nlm.nih.gov/geo/samples/GSM6701nnn/GSM6701738/suppl/GSM6701738_205809380113_R01C01_Red.idat.gz""]",
D1,GSE216986,GSM6701739,TAMR Decitabine Day 7 2 [EPIC],TAMR cell line,"[""tissue: Tamoxifen-resistant (TAMR) MCF7 cells"", ""treatment: Decitabine Day 7"", ""replicate: 2""]","Cells were treated daily with Decitabine (100 nM) for 7 consecutive days and harvested at day 7 (“Decitabine Day 7”). Control cells were cultured for a total of 11 days in normal media and harvested for “Control Early”. For the “Decitabine Recovery” samples, cells were treated daily with Decitabine (100nM) for 7 consecutive days, after which fresh media was added; cells were cultured for 28 additional days and harvested on day 35. Matched control cells were cultured for 35 days in normal media and harvested at day 35 for “Control Late”.",Tamoxifen-resistant MCF7 cells (TAMR) were previously generated by the long-term culture of MCF7 cells in phenol red-free RPMI medium containing 10% charcoal-stripped FBS (Gibco) and 4-OH-tamoxifen (1 × 10−7 M; TAM).,Gernomic DNA from cells was isolated using the  QIAamp DNA Mini Kit (Qiagen).,"Raw intensity data (IDAT) files were imported and quality controlled using minfi package (v.1.34.0) (Aryee et al., 2014). Data was then normalised with background correction. To reduce the risk of false discoveries, we removed probes affected for cross-hybridization to multiple locations on the genome or overlapped SNPs, as previously described (Pidsley et al., 2016). Beta (β) values were calculated from unmethylated (U) and methylated (M) signal [M/(U + M + 100)] and ranged from 0 to 1 (0 to 100% methylation). β values of loci whose detection P values were > 0.01 were assigned NA in the output file. To map EPIC arrays to hg38/GRCh38 assembly, all probes were annotated with the EPIC.hg38.manifest.tsv.gz files as described in (Zhou et al., 2017).",GPL21145,"[""ftp://ftp.ncbi.nlm.nih.gov/geo/samples/GSM6701nnn/GSM6701739/suppl/GSM6701739_205809380113_R02C01_Grn.idat.gz"", ""ftp://ftp.ncbi.nlm.nih.gov/geo/samples/GSM6701nnn/GSM6701739/suppl/GSM6701739_205809380113_R02C01_Red.idat.gz""]",
D1,GSE216986,GSM6701740,TAMR Decitabine Recovery 1 [EPIC],TAMR cell line,"[""tissue: Tamoxifen-resistant (TAMR) MCF7 cells"", ""treatment: Decitabine Recovery"", ""replicate: 1""]","Cells were treated daily with Decitabine (100 nM) for 7 consecutive days and harvested at day 7 (“Decitabine Day 7”). Control cells were cultured for a total of 11 days in normal media and harvested for “Control Early”. For the “Decitabine Recovery” samples, cells were treated daily with Decitabine (100nM) for 7 consecutive days, after which fresh media was added; cells were cultured for 28 additional days and harvested on day 35. Matched control cells were cultured for 35 days in normal media and harvested at day 35 for “Control Late”.",Tamoxifen-resistant MCF7 cells (TAMR) were previously generated by the long-term culture of MCF7 cells in phenol red-free RPMI medium containing 10% charcoal-stripped FBS (Gibco) and 4-OH-tamoxifen (1 × 10−7 M; TAM).,Gernomic DNA from cells was isolated using the  QIAamp DNA Mini Kit (Qiagen).,"Raw intensity data (IDAT) files were imported and quality controlled using minfi package (v.1.34.0) (Aryee et al., 2014). Data was then normalised with background correction. To reduce the risk of false discoveries, we removed probes affected for cross-hybridization to multiple locations on the genome or overlapped SNPs, as previously described (Pidsley et al., 2016). Beta (β) values were calculated from unmethylated (U) and methylated (M) signal [M/(U + M + 100)] and ranged from 0 to 1 (0 to 100% methylation). β values of loci whose detection P values were > 0.01 were assigned NA in the output file. To map EPIC arrays to hg38/GRCh38 assembly, all probes were annotated with the EPIC.hg38.manifest.tsv.gz files as described in (Zhou et al., 2017).",GPL21145,"[""ftp://ftp.ncbi.nlm.nih.gov/geo/samples/GSM6701nnn/GSM6701740/suppl/GSM6701740_205809380113_R05C01_Grn.idat.gz"", ""ftp://ftp.ncbi.nlm.nih.gov/geo/samples/GSM6701nnn/GSM6701740/suppl/GSM6701740_205809380113_R05C01_Red.idat.gz""]",
D1,GSE216986,GSM6701741,TAMR Decitabine Recovery 2 [EPIC],TAMR cell line,"[""tissue: Tamoxifen-resistant (TAMR) MCF7 cells"", ""treatment: Decitabine Recovery"", ""replicate: 2""]","Cells were treated daily with Decitabine (100 nM) for 7 consecutive days and harvested at day 7 (“Decitabine Day 7”). Control cells were cultured for a total of 11 days in normal media and harvested for “Control Early”. For the “Decitabine Recovery” samples, cells were treated daily with Decitabine (100nM) for 7 consecutive days, after which fresh media was added; cells were cultured for 28 additional days and harvested on day 35. Matched control cells were cultured for 35 days in normal media and harvested at day 35 for “Control Late”.",Tamoxifen-resistant MCF7 cells (TAMR) were previously generated by the long-term culture of MCF7 cells in phenol red-free RPMI medium containing 10% charcoal-stripped FBS (Gibco) and 4-OH-tamoxifen (1 × 10−7 M; TAM).,Gernomic DNA from cells was isolated using the  QIAamp DNA Mini Kit (Qiagen).,"Raw intensity data (IDAT) files were imported and quality controlled using minfi package (v.1.34.0) (Aryee et al., 2014). Data was then normalised with background correction. To reduce the risk of false discoveries, we removed probes affected for cross-hybridization to multiple locations on the genome or overlapped SNPs, as previously described (Pidsley et al., 2016). Beta (β) values were calculated from unmethylated (U) and methylated (M) signal [M/(U + M + 100)] and ranged from 0 to 1 (0 to 100% methylation). β values of loci whose detection P values were > 0.01 were assigned NA in the output file. To map EPIC arrays to hg38/GRCh38 assembly, all probes were annotated with the EPIC.hg38.manifest.tsv.gz files as described in (Zhou et al., 2017).",GPL21145,"[""ftp://ftp.ncbi.nlm.nih.gov/geo/samples/GSM6701nnn/GSM6701741/suppl/GSM6701741_205809380113_R06C01_Grn.idat.gz"", ""ftp://ftp.ncbi.nlm.nih.gov/geo/samples/GSM6701nnn/GSM6701741/suppl/GSM6701741_205809380113_R06C01_Red.idat.gz""]",
D1,GSE216986,GSM6701742,TAMR Control Late 1 [EPIC],TAMR cell line,"[""tissue: Tamoxifen-resistant (TAMR) MCF7 cells"", ""treatment: Control Late"", ""replicate: 1""]","Cells were treated daily with Decitabine (100 nM) for 7 consecutive days and harvested at day 7 (“Decitabine Day 7”). Control cells were cultured for a total of 11 days in normal media and harvested for “Control Early”. For the “Decitabine Recovery” samples, cells were treated daily with Decitabine (100nM) for 7 consecutive days, after which fresh media was added; cells were cultured for 28 additional days and harvested on day 35. Matched control cells were cultured for 35 days in normal media and harvested at day 35 for “Control Late”.",Tamoxifen-resistant MCF7 cells (TAMR) were previously generated by the long-term culture of MCF7 cells in phenol red-free RPMI medium containing 10% charcoal-stripped FBS (Gibco) and 4-OH-tamoxifen (1 × 10−7 M; TAM).,Gernomic DNA from cells was isolated using the  QIAamp DNA Mini Kit (Qiagen).,"Raw intensity data (IDAT) files were imported and quality controlled using minfi package (v.1.34.0) (Aryee et al., 2014). Data was then normalised with background correction. To reduce the risk of false discoveries, we removed probes affected for cross-hybridization to multiple locations on the genome or overlapped SNPs, as previously described (Pidsley et al., 2016). Beta (β) values were calculated from unmethylated (U) and methylated (M) signal [M/(U + M + 100)] and ranged from 0 to 1 (0 to 100% methylation). β values of loci whose detection P values were > 0.01 were assigned NA in the output file. To map EPIC arrays to hg38/GRCh38 assembly, all probes were annotated with the EPIC.hg38.manifest.tsv.gz files as described in (Zhou et al., 2017).",GPL21145,"[""ftp://ftp.ncbi.nlm.nih.gov/geo/samples/GSM6701nnn/GSM6701742/suppl/GSM6701742_205809380113_R07C01_Grn.idat.gz"", ""ftp://ftp.ncbi.nlm.nih.gov/geo/samples/GSM6701nnn/GSM6701742/suppl/GSM6701742_205809380113_R07C01_Red.idat.gz""]",
D1,GSE216986,GSM6701743,TAMR Control Late 2 [EPIC],TAMR cell line,"[""tissue: Tamoxifen-resistant (TAMR) MCF7 cells"", ""treatment: Control Late"", ""replicate: 2""]","Cells were treated daily with Decitabine (100 nM) for 7 consecutive days and harvested at day 7 (“Decitabine Day 7”). Control cells were cultured for a total of 11 days in normal media and harvested for “Control Early”. For the “Decitabine Recovery” samples, cells were treated daily with Decitabine (100nM) for 7 consecutive days, after which fresh media was added; cells were cultured for 28 additional days and harvested on day 35. Matched control cells were cultured for 35 days in normal media and harvested at day 35 for “Control Late”.",Tamoxifen-resistant MCF7 cells (TAMR) were previously generated by the long-term culture of MCF7 cells in phenol red-free RPMI medium containing 10% charcoal-stripped FBS (Gibco) and 4-OH-tamoxifen (1 × 10−7 M; TAM).,Gernomic DNA from cells was isolated using the  QIAamp DNA Mini Kit (Qiagen).,"Raw intensity data (IDAT) files were imported and quality controlled using minfi package (v.1.34.0) (Aryee et al., 2014). Data was then normalised with background correction. To reduce the risk of false discoveries, we removed probes affected for cross-hybridization to multiple locations on the genome or overlapped SNPs, as previously described (Pidsley et al., 2016). Beta (β) values were calculated from unmethylated (U) and methylated (M) signal [M/(U + M + 100)] and ranged from 0 to 1 (0 to 100% methylation). β values of loci whose detection P values were > 0.01 were assigned NA in the output file. To map EPIC arrays to hg38/GRCh38 assembly, all probes were annotated with the EPIC.hg38.manifest.tsv.gz files as described in (Zhou et al., 2017).",GPL21145,"[""ftp://ftp.ncbi.nlm.nih.gov/geo/samples/GSM6701nnn/GSM6701743/suppl/GSM6701743_205809380113_R08C01_Grn.idat.gz"", ""ftp://ftp.ncbi.nlm.nih.gov/geo/samples/GSM6701nnn/GSM6701743/suppl/GSM6701743_205809380113_R08C01_Red.idat.gz""]",
D2,GSE20945,GSM523700,Kasumi-1 10nM DAC day3 [mRNA profiling],Mock Treated Kasumi-1,"[""agent: 1x PBS"", ""cell line: Kasumi-1 human leukemia cell line""]",1x PBS for 72 hours,McCoy's 5A medium with 10% BCS and 1x PBS,TriZol extraction followed by RNeasy kit (Qiagen) clean-up with on-column DNase treatment,Log ratio of red signal to green signal was calculated after loess normalization as implemented in the Limma package from Bioconductor,GPL4133,ftp://ftp.ncbi.nlm.nih.gov/geo/samples/GSM523nnn/GSM523700/suppl/GSM523700.txt.gz,
D2,GSE20945,GSM523701,Kasumi-1 10nM DAC day7 [mRNA profiling],Mock Treated Kasumi-1,"[""agent: 1x PBS"", ""cell line: Kasumi-1 human leukemia cell line""]",1x PBS for 72 hours,McCoy's 5A medium with 10% BCS and 1x PBS,TriZol extraction followed by RNeasy kit (Qiagen) clean-up with on-column DNase treatment,Log ratio of red signal to green signal was calculated after loess normalization as implemented in the Limma package from Bioconductor,GPL4133,ftp://ftp.ncbi.nlm.nih.gov/geo/samples/GSM523nnn/GSM523701/suppl/GSM523701.txt.gz,
D2,GSE20945,GSM523720,Kasumi-1 10nM DAC day14 [mRNA profiling],Mock Treated Kasumi-1,"[""agent: 1x PBS"", ""cell line: Kasumi-1 human leukemia cell line""]",1x PBS for 72 hours,McCoy's 5A medium with 10% BCS and 1x PBS,TriZol extraction followed by RNeasy kit (Qiagen) clean-up with on-column DNase treatment,Log ratio of red signal to green signal was calculated after loess normalization as implemented in the Limma package from Bioconductor,GPL4133,ftp://ftp.ncbi.nlm.nih.gov/geo/samples/GSM523nnn/GSM523720/suppl/GSM523720.txt.gz,
D2,GSE20945,GSM523721,Kasumi-1 10nM DAC day3 (repeat) [mRNA profiling],Mock Treated Kasumi-1,"[""agent: 1x PBS"", ""cell line: Kasumi-1 human leukemia cell line""]",1x PBS for 72 hours,McCoy's 5A medium with 10% BCS and 1x PBS,TriZol extraction followed by RNeasy kit (Qiagen) clean-up with on-column DNase treatment,Log ratio of red signal to green signal was calculated after loess normalization as implemented in the Limma package from Bioconductor,GPL4133,ftp://ftp.ncbi.nlm.nih.gov/geo/samples/GSM523nnn/GSM523721/suppl/GSM523721.txt.gz,
D2,GSE20945,GSM523722,Kasumi-1 500nM DAC day3 [mRNA profiling],Mock Treated Kasumi-1,"[""agent: 1x PBS"", ""cell line: Kasumi-1 human leukemia cell line""]",1x PBS for 72 hours,McCoy's 5A medium with 10% BCS and 1x PBS,TriZol extraction followed by RNeasy kit (Qiagen) clean-up with on-column DNase treatment,Log ratio of red signal to green signal was calculated after loess normalization as implemented in the Limma package from Bioconductor,GPL4133,ftp://ftp.ncbi.nlm.nih.gov/geo/samples/GSM523nnn/GSM523722/suppl/GSM523722.txt.gz,
D2,GSE20945,GSM523723,Kasumi-1 100nM ARA-C day3 [mRNA profiling],Mock Treated Kasumi-1,"[""agent: 1x PBS"", ""cell line: Kasumi-1 human leukemia cell line""]",1x PBS for 72 hours,McCoy's 5A medium with 10% BCS and 1x PBS,TriZol extraction followed by RNeasy kit (Qiagen) clean-up with on-column DNase treatment,Log ratio of red signal to green signal was calculated after loess normalization as implemented in the Limma package from Bioconductor,GPL4133,ftp://ftp.ncbi.nlm.nih.gov/geo/samples/GSM523nnn/GSM523723/suppl/GSM523723.txt.gz,
D2,GSE20945,GSM523724,Kasumi-1 300nM TSA 9 hours [mRNA profiling],Mock Treated Kasumi-1,"[""agent: 1x PBS"", ""cell line: Kasumi-1 human leukemia cell line""]",1x PBS for 9 hours,McCoy's 5A medium with 10% BCS and 1x PBS,TriZol extraction followed by RNeasy kit (Qiagen) clean-up with on-column DNase treatment,Log ratio of red signal to green signal was calculated after loess normalization as implemented in the Limma package from Bioconductor,GPL4133,ftp://ftp.ncbi.nlm.nih.gov/geo/samples/GSM523nnn/GSM523724/suppl/GSM523724.txt.gz,
D2,GSE20945,GSM523725,MCF7 100nM DAC day1 [mRNA profiling],Mock Treated MCF7,"[""agent: 1x PBS"", ""cell line: MCF7 human breast cancer cell line""]",1x PBS for 1 day,McCoy's 5A medium with 10% BCS and 1x PBS,TriZol extraction followed by RNeasy kit (Qiagen) clean-up with on-column DNase treatment,Log ratio of red signal to green signal was calculated after loess normalization as implemented in the Limma package from Bioconductor,GPL4133,ftp://ftp.ncbi.nlm.nih.gov/geo/samples/GSM523nnn/GSM523725/suppl/GSM523725.txt.gz,
D2,GSE20945,GSM523726,MCF7 100nM DAC day3 [mRNA profiling],Mock Treated MCF7,"[""agent: 1x PBS"", ""cell line: MCF7 human breast cancer cell line""]",1x PBS for 3 days,McCoy's 5A medium with 10% BCS and 1x PBS,TriZol extraction followed by RNeasy kit (Qiagen) clean-up with on-column DNase treatment,Log ratio of red signal to green signal was calculated after loess normalization as implemented in the Limma package from Bioconductor,GPL4133,ftp://ftp.ncbi.nlm.nih.gov/geo/samples/GSM523nnn/GSM523726/suppl/GSM523726.txt.gz,
D2,GSE20945,GSM523727,MCF7 100nM DAC day10 [mRNA profiling],Mock Treated MCF7,"[""agent: 1x PBS"", ""cell line: MCF7 human breast cancer cell line""]",1x PBS for 72 hours,McCoy's 5A medium with 10% BCS and 1x PBS,TriZol extraction followed by RNeasy kit (Qiagen) clean-up with on-column DNase treatment,Log ratio of red signal to green signal was calculated after loess normalization as implemented in the Limma package from Bioconductor,GPL4133,ftp://ftp.ncbi.nlm.nih.gov/geo/samples/GSM523nnn/GSM523727/suppl/GSM523727.txt.gz,
D2,GSE20945,GSM523742,KG1A 10nM DAC day3 [mRNA profiling],Mock Treated KG1A,"[""agent: 1x PBS"", ""cell line: KG1A human leukemia cell line""]",1x PBS for 72 hours,McCoy's 5A medium with 10% BCS and 1x PBS,TriZol extraction followed by RNeasy kit (Qiagen) clean-up with on-column DNase treatment,Log ratio of red signal to green signal was calculated after loess normalization as implemented in the Limma package from Bioconductor,GPL4133,ftp://ftp.ncbi.nlm.nih.gov/geo/samples/GSM523nnn/GSM523742/suppl/GSM523742.txt.gz,
D2,GSE20945,GSM523770,KG1A 10nM DAC day7 [mRNA profiling],Mock Treated KG1A,"[""agent: 1x PBS"", ""cell line: KG1A human leukemia cell line""]",1x PBS for 72 hours,McCoy's 5A medium with 10% BCS and 1x PBS,TriZol extraction followed by RNeasy kit (Qiagen) clean-up with on-column DNase treatment,Log ratio of red signal to green signal was calculated after loess normalization as implemented in the Limma package from Bioconductor,GPL4133,ftp://ftp.ncbi.nlm.nih.gov/geo/samples/GSM523nnn/GSM523770/suppl/GSM523770.txt.gz,
D2,GSE20945,GSM523771,KG1A 10nM DAC day14 [mRNA profiling],Mock Treated KG1A,"[""agent: 1x PBS"", ""cell line: KG1A human leukemia cell line""]",1x PBS for 72 hours,McCoy's 5A medium with 10% BCS and 1x PBS,TriZol extraction followed by RNeasy kit (Qiagen) clean-up with on-column DNase treatment,Log ratio of red signal to green signal was calculated after loess normalization as implemented in the Limma package from Bioconductor,GPL4133,ftp://ftp.ncbi.nlm.nih.gov/geo/samples/GSM523nnn/GSM523771/suppl/GSM523771.txt.gz,
D2,GSE20945,GSM618227,Primary Leukemia - Untreated - Patient 1 [CH3'n profiling],Primary leukemia,"[""general control: Primary Leukemia (Patient 1)"", ""agent: Untreated""]",,Cultured short term in STEMLINE II Medium,Phenol-chloroform extraction,Raw methylated and unmethylated signals are used to recalculate beta values without background subtraction. Probes with a detection p-value equal to or greater than .05 are set to NA. Data handling and processing done in R.,GPL8490,NONE,
D2,GSE20945,GSM618228,Primary Leukemia - Untreated - Patient 2 [CH3'n profiling],Primary leukemia,"[""general control: Primary Leukemia (Patient 2)"", ""agent: Untreated""]",,Cultured short term in STEMLINE II Medium,Phenol-chloroform extraction,Raw methylated and unmethylated signals are used to recalculate beta values without background subtraction. Probes with a detection p-value equal to or greater than .05 are set to NA. Data handling and processing done in R.,GPL8490,NONE,
D2,GSE20945,GSM618229,Primary Leukemia - Untreated - Patient 4 [CH3'n profiling],Primary leukemia,"[""general control: Primary Leukemia (Patient 4)"", ""agent: Untreated""]",,Cultured short term in STEMLINE II Medium,Phenol-chloroform extraction,Raw methylated and unmethylated signals are used to recalculate beta values without background subtraction. Probes with a detection p-value equal to or greater than .05 are set to NA. Data handling and processing done in R.,GPL8490,NONE,
D2,GSE20945,GSM618230,Primary Leukemia - Untreated - Patient 5 [CH3'n profiling],Primary leukemia,"[""general control: Primary Leukemia (Patient 5)"", ""agent: Untreated""]",,Cultured short term in STEMLINE II Medium,Phenol-chloroform extraction,Raw methylated and unmethylated signals are used to recalculate beta values without background subtraction. Probes with a detection p-value equal to or greater than .05 are set to NA. Data handling and processing done in R.,GPL8490,NONE,
D2,GSE20945,GSM618231,Kasumi-1 leukemia cell line - Untreated - rep1 [CH3'n profiling],Kasumi-1 leukemia cell line,"[""cell line: Kasumi-1 leukemia cell line"", ""agent: Untreated""]",1x PBS for 72h,Obtained from ATCC and cultured according to instructions,Phenol-chloroform extraction,Raw methylated and unmethylated signals are used to recalculate beta values without background subtraction. Probes with a detection p-value equal to or greater than .05 are set to NA. Data handling and processing done in R.,GPL8490,NONE,
D2,GSE20945,GSM618232,"Kasumi-1 leukemia cell line - 10nM DAC treated - day 3, rep1 [CH3'n profiling]","Kasumi-1 leukemia cell line, DAC treated, day 3","[""cell line: Kasumi-1 leukemia cell line"", ""agent: DAC"", ""time point: day 3""]","10nM DAC for 72h, renewing the medium every 24h",Obtained from ATCC and cultured according to instructions,Phenol-chloroform extraction,Raw methylated and unmethylated signals are used to recalculate beta values without background subtraction. Probes with a detection p-value equal to or greater than .05 are set to NA. Data handling and processing done in R.,GPL8490,NONE,
D2,GSE20945,GSM618233,Kasumi-1 leukemia cell line - 10nM DAC treated - day 7 [CH3'n profiling],"Kasumi-1 leukemia cell line, DAC treated, day 7","[""cell line: Kasumi-1 leukemia cell line"", ""agent: DAC"", ""time point: day 7""]","10nM DAC for 72h, renewing the medium every 24h",Obtained from ATCC and cultured according to instructions,Phenol-chloroform extraction,Raw methylated and unmethylated signals are used to recalculate beta values without background subtraction. Probes with a detection p-value equal to or greater than .05 are set to NA. Data handling and processing done in R.,GPL8490,NONE,
D2,GSE20945,GSM618234,Kasumi-1 leukemia cell line - 10nM DAC treated - day 14 [CH3'n profiling],"Kasumi-1 leukemia cell line, DAC treated, day 14","[""cell line: Kasumi-1 leukemia cell line"", ""agent: DAC"", ""time point: day 14""]","10nM DAC for 72h, renewing the medium every 24h",Obtained from ATCC and cultured according to instructions,Phenol-chloroform extraction,Raw methylated and unmethylated signals are used to recalculate beta values without background subtraction. Probes with a detection p-value equal to or greater than .05 are set to NA. Data handling and processing done in R.,GPL8490,NONE,
D2,GSE20945,GSM618235,Kasumi-1 leukemia cell line - 10nM DAC treated - day 21 [CH3'n profiling],"Kasumi-1 leukemia cell line, DAC treated, day 21","[""cell line: Kasumi-1 leukemia cell line"", ""agent: DAC"", ""time point: day 21""]","10nM DAC for 72h, renewing the medium every 24h",Obtained from ATCC and cultured according to instructions,Phenol-chloroform extraction,Raw methylated and unmethylated signals are used to recalculate beta values without background subtraction. Probes with a detection p-value equal to or greater than .05 are set to NA. Data handling and processing done in R.,GPL8490,NONE,
D2,GSE20945,GSM618236,Kasumi-1 leukemia cell line - 10nM DAC treated - day 28 [CH3'n profiling],"Kasumi-1 leukemia cell line, DAC treated, day 28","[""cell line: Kasumi-1 leukemia cell line"", ""agent: DAC"", ""time point: day 28""]","10nM DAC for 72h, renewing the medium every 24h",Obtained from ATCC and cultured according to instructions,Phenol-chloroform extraction,Raw methylated and unmethylated signals are used to recalculate beta values without background subtraction. Probes with a detection p-value equal to or greater than .05 are set to NA. Data handling and processing done in R.,GPL8490,NONE,
D2,GSE20945,GSM618237,KG1A leukemia cell line - Untreated [CH3'n profiling],KG1A leukemia cell line,"[""cell line: KG1A leukemia cell line"", ""agent: Untreated""]",1x PBS for 72h,Obtained from ATCC and cultured according to instructions,Phenol-chloroform extraction,Raw methylated and unmethylated signals are used to recalculate beta values without background subtraction. Probes with a detection p-value equal to or greater than .05 are set to NA. Data handling and processing done in R.,GPL8490,NONE,
D2,GSE20945,GSM618238,KG1A leukemia cell line - 10nM DAC treated - day 3 [CH3'n profiling],"KG1A leukemia cell line, DAC treated, day 3","[""cell line: KG1A leukemia cell line"", ""agent: DAC"", ""time point: day 3""]","10nM DAC for 72h, renewing the medium every 24h",Obtained from ATCC and cultured according to instructions,Phenol-chloroform extraction,Raw methylated and unmethylated signals are used to recalculate beta values without background subtraction. Probes with a detection p-value equal to or greater than .05 are set to NA. Data handling and processing done in R.,GPL8490,NONE,
D2,GSE20945,GSM618239,KG1 leukemia cell line - Untreated [CH3'n profiling],KG1 leukemia cell line,"[""cell line: KG1 leukemia cell line"", ""agent: Untreated""]",1x PBS for 72h,Obtained from ATCC and cultured according to instructions,Phenol-chloroform extraction,Raw methylated and unmethylated signals are used to recalculate beta values without background subtraction. Probes with a detection p-value equal to or greater than .05 are set to NA. Data handling and processing done in R.,GPL8490,NONE,
D2,GSE20945,GSM618240,KG1 leukemia cell line - 10nM DAC treated - day 3 [CH3'n profiling],"KG1 leukemia cell line, DAC treated, day 3","[""cell line: KG1 leukemia cell line"", ""agent: DAC"", ""time point: day 3""]","10nM DAC for 72h, renewing the medium every 24h",Obtained from ATCC and cultured according to instructions,Phenol-chloroform extraction,Raw methylated and unmethylated signals are used to recalculate beta values without background subtraction. Probes with a detection p-value equal to or greater than .05 are set to NA. Data handling and processing done in R.,GPL8490,NONE,
D2,GSE20945,GSM618241,Primary Leukemia - Untreated - Patient 6347 [CH3'n profiling],Primary leukemia,"[""general control: Primary Leukemia (Patient 6347)"", ""agent: Untreated""]",1x PBS for 72h,Cultured short term in STEMLINE II Medium,Phenol-chloroform extraction,Raw methylated and unmethylated signals are used to recalculate beta values without background subtraction. Probes with a detection p-value equal to or greater than .05 are set to NA. Data handling and processing done in R.,GPL8490,NONE,
D2,GSE20945,GSM618242,Primary Leukemia - DAC treated - Patient 6347 [CH3'n profiling],"Primary leukemia, DAC treated","[""general control: Primary Leukemia (Patient 6347)"", ""agent: DAC""]","10nM DAC for 72h, renewing the medium every 24h",Cultured short term in STEMLINE II Medium,Phenol-chloroform extraction,Raw methylated and unmethylated signals are used to recalculate beta values without background subtraction. Probes with a detection p-value equal to or greater than .05 are set to NA. Data handling and processing done in R.,GPL8490,NONE,
D2,GSE20945,GSM618243,MCF7 breast cancer cell line - Untreated [CH3'n profiling],Breast cancer cell line,"[""cell line: MCF7 breast cancer cell line"", ""agent: Untreated""]",1x PBS for 72h,Obtained from ATCC and cultured according to instructions,Phenol-chloroform extraction,Raw methylated and unmethylated signals are used to recalculate beta values without background subtraction. Probes with a detection p-value equal to or greater than .05 are set to NA. Data handling and processing done in R.,GPL8490,NONE,
D2,GSE20945,GSM618244,MCF7 breast cancer cell line - 10nM DAC treated - day 3 [CH3'n profiling],"Breast cancer cell line, DAC treated","[""cell line: MCF7 breast cancer cell line"", ""agent: DAC"", ""time point: day 3""]","10nM DAC for 72h, renewing the medium every 24h",Obtained from ATCC and cultured according to instructions,Phenol-chloroform extraction,Raw methylated and unmethylated signals are used to recalculate beta values without background subtraction. Probes with a detection p-value equal to or greater than .05 are set to NA. Data handling and processing done in R.,GPL8490,NONE,
D2,GSE20945,GSM618245,Kasumi-1 leukemia cell line - ARA-C treated [CH3'n profiling],"Kasumi-1 leukemia cell line, ARA-C treated","[""cell line: Kasumi-1 leukemia cell line"", ""agent: ARA-C""]","100nM ARA-C for 72h, renewing the medium every 24h",Obtained from ATCC and cultured according to instructions,Phenol-chloroform extraction,Raw methylated and unmethylated signals are used to recalculate beta values without background subtraction. Probes with a detection p-value equal to or greater than .05 are set to NA. Data handling and processing done in R.,GPL8490,NONE,
D2,GSE20945,GSM618246,Kasumi-1 leukemia cell line - TSA treated [CH3'n profiling],"Kasumi-1 leukemia cell line, TSA treated","[""cell line: Kasumi-1 leukemia cell line"", ""agent: TSA""]","300nM DAC for 18h, renewing the medium every 24h untill 72h",Obtained from ATCC and cultured according to instructions,Phenol-chloroform extraction,Raw methylated and unmethylated signals are used to recalculate beta values without background subtraction. Probes with a detection p-value equal to or greater than .05 are set to NA. Data handling and processing done in R.,GPL8490,NONE,
D2,GSE20945,GSM618247,Kasumi-1 leukemia cell line - Untreated - rep2 [CH3'n profiling],Kasumi-1 leukemia cell line,"[""cell line: Kasumi-1 leukemia cell line"", ""agent: Untreated""]",1x PBS for 72h,Obtained from ATCC and cultured according to instructions,Phenol-chloroform extraction,Raw methylated and unmethylated signals are used to recalculate beta values without background subtraction. Probes with a detection p-value equal to or greater than .05 are set to NA. Data handling and processing done in R.,GPL8490,NONE,
D2,GSE20945,GSM618248,"Kasumi-1 leukemia cell line - 10nM DAC treated - day 3, rep2 [CH3'n profiling]","Kasumi-1 leukemia cell line, DAC treated","[""cell line: Kasumi-1 leukemia cell line"", ""agent: DAC"", ""time point: day 3""]","10nM DAC for 72h, renewing the medium every 24h",Obtained from ATCC and cultured according to instructions,Phenol-chloroform extraction,Raw methylated and unmethylated signals are used to recalculate beta values without background subtraction. Probes with a detection p-value equal to or greater than .05 are set to NA. Data handling and processing done in R.,GPL8490,NONE,
D2,GSE20945,GSM843835,Normal Bone Marrow BM1,Normal Bone Marrow,"[""disease state: Normal"", ""tissue: bone marrow"", ""treatement: Untreated""]",,,Phenol-chloroform extraction,Raw methylated and unmethylated signals are used to recalculate beta values without background subtraction. Probes with a detection p-value equal to or greater than .05 are set to NA. Data handling and processing done in R.,GPL13534,NONE,
D2,GSE20945,GSM843836,DAC Treated Normal Bone Marrow BM1,Normal Bone Marrow,"[""disease state: Normal"", ""tissue: bone marrow"", ""treatement: DAC""]",,,Phenol-chloroform extraction,Raw methylated and unmethylated signals are used to recalculate beta values without background subtraction. Probes with a detection p-value equal to or greater than .05 are set to NA. Data handling and processing done in R.,GPL13534,NONE,
D2,GSE20945,GSM843837,Normal Bone Marrow BM2,Normal Bone Marrow,"[""disease state: Normal"", ""tissue: bone marrow"", ""treatement: Untreated""]",,,Phenol-chloroform extraction,Raw methylated and unmethylated signals are used to recalculate beta values without background subtraction. Probes with a detection p-value equal to or greater than .05 are set to NA. Data handling and processing done in R.,GPL13534,NONE,
D2,GSE20945,GSM843838,Primary Leukemia 1307 - Day 3,Primary Leukemia,"[""disease state: Primary Cancer"", ""cell type: leukemia cells"", ""treatement: Untreated"", ""time: day 3""]",,,Phenol-chloroform extraction,Raw methylated and unmethylated signals are used to recalculate beta values without background subtraction. Probes with a detection p-value equal to or greater than .05 are set to NA. Data handling and processing done in R.,GPL13534,NONE,
D2,GSE20945,GSM843839,DAC Treated Primary Leukemia 1307 - Day 3,Primary Leukemia,"[""disease state: Primary Cancer"", ""cell type: leukemia cells"", ""treatement: DAC"", ""time: day 3""]",,,Phenol-chloroform extraction,Raw methylated and unmethylated signals are used to recalculate beta values without background subtraction. Probes with a detection p-value equal to or greater than .05 are set to NA. Data handling and processing done in R.,GPL13534,NONE,
D2,GSE20945,GSM843840,Primary Leukemia 1307 - Day 14,Primary Leukemia,"[""disease state: Primary Cancer"", ""cell type: leukemia cells"", ""treatement: Untreated"", ""time: day 14""]",,,Phenol-chloroform extraction,Raw methylated and unmethylated signals are used to recalculate beta values without background subtraction. Probes with a detection p-value equal to or greater than .05 are set to NA. Data handling and processing done in R.,GPL13534,NONE,
D2,GSE20945,GSM843841,DAC Treated Primary Leukemia 1307 - Day14,Primary Leukemia,"[""disease state: Primary Cancer"", ""cell type: leukemia cells"", ""treatement: DAC"", ""time: day 14""]",,,Phenol-chloroform extraction,Raw methylated and unmethylated signals are used to recalculate beta values without background subtraction. Probes with a detection p-value equal to or greater than .05 are set to NA. Data handling and processing done in R.,GPL13534,NONE,
D2,GSE20945,GSM843842,Primary Leukemia 1107 - Day 7,Primary Leukemia,"[""disease state: Primary Cancer"", ""cell type: leukemia cells"", ""treatement: Untreated"", ""time: day 7""]",,,Phenol-chloroform extraction,Raw methylated and unmethylated signals are used to recalculate beta values without background subtraction. Probes with a detection p-value equal to or greater than .05 are set to NA. Data handling and processing done in R.,GPL13534,NONE,
D2,GSE20945,GSM843843,DAC Treated Primary Leukemia 1107 - Day 7,Primary Leukemia,"[""disease state: Primary Cancer"", ""cell type: leukemia cells"", ""treatement: DAC"", ""time: day 7""]",,,Phenol-chloroform extraction,Raw methylated and unmethylated signals are used to recalculate beta values without background subtraction. Probes with a detection p-value equal to or greater than .05 are set to NA. Data handling and processing done in R.,GPL13534,NONE,
D2,GSE20945,GSM843850,DAC Treated 1107 Day 7 [mRNA profiling],Mock treated primary leukemia 1107 at day 7,"[""treatment: 1XPBS for 72 hours"", ""cell type: Leukemia""]",10nM DAC for 72 hours,McCoy's 5A medium with 10% BCS and 1x PBS,TriZol extraction followed by RNeasy kit (Qiagen) clean-up with on-column DNase treatment,Log ratio of red signal to green signal was calculated after loess normalization as implemented in the Limma package from Bioconductor,GPL6480,ftp://ftp.ncbi.nlm.nih.gov/geo/samples/GSM843nnn/GSM843850/suppl/GSM843850_jhu_251485068034_S01_GE2_107_Sep09_1_1_1307_Mock_D3-Cy3_1307_DAC_D3-Cy5.txt.gz,
D2,GSE20945,GSM843851,DAC Treated 1307 Day 3 [mRNA profiling],Mock treated primary leukemia 1307 at day 3,"[""treatment: 1XPBS for 72 hours"", ""cell type: Leukemia""]",10nM DAC for 72 hours,McCoy's 5A medium with 10% BCS and 1x PBS,TriZol extraction followed by RNeasy kit (Qiagen) clean-up with on-column DNase treatment,Log ratio of red signal to green signal was calculated after loess normalization as implemented in the Limma package from Bioconductor,GPL6480,ftp://ftp.ncbi.nlm.nih.gov/geo/samples/GSM843nnn/GSM843851/suppl/GSM843851_jhu_251485068034_S01_GE2_107_Sep09_1_2_1307_Mock_D14-Cy3_1307_DAC_D14-Cy5.txt.gz,
D2,GSE20945,GSM843852,DAC Treated 1307 Day 14 [mRNA profiling],Mock treated primary leukemia 1307 at day 14,"[""treatment: 1XPBS for 72 hours"", ""cell type: Leukemia""]",10nM DAC for 72 hours,McCoy's 5A medium with 10% BCS and 1x PBS,TriZol extraction followed by RNeasy kit (Qiagen) clean-up with on-column DNase treatment,Log ratio of red signal to green signal was calculated after loess normalization as implemented in the Limma package from Bioconductor,GPL6480,ftp://ftp.ncbi.nlm.nih.gov/geo/samples/GSM843nnn/GSM843852/suppl/GSM843852_jhu_251485068034_S01_GE2_107_Sep09_1_3_1107_Mock_D7-Cy3_1107_DAC_D7-Cy5.txt.gz,
D2,GSE20945,GSM843853,DAC Treated 103 Day 3 [mRNA profiling],Mock treated primary leukemia 103 at day 3,"[""treatment: 1XPBS for 72 hours"", ""cell type: Breast Cancer""]",10nM DAC for 72 hours,McCoy's 5A medium with 10% BCS and 1x PBS,TriZol extraction followed by RNeasy kit (Qiagen) clean-up with on-column DNase treatment,Log ratio of red signal to green signal was calculated after loess normalization as implemented in the Limma package from Bioconductor,GPL6480,ftp://ftp.ncbi.nlm.nih.gov/geo/samples/GSM843nnn/GSM843853/suppl/GSM843853_jhu_251485068034_S01_GE2_107_Sep09_1_4_103_Mock_D3-Cy3_103_AZA_D3-Cy5.txt.gz,
D2,GSE20945,GSM843854,DAC Treated 103 Day 7 [mRNA profiling],Mock treated primary leukemia 103 at day 7,"[""treatment: 1XPBS for 72 hours"", ""cell type: Breast Cancer""]",10nM DAC for 72 hours,McCoy's 5A medium with 10% BCS and 1x PBS,TriZol extraction followed by RNeasy kit (Qiagen) clean-up with on-column DNase treatment,Log ratio of red signal to green signal was calculated after loess normalization as implemented in the Limma package from Bioconductor,GPL6480,ftp://ftp.ncbi.nlm.nih.gov/geo/samples/GSM843nnn/GSM843854/suppl/GSM843854_jhu_251485068035_S01_GE2_107_Sep09_1_1_103_Mock_D7-Cy3_103_AZA_D7-Cy5.txt.gz,
D2,GSE20945,GSM843855,DAC Treated 104 Day 3 [mRNA profiling],Mock treated primary leukemia 104 at day 3,"[""treatment: 1XPBS for 72 hours"", ""cell type: Breast Cancer""]",10nM DAC for 72 hours,McCoy's 5A medium with 10% BCS and 1x PBS,TriZol extraction followed by RNeasy kit (Qiagen) clean-up with on-column DNase treatment,Log ratio of red signal to green signal was calculated after loess normalization as implemented in the Limma package from Bioconductor,GPL6480,ftp://ftp.ncbi.nlm.nih.gov/geo/samples/GSM843nnn/GSM843855/suppl/GSM843855_jhu_251485068035_S01_GE2_107_Sep09_1_2_104_Mock_D3-Cy3_104_AZA_D3-Cy5.txt.gz,
D2,GSE20945,GSM843856,DAC Treated 104 Day 7 [mRNA profiling],Mock treated primary leukemia 104 at day 7,"[""treatment: 1XPBS for 72 hours"", ""cell type: Breast Cancer""]",10nM DAC for 72 hours,McCoy's 5A medium with 10% BCS and 1x PBS,TriZol extraction followed by RNeasy kit (Qiagen) clean-up with on-column DNase treatment,Log ratio of red signal to green signal was calculated after loess normalization as implemented in the Limma package from Bioconductor,GPL6480,ftp://ftp.ncbi.nlm.nih.gov/geo/samples/GSM843nnn/GSM843856/suppl/GSM843856_jhu_251485068035_S01_GE2_107_Sep09_1_3_104_Mock_D7-Cy3_104_AZA_D7-Cy5.txt.gz,
D2,GSE20945,GSM843857,DAC Treated 104 Day 14 [mRNA profiling],Mock treated primary leukemia 104 at day 14,"[""treatment: 1XPBS for 72 hours"", ""cell type: Breast Cancer""]",10nM DAC for 72 hours,McCoy's 5A medium with 10% BCS and 1x PBS,TriZol extraction followed by RNeasy kit (Qiagen) clean-up with on-column DNase treatment,Log ratio of red signal to green signal was calculated after loess normalization as implemented in the Limma package from Bioconductor,GPL6480,ftp://ftp.ncbi.nlm.nih.gov/geo/samples/GSM843nnn/GSM843857/suppl/GSM843857_jhu_251485068035_S01_GE2_107_Sep09_1_4_104_Mock_D14-Cy3_104_AZA_D14-Cy5.txt.gz,
D2,GSE20945,GSM843858,DAC Treated Kasumi [mRNA profiling],Mock treated Kasumi-1 cell line,"[""treatment: 1XPBS for 72 hours"", ""cell type: Leukemia Cell Line"", ""cell line: Kasumi""]",10nM DAC for 72 hours,McCoy's 5A medium with 10% BCS and 1x PBS,TriZol extraction followed by RNeasy kit (Qiagen) clean-up with on-column DNase treatment,Log ratio of red signal to green signal was calculated after loess normalization as implemented in the Limma package from Bioconductor,GPL6480,ftp://ftp.ncbi.nlm.nih.gov/geo/samples/GSM843nnn/GSM843858/suppl/GSM843858_jhu_251485070595_S01_GE2_107_Sep09_1_4_Kasumi-1_Mock_total_-Cy3_Kasumi-1_DAC_total_-Cy5.txt.gz,
D2,GSE20945,GSM843859,DAC Treated Kasumi CD34+ [mRNA profiling],Mock treated Kasumi-1 CD34+ cells,"[""treatment: 1XPBS for 72 hours"", ""cell type: Leukemia Cell Line"", ""cell line: Kasumi CD34+""]",10nM DAC for 72 hours,McCoy's 5A medium with 10% BCS and 1x PBS,TriZol extraction followed by RNeasy kit (Qiagen) clean-up with on-column DNase treatment,Log ratio of red signal to green signal was calculated after loess normalization as implemented in the Limma package from Bioconductor,GPL6480,ftp://ftp.ncbi.nlm.nih.gov/geo/samples/GSM843nnn/GSM843859/suppl/GSM843859_jhu_251485070596_S01_GE2_107_Sep09_1_1_CD34_+Mock-Cy3_CD34_+DAC-Cy5.txt.gz,
D2,GSE20945,GSM843860,DAC Treated Kasumi CD34- [mRNA profiling],Mock treated Kasumi-1 CD34- cells,"[""treatment: 1XPBS for 72 hours"", ""cell type: Leukemia Cell Line"", ""cell line: Kasumi CD34-""]",10nM DAC for 72 hours,McCoy's 5A medium with 10% BCS and 1x PBS,TriZol extraction followed by RNeasy kit (Qiagen) clean-up with on-column DNase treatment,Log ratio of red signal to green signal was calculated after loess normalization as implemented in the Limma package from Bioconductor,GPL6480,ftp://ftp.ncbi.nlm.nih.gov/geo/samples/GSM843nnn/GSM843860/suppl/GSM843860_jhu_251485070596_S01_GE2_107_Sep09_1_2_CD34_-Mock-Cy3_CD34_-DAC-Cy5.txt.gz,
D3,GSE231780,GSM7300306,"BJ Fibroblast, EP",Neonatal Foreskin,"[""tissue: Neonatal Foreskin"", ""cell line: BJ Fibroblast"", ""cell type: Fibroblast"", ""genotype: WT""]",,"BJ Fibroblast cells were maintained in 66.3% KO DMEM, 16.5% Medium 199, 14.5% FBS, 3.5 mM Glutamine, 1% Pen/Strep in humidified atmosphere with 5% CO2 at 37C","[""Total RNA was extracted from cell pellets using Trizol (Thermo Scientific 15596026). Ribosomal RNA was depleted using Ribozero (Illumina)"", ""Libraries were  prepared by following the manufacturer’s protocol for the Illumina TruSeq® Stranded Total RNA Library Prep Human/Mouse/Rat kit (P/N 20020596). Custom 10 bp UDI TruSeq-Compatible Duplex Y Adapters from IDT were used to index the libraries (IDT10_UDI_1 through IDT10_UDI_15)""]","[""Reads were trimmed and adapters were removed using cutadapt using the –minimum-length 1 and -q 20 flags. The adapter sequences were -a AGATCGGAAGAGCACACGTCTGAACTCCAGTCACGTGAAACGATCTCGTATGCCGTCTTCTGCTTG and -A AATGATACGGCGACCACCGAGATCTACACTCTTTCCCTACACGACGCTCTTCCGATCT."", ""Trimmed reads were aligned to hg38 using STAR with the following flags: --sjdbOverhang 100. The GENCODEv21 and RepeatMasker GTF annotation files used for alignment."", ""To determine gene and TE subfamily-level read counts, TEtranscripts (V. 2.2.1)  was run with the following flags: --format BAM –mode multi –stranded reverse –GTF."", ""To determine locus-specific TE read counts, Telescope  was run in a Conda environment with the following dependencies: python=3.6 future pyyaml cython=0.29.7 numpy=1.16.3 scipy=1.2.1 pysam=0.15.2 htslib=1.9 intervaltree=3.0.2 The “telescope assign” command was used with default parameters to quantify TE expression."", ""Assembly: hg38"", ""Supplementary files format and content: TEtranscripts_combined_cntTable.txt - tab delimited file gives raw read counts for each sample from TEtranscrips analysis (gene and TE subfamily-level data)"", ""Supplementary files format and content: telescope_combined_cntTable.txt - tab delimited file gives raw read counts for each sample from Telescope analysis (locus-specific TE data)""]",GPL24676,,"[""BioSample: https://www.ncbi.nlm.nih.gov/biosample/SAMN34718816"", ""SRA: https://www.ncbi.nlm.nih.gov/sra?term=SRX20233595""]"
D3,GSE231780,GSM7300307,"BJ Fibroblast, hTERT, rep 1",Neonatal Foreskin,"[""tissue: Neonatal Foreskin"", ""cell line: BJ Fibroblast"", ""cell type: Fibroblast"", ""genotype: hTERT overexpression""]",,"BJ Fibroblast cells were maintained in 66.3% KO DMEM, 16.5% Medium 199, 14.5% FBS, 3.5 mM Glutamine, 1% Pen/Strep in humidified atmosphere with 5% CO2 at 37C","[""Total RNA was extracted from cell pellets using Trizol (Thermo Scientific 15596026). Ribosomal RNA was depleted using Ribozero (Illumina)"", ""Libraries were  prepared by following the manufacturer’s protocol for the Illumina TruSeq® Stranded Total RNA Library Prep Human/Mouse/Rat kit (P/N 20020596). Custom 10 bp UDI TruSeq-Compatible Duplex Y Adapters from IDT were used to index the libraries (IDT10_UDI_1 through IDT10_UDI_15)""]","[""Reads were trimmed and adapters were removed using cutadapt using the –minimum-length 1 and -q 20 flags. The adapter sequences were -a AGATCGGAAGAGCACACGTCTGAACTCCAGTCACGTGAAACGATCTCGTATGCCGTCTTCTGCTTG and -A AATGATACGGCGACCACCGAGATCTACACTCTTTCCCTACACGACGCTCTTCCGATCT."", ""Trimmed reads were aligned to hg38 using STAR with the following flags: --sjdbOverhang 100. The GENCODEv21 and RepeatMasker GTF annotation files used for alignment."", ""To determine gene and TE subfamily-level read counts, TEtranscripts (V. 2.2.1)  was run with the following flags: --format BAM –mode multi –stranded reverse –GTF."", ""To determine locus-specific TE read counts, Telescope  was run in a Conda environment with the following dependencies: python=3.6 future pyyaml cython=0.29.7 numpy=1.16.3 scipy=1.2.1 pysam=0.15.2 htslib=1.9 intervaltree=3.0.2 The “telescope assign” command was used with default parameters to quantify TE expression."", ""Assembly: hg38"", ""Supplementary files format and content: TEtranscripts_combined_cntTable.txt - tab delimited file gives raw read counts for each sample from TEtranscrips analysis (gene and TE subfamily-level data)"", ""Supplementary files format and content: telescope_combined_cntTable.txt - tab delimited file gives raw read counts for each sample from Telescope analysis (locus-specific TE data)""]",GPL24676,,"[""BioSample: https://www.ncbi.nlm.nih.gov/biosample/SAMN34718815"", ""SRA: https://www.ncbi.nlm.nih.gov/sra?term=SRX20233596""]"
D3,GSE231780,GSM7300308,"BJ Fibroblast, hTERT, rep 2",Neonatal Foreskin,"[""tissue: Neonatal Foreskin"", ""cell line: BJ Fibroblast"", ""cell type: Fibroblast"", ""genotype: hTERT overexpression""]",,"BJ Fibroblast cells were maintained in 66.3% KO DMEM, 16.5% Medium 199, 14.5% FBS, 3.5 mM Glutamine, 1% Pen/Strep in humidified atmosphere with 5% CO2 at 37C","[""Total RNA was extracted from cell pellets using Trizol (Thermo Scientific 15596026). Ribosomal RNA was depleted using Ribozero (Illumina)"", ""Libraries were  prepared by following the manufacturer’s protocol for the Illumina TruSeq® Stranded Total RNA Library Prep Human/Mouse/Rat kit (P/N 20020596). Custom 10 bp UDI TruSeq-Compatible Duplex Y Adapters from IDT were used to index the libraries (IDT10_UDI_1 through IDT10_UDI_15)""]","[""Reads were trimmed and adapters were removed using cutadapt using the –minimum-length 1 and -q 20 flags. The adapter sequences were -a AGATCGGAAGAGCACACGTCTGAACTCCAGTCACGTGAAACGATCTCGTATGCCGTCTTCTGCTTG and -A AATGATACGGCGACCACCGAGATCTACACTCTTTCCCTACACGACGCTCTTCCGATCT."", ""Trimmed reads were aligned to hg38 using STAR with the following flags: --sjdbOverhang 100. The GENCODEv21 and RepeatMasker GTF annotation files used for alignment."", ""To determine gene and TE subfamily-level read counts, TEtranscripts (V. 2.2.1)  was run with the following flags: --format BAM –mode multi –stranded reverse –GTF."", ""To determine locus-specific TE read counts, Telescope  was run in a Conda environment with the following dependencies: python=3.6 future pyyaml cython=0.29.7 numpy=1.16.3 scipy=1.2.1 pysam=0.15.2 htslib=1.9 intervaltree=3.0.2 The “telescope assign” command was used with default parameters to quantify TE expression."", ""Assembly: hg38"", ""Supplementary files format and content: TEtranscripts_combined_cntTable.txt - tab delimited file gives raw read counts for each sample from TEtranscrips analysis (gene and TE subfamily-level data)"", ""Supplementary files format and content: telescope_combined_cntTable.txt - tab delimited file gives raw read counts for each sample from Telescope analysis (locus-specific TE data)""]",GPL24676,,"[""BioSample: https://www.ncbi.nlm.nih.gov/biosample/SAMN34718814"", ""SRA: https://www.ncbi.nlm.nih.gov/sra?term=SRX20233597""]"
D3,GSE231780,GSM7300309,"BJ Fibroblast, hTERT, rep 3",Neonatal Foreskin,"[""tissue: Neonatal Foreskin"", ""cell line: BJ Fibroblast"", ""cell type: Fibroblast"", ""genotype: hTERT overexpression""]",,"BJ Fibroblast cells were maintained in 66.3% KO DMEM, 16.5% Medium 199, 14.5% FBS, 3.5 mM Glutamine, 1% Pen/Strep in humidified atmosphere with 5% CO2 at 37C","[""Total RNA was extracted from cell pellets using Trizol (Thermo Scientific 15596026). Ribosomal RNA was depleted using Ribozero (Illumina)"", ""Libraries were  prepared by following the manufacturer’s protocol for the Illumina TruSeq® Stranded Total RNA Library Prep Human/Mouse/Rat kit (P/N 20020596). Custom 10 bp UDI TruSeq-Compatible Duplex Y Adapters from IDT were used to index the libraries (IDT10_UDI_1 through IDT10_UDI_15)""]","[""Reads were trimmed and adapters were removed using cutadapt using the –minimum-length 1 and -q 20 flags. The adapter sequences were -a AGATCGGAAGAGCACACGTCTGAACTCCAGTCACGTGAAACGATCTCGTATGCCGTCTTCTGCTTG and -A AATGATACGGCGACCACCGAGATCTACACTCTTTCCCTACACGACGCTCTTCCGATCT."", ""Trimmed reads were aligned to hg38 using STAR with the following flags: --sjdbOverhang 100. The GENCODEv21 and RepeatMasker GTF annotation files used for alignment."", ""To determine gene and TE subfamily-level read counts, TEtranscripts (V. 2.2.1)  was run with the following flags: --format BAM –mode multi –stranded reverse –GTF."", ""To determine locus-specific TE read counts, Telescope  was run in a Conda environment with the following dependencies: python=3.6 future pyyaml cython=0.29.7 numpy=1.16.3 scipy=1.2.1 pysam=0.15.2 htslib=1.9 intervaltree=3.0.2 The “telescope assign” command was used with default parameters to quantify TE expression."", ""Assembly: hg38"", ""Supplementary files format and content: TEtranscripts_combined_cntTable.txt - tab delimited file gives raw read counts for each sample from TEtranscrips analysis (gene and TE subfamily-level data)"", ""Supplementary files format and content: telescope_combined_cntTable.txt - tab delimited file gives raw read counts for each sample from Telescope analysis (locus-specific TE data)""]",GPL24676,,"[""BioSample: https://www.ncbi.nlm.nih.gov/biosample/SAMN34718813"", ""SRA: https://www.ncbi.nlm.nih.gov/sra?term=SRX20233598""]"
D3,GSE231780,GSM7300310,"BJ Fibroblast, SV40, rep 1",Neonatal Foreskin,"[""tissue: Neonatal Foreskin"", ""cell line: BJ Fibroblast"", ""cell type: Fibroblast"", ""genotype: hTERT, SV40 overexpression""]",,"BJ Fibroblast cells were maintained in 66.3% KO DMEM, 16.5% Medium 199, 14.5% FBS, 3.5 mM Glutamine, 1% Pen/Strep in humidified atmosphere with 5% CO2 at 37C","[""Total RNA was extracted from cell pellets using Trizol (Thermo Scientific 15596026). Ribosomal RNA was depleted using Ribozero (Illumina)"", ""Libraries were  prepared by following the manufacturer’s protocol for the Illumina TruSeq® Stranded Total RNA Library Prep Human/Mouse/Rat kit (P/N 20020596). Custom 10 bp UDI TruSeq-Compatible Duplex Y Adapters from IDT were used to index the libraries (IDT10_UDI_1 through IDT10_UDI_15)""]","[""Reads were trimmed and adapters were removed using cutadapt using the –minimum-length 1 and -q 20 flags. The adapter sequences were -a AGATCGGAAGAGCACACGTCTGAACTCCAGTCACGTGAAACGATCTCGTATGCCGTCTTCTGCTTG and -A AATGATACGGCGACCACCGAGATCTACACTCTTTCCCTACACGACGCTCTTCCGATCT."", ""Trimmed reads were aligned to hg38 using STAR with the following flags: --sjdbOverhang 100. The GENCODEv21 and RepeatMasker GTF annotation files used for alignment."", ""To determine gene and TE subfamily-level read counts, TEtranscripts (V. 2.2.1)  was run with the following flags: --format BAM –mode multi –stranded reverse –GTF."", ""To determine locus-specific TE read counts, Telescope  was run in a Conda environment with the following dependencies: python=3.6 future pyyaml cython=0.29.7 numpy=1.16.3 scipy=1.2.1 pysam=0.15.2 htslib=1.9 intervaltree=3.0.2 The “telescope assign” command was used with default parameters to quantify TE expression."", ""Assembly: hg38"", ""Supplementary files format and content: TEtranscripts_combined_cntTable.txt - tab delimited file gives raw read counts for each sample from TEtranscrips analysis (gene and TE subfamily-level data)"", ""Supplementary files format and content: telescope_combined_cntTable.txt - tab delimited file gives raw read counts for each sample from Telescope analysis (locus-specific TE data)""]",GPL24676,,"[""BioSample: https://www.ncbi.nlm.nih.gov/biosample/SAMN34718812"", ""SRA: https://www.ncbi.nlm.nih.gov/sra?term=SRX20233599""]"
D3,GSE231780,GSM7300311,"BJ Fibroblast, SV40, rep 2",Neonatal Foreskin,"[""tissue: Neonatal Foreskin"", ""cell line: BJ Fibroblast"", ""cell type: Fibroblast"", ""genotype: hTERT, SV40 overexpression""]",,"BJ Fibroblast cells were maintained in 66.3% KO DMEM, 16.5% Medium 199, 14.5% FBS, 3.5 mM Glutamine, 1% Pen/Strep in humidified atmosphere with 5% CO2 at 37C","[""Total RNA was extracted from cell pellets using Trizol (Thermo Scientific 15596026). Ribosomal RNA was depleted using Ribozero (Illumina)"", ""Libraries were  prepared by following the manufacturer’s protocol for the Illumina TruSeq® Stranded Total RNA Library Prep Human/Mouse/Rat kit (P/N 20020596). Custom 10 bp UDI TruSeq-Compatible Duplex Y Adapters from IDT were used to index the libraries (IDT10_UDI_1 through IDT10_UDI_15)""]","[""Reads were trimmed and adapters were removed using cutadapt using the –minimum-length 1 and -q 20 flags. The adapter sequences were -a AGATCGGAAGAGCACACGTCTGAACTCCAGTCACGTGAAACGATCTCGTATGCCGTCTTCTGCTTG and -A AATGATACGGCGACCACCGAGATCTACACTCTTTCCCTACACGACGCTCTTCCGATCT."", ""Trimmed reads were aligned to hg38 using STAR with the following flags: --sjdbOverhang 100. The GENCODEv21 and RepeatMasker GTF annotation files used for alignment."", ""To determine gene and TE subfamily-level read counts, TEtranscripts (V. 2.2.1)  was run with the following flags: --format BAM –mode multi –stranded reverse –GTF."", ""To determine locus-specific TE read counts, Telescope  was run in a Conda environment with the following dependencies: python=3.6 future pyyaml cython=0.29.7 numpy=1.16.3 scipy=1.2.1 pysam=0.15.2 htslib=1.9 intervaltree=3.0.2 The “telescope assign” command was used with default parameters to quantify TE expression."", ""Assembly: hg38"", ""Supplementary files format and content: TEtranscripts_combined_cntTable.txt - tab delimited file gives raw read counts for each sample from TEtranscrips analysis (gene and TE subfamily-level data)"", ""Supplementary files format and content: telescope_combined_cntTable.txt - tab delimited file gives raw read counts for each sample from Telescope analysis (locus-specific TE data)""]",GPL24676,,"[""BioSample: https://www.ncbi.nlm.nih.gov/biosample/SAMN34718811"", ""SRA: https://www.ncbi.nlm.nih.gov/sra?term=SRX20233600""]"
D3,GSE231780,GSM7300312,"BJ Fibroblast, SV40, rep 3",Neonatal Foreskin,"[""tissue: Neonatal Foreskin"", ""cell line: BJ Fibroblast"", ""cell type: Fibroblast"", ""genotype: hTERT, SV40 overexpression""]",,"BJ Fibroblast cells were maintained in 66.3% KO DMEM, 16.5% Medium 199, 14.5% FBS, 3.5 mM Glutamine, 1% Pen/Strep in humidified atmosphere with 5% CO2 at 37C","[""Total RNA was extracted from cell pellets using Trizol (Thermo Scientific 15596026). Ribosomal RNA was depleted using Ribozero (Illumina)"", ""Libraries were  prepared by following the manufacturer’s protocol for the Illumina TruSeq® Stranded Total RNA Library Prep Human/Mouse/Rat kit (P/N 20020596). Custom 10 bp UDI TruSeq-Compatible Duplex Y Adapters from IDT were used to index the libraries (IDT10_UDI_1 through IDT10_UDI_15)""]","[""Reads were trimmed and adapters were removed using cutadapt using the –minimum-length 1 and -q 20 flags. The adapter sequences were -a AGATCGGAAGAGCACACGTCTGAACTCCAGTCACGTGAAACGATCTCGTATGCCGTCTTCTGCTTG and -A AATGATACGGCGACCACCGAGATCTACACTCTTTCCCTACACGACGCTCTTCCGATCT."", ""Trimmed reads were aligned to hg38 using STAR with the following flags: --sjdbOverhang 100. The GENCODEv21 and RepeatMasker GTF annotation files used for alignment."", ""To determine gene and TE subfamily-level read counts, TEtranscripts (V. 2.2.1)  was run with the following flags: --format BAM –mode multi –stranded reverse –GTF."", ""To determine locus-specific TE read counts, Telescope  was run in a Conda environment with the following dependencies: python=3.6 future pyyaml cython=0.29.7 numpy=1.16.3 scipy=1.2.1 pysam=0.15.2 htslib=1.9 intervaltree=3.0.2 The “telescope assign” command was used with default parameters to quantify TE expression."", ""Assembly: hg38"", ""Supplementary files format and content: TEtranscripts_combined_cntTable.txt - tab delimited file gives raw read counts for each sample from TEtranscrips analysis (gene and TE subfamily-level data)"", ""Supplementary files format and content: telescope_combined_cntTable.txt - tab delimited file gives raw read counts for each sample from Telescope analysis (locus-specific TE data)""]",GPL24676,,"[""BioSample: https://www.ncbi.nlm.nih.gov/biosample/SAMN34718810"", ""SRA: https://www.ncbi.nlm.nih.gov/sra?term=SRX20233601""]"
D3,GSE231780,GSM7300313,"BJ Fibroblast, HRAS, rep 1",Neonatal Foreskin,"[""tissue: Neonatal Foreskin"", ""cell line: BJ Fibroblast"", ""cell type: Fibroblast"", ""genotype: hTERT, SV40, HRAS overexpression""]",,"BJ Fibroblast cells were maintained in 66.3% KO DMEM, 16.5% Medium 199, 14.5% FBS, 3.5 mM Glutamine, 1% Pen/Strep in humidified atmosphere with 5% CO2 at 37C","[""Total RNA was extracted from cell pellets using Trizol (Thermo Scientific 15596026). Ribosomal RNA was depleted using Ribozero (Illumina)"", ""Libraries were  prepared by following the manufacturer’s protocol for the Illumina TruSeq® Stranded Total RNA Library Prep Human/Mouse/Rat kit (P/N 20020596). Custom 10 bp UDI TruSeq-Compatible Duplex Y Adapters from IDT were used to index the libraries (IDT10_UDI_1 through IDT10_UDI_15)""]","[""Reads were trimmed and adapters were removed using cutadapt using the –minimum-length 1 and -q 20 flags. The adapter sequences were -a AGATCGGAAGAGCACACGTCTGAACTCCAGTCACGTGAAACGATCTCGTATGCCGTCTTCTGCTTG and -A AATGATACGGCGACCACCGAGATCTACACTCTTTCCCTACACGACGCTCTTCCGATCT."", ""Trimmed reads were aligned to hg38 using STAR with the following flags: --sjdbOverhang 100. The GENCODEv21 and RepeatMasker GTF annotation files used for alignment."", ""To determine gene and TE subfamily-level read counts, TEtranscripts (V. 2.2.1)  was run with the following flags: --format BAM –mode multi –stranded reverse –GTF."", ""To determine locus-specific TE read counts, Telescope  was run in a Conda environment with the following dependencies: python=3.6 future pyyaml cython=0.29.7 numpy=1.16.3 scipy=1.2.1 pysam=0.15.2 htslib=1.9 intervaltree=3.0.2 The “telescope assign” command was used with default parameters to quantify TE expression."", ""Assembly: hg38"", ""Supplementary files format and content: TEtranscripts_combined_cntTable.txt - tab delimited file gives raw read counts for each sample from TEtranscrips analysis (gene and TE subfamily-level data)"", ""Supplementary files format and content: telescope_combined_cntTable.txt - tab delimited file gives raw read counts for each sample from Telescope analysis (locus-specific TE data)""]",GPL24676,,"[""BioSample: https://www.ncbi.nlm.nih.gov/biosample/SAMN34718809"", ""SRA: https://www.ncbi.nlm.nih.gov/sra?term=SRX20233602""]"
D3,GSE231780,GSM7300314,"BJ Fibroblast, HRAS, rep 2",Neonatal Foreskin,"[""tissue: Neonatal Foreskin"", ""cell line: BJ Fibroblast"", ""cell type: Fibroblast"", ""genotype: hTERT, SV40, HRAS overexpression""]",,"BJ Fibroblast cells were maintained in 66.3% KO DMEM, 16.5% Medium 199, 14.5% FBS, 3.5 mM Glutamine, 1% Pen/Strep in humidified atmosphere with 5% CO2 at 37C","[""Total RNA was extracted from cell pellets using Trizol (Thermo Scientific 15596026). Ribosomal RNA was depleted using Ribozero (Illumina)"", ""Libraries were  prepared by following the manufacturer’s protocol for the Illumina TruSeq® Stranded Total RNA Library Prep Human/Mouse/Rat kit (P/N 20020596). Custom 10 bp UDI TruSeq-Compatible Duplex Y Adapters from IDT were used to index the libraries (IDT10_UDI_1 through IDT10_UDI_15)""]","[""Reads were trimmed and adapters were removed using cutadapt using the –minimum-length 1 and -q 20 flags. The adapter sequences were -a AGATCGGAAGAGCACACGTCTGAACTCCAGTCACGTGAAACGATCTCGTATGCCGTCTTCTGCTTG and -A AATGATACGGCGACCACCGAGATCTACACTCTTTCCCTACACGACGCTCTTCCGATCT."", ""Trimmed reads were aligned to hg38 using STAR with the following flags: --sjdbOverhang 100. The GENCODEv21 and RepeatMasker GTF annotation files used for alignment."", ""To determine gene and TE subfamily-level read counts, TEtranscripts (V. 2.2.1)  was run with the following flags: --format BAM –mode multi –stranded reverse –GTF."", ""To determine locus-specific TE read counts, Telescope  was run in a Conda environment with the following dependencies: python=3.6 future pyyaml cython=0.29.7 numpy=1.16.3 scipy=1.2.1 pysam=0.15.2 htslib=1.9 intervaltree=3.0.2 The “telescope assign” command was used with default parameters to quantify TE expression."", ""Assembly: hg38"", ""Supplementary files format and content: TEtranscripts_combined_cntTable.txt - tab delimited file gives raw read counts for each sample from TEtranscrips analysis (gene and TE subfamily-level data)"", ""Supplementary files format and content: telescope_combined_cntTable.txt - tab delimited file gives raw read counts for each sample from Telescope analysis (locus-specific TE data)""]",GPL24676,,"[""BioSample: https://www.ncbi.nlm.nih.gov/biosample/SAMN34718808"", ""SRA: https://www.ncbi.nlm.nih.gov/sra?term=SRX20233603""]"
D3,GSE231780,GSM7300315,"BJ Fibroblast, HRAS, rep 3",Neonatal Foreskin,"[""tissue: Neonatal Foreskin"", ""cell line: BJ Fibroblast"", ""cell type: Fibroblast"", ""genotype: hTERT, SV40, HRAS overexpression""]",,"BJ Fibroblast cells were maintained in 66.3% KO DMEM, 16.5% Medium 199, 14.5% FBS, 3.5 mM Glutamine, 1% Pen/Strep in humidified atmosphere with 5% CO2 at 37C","[""Total RNA was extracted from cell pellets using Trizol (Thermo Scientific 15596026). Ribosomal RNA was depleted using Ribozero (Illumina)"", ""Libraries were  prepared by following the manufacturer’s protocol for the Illumina TruSeq® Stranded Total RNA Library Prep Human/Mouse/Rat kit (P/N 20020596). Custom 10 bp UDI TruSeq-Compatible Duplex Y Adapters from IDT were used to index the libraries (IDT10_UDI_1 through IDT10_UDI_15)""]","[""Reads were trimmed and adapters were removed using cutadapt using the –minimum-length 1 and -q 20 flags. The adapter sequences were -a AGATCGGAAGAGCACACGTCTGAACTCCAGTCACGTGAAACGATCTCGTATGCCGTCTTCTGCTTG and -A AATGATACGGCGACCACCGAGATCTACACTCTTTCCCTACACGACGCTCTTCCGATCT."", ""Trimmed reads were aligned to hg38 using STAR with the following flags: --sjdbOverhang 100. The GENCODEv21 and RepeatMasker GTF annotation files used for alignment."", ""To determine gene and TE subfamily-level read counts, TEtranscripts (V. 2.2.1)  was run with the following flags: --format BAM –mode multi –stranded reverse –GTF."", ""To determine locus-specific TE read counts, Telescope  was run in a Conda environment with the following dependencies: python=3.6 future pyyaml cython=0.29.7 numpy=1.16.3 scipy=1.2.1 pysam=0.15.2 htslib=1.9 intervaltree=3.0.2 The “telescope assign” command was used with default parameters to quantify TE expression."", ""Assembly: hg38"", ""Supplementary files format and content: TEtranscripts_combined_cntTable.txt - tab delimited file gives raw read counts for each sample from TEtranscrips analysis (gene and TE subfamily-level data)"", ""Supplementary files format and content: telescope_combined_cntTable.txt - tab delimited file gives raw read counts for each sample from Telescope analysis (locus-specific TE data)""]",GPL24676,,"[""BioSample: https://www.ncbi.nlm.nih.gov/biosample/SAMN34718807"", ""SRA: https://www.ncbi.nlm.nih.gov/sra?term=SRX20233604""]"
D3,GSE231780,GSM7300318,"WGBS_BJ Fibroblast, EP rep 1",Neonatal Foreskin,"[""tissue: Neonatal Foreskin"", ""cell line: BJ Fibroblast"", ""cell type: Fibroblast"", ""genotype: WT""]",,"BJ Fibroblast cells were maintained in 66.3% KO DMEM, 16.5% Medium 199, 14.5% FBS, 3.5 mM Glutamine, 1% Pen/Strep in humidified atmosphere with 5% CO2 at 37C","[""DNA was bisulfite converted using the Zymo EZ DNA Methylation-Lightning Kit (Catalog # D5030)"", ""libraries were created using the Swift Accel-NGS® Methyl-Seq DNA Library Kit (Catalog # 30024).""]","[""Reads were aligned using Bismark v. 0.23.0 (49). The hg38 reference annotation provided above was bisulfite converted using the bismark_genome_preparation tool and reads were aligned to this reference using default parameters."", ""Reads were deduplicated using the deduplicate_bismark tool"", ""bismark_methylation_extractor tool was used to generate meethylation coverage files"", ""Assembly: hg38 (bisulfite converted)"", ""Supplementary files format and content: <sample>_deduplicated.bismark.cov.gz - tab delimited files which give chromosome, start, end coordinates, % methylated,  methylated count,  unmethylated count""]",GPL20795,,"[""BioSample: https://www.ncbi.nlm.nih.gov/biosample/SAMN34718935"", ""SRA: https://www.ncbi.nlm.nih.gov/sra?term=SRX20233648""]"
D3,GSE231780,GSM7300319,"WGBS_BJ Fibroblast, EP rep 2",Neonatal Foreskin,"[""tissue: Neonatal Foreskin"", ""cell line: BJ Fibroblast"", ""cell type: Fibroblast"", ""genotype: WT""]",,"BJ Fibroblast cells were maintained in 66.3% KO DMEM, 16.5% Medium 199, 14.5% FBS, 3.5 mM Glutamine, 1% Pen/Strep in humidified atmosphere with 5% CO2 at 37C","[""DNA was bisulfite converted using the Zymo EZ DNA Methylation-Lightning Kit (Catalog # D5030)"", ""libraries were created using the Swift Accel-NGS® Methyl-Seq DNA Library Kit (Catalog # 30024).""]","[""Reads were aligned using Bismark v. 0.23.0 (49). The hg38 reference annotation provided above was bisulfite converted using the bismark_genome_preparation tool and reads were aligned to this reference using default parameters."", ""Reads were deduplicated using the deduplicate_bismark tool"", ""bismark_methylation_extractor tool was used to generate meethylation coverage files"", ""Assembly: hg38 (bisulfite converted)"", ""Supplementary files format and content: <sample>_deduplicated.bismark.cov.gz - tab delimited files which give chromosome, start, end coordinates, % methylated,  methylated count,  unmethylated count""]",GPL20795,,"[""BioSample: https://www.ncbi.nlm.nih.gov/biosample/SAMN34718934"", ""SRA: https://www.ncbi.nlm.nih.gov/sra?term=SRX20233649""]"
D3,GSE231780,GSM7300320,"WGBS_BJ Fibroblast, hTERT, rep 1",Neonatal Foreskin,"[""tissue: Neonatal Foreskin"", ""cell line: BJ Fibroblast"", ""cell type: Fibroblast"", ""genotype: hTERT overexpression""]",,"BJ Fibroblast cells were maintained in 66.3% KO DMEM, 16.5% Medium 199, 14.5% FBS, 3.5 mM Glutamine, 1% Pen/Strep in humidified atmosphere with 5% CO2 at 37C","[""DNA was bisulfite converted using the Zymo EZ DNA Methylation-Lightning Kit (Catalog # D5030)"", ""libraries were created using the Swift Accel-NGS® Methyl-Seq DNA Library Kit (Catalog # 30024).""]","[""Reads were aligned using Bismark v. 0.23.0 (49). The hg38 reference annotation provided above was bisulfite converted using the bismark_genome_preparation tool and reads were aligned to this reference using default parameters."", ""Reads were deduplicated using the deduplicate_bismark tool"", ""bismark_methylation_extractor tool was used to generate meethylation coverage files"", ""Assembly: hg38 (bisulfite converted)"", ""Supplementary files format and content: <sample>_deduplicated.bismark.cov.gz - tab delimited files which give chromosome, start, end coordinates, % methylated,  methylated count,  unmethylated count""]",GPL20795,,"[""BioSample: https://www.ncbi.nlm.nih.gov/biosample/SAMN34718933"", ""SRA: https://www.ncbi.nlm.nih.gov/sra?term=SRX20233650""]"
D3,GSE231780,GSM7300321,"WGBS_BJ Fibroblast, SV40, rep 1",Neonatal Foreskin,"[""tissue: Neonatal Foreskin"", ""cell line: BJ Fibroblast"", ""cell type: Fibroblast"", ""genotype: hTERT, SV40 overexpression""]",,"BJ Fibroblast cells were maintained in 66.3% KO DMEM, 16.5% Medium 199, 14.5% FBS, 3.5 mM Glutamine, 1% Pen/Strep in humidified atmosphere with 5% CO2 at 37C","[""DNA was bisulfite converted using the Zymo EZ DNA Methylation-Lightning Kit (Catalog # D5030)"", ""libraries were created using the Swift Accel-NGS® Methyl-Seq DNA Library Kit (Catalog # 30024).""]","[""Reads were aligned using Bismark v. 0.23.0 (49). The hg38 reference annotation provided above was bisulfite converted using the bismark_genome_preparation tool and reads were aligned to this reference using default parameters."", ""Reads were deduplicated using the deduplicate_bismark tool"", ""bismark_methylation_extractor tool was used to generate meethylation coverage files"", ""Assembly: hg38 (bisulfite converted)"", ""Supplementary files format and content: <sample>_deduplicated.bismark.cov.gz - tab delimited files which give chromosome, start, end coordinates, % methylated,  methylated count,  unmethylated count""]",GPL20795,,"[""BioSample: https://www.ncbi.nlm.nih.gov/biosample/SAMN34718932"", ""SRA: https://www.ncbi.nlm.nih.gov/sra?term=SRX20233651""]"
D3,GSE231780,GSM7300322,"WGBS_BJ Fibroblast, HRAS, rep 1",Neonatal Foreskin,"[""tissue: Neonatal Foreskin"", ""cell line: BJ Fibroblast"", ""cell type: Fibroblast"", ""genotype: hTERT, SV40, HRAS overexpression""]",,"BJ Fibroblast cells were maintained in 66.3% KO DMEM, 16.5% Medium 199, 14.5% FBS, 3.5 mM Glutamine, 1% Pen/Strep in humidified atmosphere with 5% CO2 at 37C","[""DNA was bisulfite converted using the Zymo EZ DNA Methylation-Lightning Kit (Catalog # D5030)"", ""libraries were created using the Swift Accel-NGS® Methyl-Seq DNA Library Kit (Catalog # 30024).""]","[""Reads were aligned using Bismark v. 0.23.0 (49). The hg38 reference annotation provided above was bisulfite converted using the bismark_genome_preparation tool and reads were aligned to this reference using default parameters."", ""Reads were deduplicated using the deduplicate_bismark tool"", ""bismark_methylation_extractor tool was used to generate meethylation coverage files"", ""Assembly: hg38 (bisulfite converted)"", ""Supplementary files format and content: <sample>_deduplicated.bismark.cov.gz - tab delimited files which give chromosome, start, end coordinates, % methylated,  methylated count,  unmethylated count""]",GPL20795,,"[""BioSample: https://www.ncbi.nlm.nih.gov/biosample/SAMN34718931"", ""SRA: https://www.ncbi.nlm.nih.gov/sra?term=SRX20233652""]"
D3,GSE231780,GSM7300323,"WGBS_BJ Fibroblast, HRAS, rep 3",Neonatal Foreskin,"[""tissue: Neonatal Foreskin"", ""cell line: BJ Fibroblast"", ""cell type: Fibroblast"", ""genotype: hTERT, SV40, HRAS overexpression""]",,"BJ Fibroblast cells were maintained in 66.3% KO DMEM, 16.5% Medium 199, 14.5% FBS, 3.5 mM Glutamine, 1% Pen/Strep in humidified atmosphere with 5% CO2 at 37C","[""DNA was bisulfite converted using the Zymo EZ DNA Methylation-Lightning Kit (Catalog # D5030)"", ""libraries were created using the Swift Accel-NGS® Methyl-Seq DNA Library Kit (Catalog # 30024).""]","[""Reads were aligned using Bismark v. 0.23.0 (49). The hg38 reference annotation provided above was bisulfite converted using the bismark_genome_preparation tool and reads were aligned to this reference using default parameters."", ""Reads were deduplicated using the deduplicate_bismark tool"", ""bismark_methylation_extractor tool was used to generate meethylation coverage files"", ""Assembly: hg38 (bisulfite converted)"", ""Supplementary files format and content: <sample>_deduplicated.bismark.cov.gz - tab delimited files which give chromosome, start, end coordinates, % methylated,  methylated count,  unmethylated count""]",GPL20795,,"[""BioSample: https://www.ncbi.nlm.nih.gov/biosample/SAMN34718930"", ""SRA: https://www.ncbi.nlm.nih.gov/sra?term=SRX20233653""]"
D3,GSE231778,GSM7300318,"WGBS_BJ Fibroblast, EP rep 1",Neonatal Foreskin,"[""tissue: Neonatal Foreskin"", ""cell line: BJ Fibroblast"", ""cell type: Fibroblast"", ""genotype: WT""]",,"BJ Fibroblast cells were maintained in 66.3% KO DMEM, 16.5% Medium 199, 14.5% FBS, 3.5 mM Glutamine, 1% Pen/Strep in humidified atmosphere with 5% CO2 at 37C","[""DNA was bisulfite converted using the Zymo EZ DNA Methylation-Lightning Kit (Catalog # D5030)"", ""libraries were created using the Swift Accel-NGS® Methyl-Seq DNA Library Kit (Catalog # 30024).""]","[""Reads were aligned using Bismark v. 0.23.0 (49). The hg38 reference annotation provided above was bisulfite converted using the bismark_genome_preparation tool and reads were aligned to this reference using default parameters."", ""Reads were deduplicated using the deduplicate_bismark tool"", ""bismark_methylation_extractor tool was used to generate meethylation coverage files"", ""Assembly: hg38 (bisulfite converted)"", ""Supplementary files format and content: <sample>_deduplicated.bismark.cov.gz - tab delimited files which give chromosome, start, end coordinates, % methylated,  methylated count,  unmethylated count""]",GPL20795,,"[""BioSample: https://www.ncbi.nlm.nih.gov/biosample/SAMN34718935"", ""SRA: https://www.ncbi.nlm.nih.gov/sra?term=SRX20233648""]"
D3,GSE231778,GSM7300319,"WGBS_BJ Fibroblast, EP rep 2",Neonatal Foreskin,"[""tissue: Neonatal Foreskin"", ""cell line: BJ Fibroblast"", ""cell type: Fibroblast"", ""genotype: WT""]",,"BJ Fibroblast cells were maintained in 66.3% KO DMEM, 16.5% Medium 199, 14.5% FBS, 3.5 mM Glutamine, 1% Pen/Strep in humidified atmosphere with 5% CO2 at 37C","[""DNA was bisulfite converted using the Zymo EZ DNA Methylation-Lightning Kit (Catalog # D5030)"", ""libraries were created using the Swift Accel-NGS® Methyl-Seq DNA Library Kit (Catalog # 30024).""]","[""Reads were aligned using Bismark v. 0.23.0 (49). The hg38 reference annotation provided above was bisulfite converted using the bismark_genome_preparation tool and reads were aligned to this reference using default parameters."", ""Reads were deduplicated using the deduplicate_bismark tool"", ""bismark_methylation_extractor tool was used to generate meethylation coverage files"", ""Assembly: hg38 (bisulfite converted)"", ""Supplementary files format and content: <sample>_deduplicated.bismark.cov.gz - tab delimited files which give chromosome, start, end coordinates, % methylated,  methylated count,  unmethylated count""]",GPL20795,,"[""BioSample: https://www.ncbi.nlm.nih.gov/biosample/SAMN34718934"", ""SRA: https://www.ncbi.nlm.nih.gov/sra?term=SRX20233649""]"
D3,GSE231778,GSM7300320,"WGBS_BJ Fibroblast, hTERT, rep 1",Neonatal Foreskin,"[""tissue: Neonatal Foreskin"", ""cell line: BJ Fibroblast"", ""cell type: Fibroblast"", ""genotype: hTERT overexpression""]",,"BJ Fibroblast cells were maintained in 66.3% KO DMEM, 16.5% Medium 199, 14.5% FBS, 3.5 mM Glutamine, 1% Pen/Strep in humidified atmosphere with 5% CO2 at 37C","[""DNA was bisulfite converted using the Zymo EZ DNA Methylation-Lightning Kit (Catalog # D5030)"", ""libraries were created using the Swift Accel-NGS® Methyl-Seq DNA Library Kit (Catalog # 30024).""]","[""Reads were aligned using Bismark v. 0.23.0 (49). The hg38 reference annotation provided above was bisulfite converted using the bismark_genome_preparation tool and reads were aligned to this reference using default parameters."", ""Reads were deduplicated using the deduplicate_bismark tool"", ""bismark_methylation_extractor tool was used to generate meethylation coverage files"", ""Assembly: hg38 (bisulfite converted)"", ""Supplementary files format and content: <sample>_deduplicated.bismark.cov.gz - tab delimited files which give chromosome, start, end coordinates, % methylated,  methylated count,  unmethylated count""]",GPL20795,,"[""BioSample: https://www.ncbi.nlm.nih.gov/biosample/SAMN34718933"", ""SRA: https://www.ncbi.nlm.nih.gov/sra?term=SRX20233650""]"
D3,GSE231778,GSM7300321,"WGBS_BJ Fibroblast, SV40, rep 1",Neonatal Foreskin,"[""tissue: Neonatal Foreskin"", ""cell line: BJ Fibroblast"", ""cell type: Fibroblast"", ""genotype: hTERT, SV40 overexpression""]",,"BJ Fibroblast cells were maintained in 66.3% KO DMEM, 16.5% Medium 199, 14.5% FBS, 3.5 mM Glutamine, 1% Pen/Strep in humidified atmosphere with 5% CO2 at 37C","[""DNA was bisulfite converted using the Zymo EZ DNA Methylation-Lightning Kit (Catalog # D5030)"", ""libraries were created using the Swift Accel-NGS® Methyl-Seq DNA Library Kit (Catalog # 30024).""]","[""Reads were aligned using Bismark v. 0.23.0 (49). The hg38 reference annotation provided above was bisulfite converted using the bismark_genome_preparation tool and reads were aligned to this reference using default parameters."", ""Reads were deduplicated using the deduplicate_bismark tool"", ""bismark_methylation_extractor tool was used to generate meethylation coverage files"", ""Assembly: hg38 (bisulfite converted)"", ""Supplementary files format and content: <sample>_deduplicated.bismark.cov.gz - tab delimited files which give chromosome, start, end coordinates, % methylated,  methylated count,  unmethylated count""]",GPL20795,,"[""BioSample: https://www.ncbi.nlm.nih.gov/biosample/SAMN34718932"", ""SRA: https://www.ncbi.nlm.nih.gov/sra?term=SRX20233651""]"
D3,GSE231778,GSM7300322,"WGBS_BJ Fibroblast, HRAS, rep 1",Neonatal Foreskin,"[""tissue: Neonatal Foreskin"", ""cell line: BJ Fibroblast"", ""cell type: Fibroblast"", ""genotype: hTERT, SV40, HRAS overexpression""]",,"BJ Fibroblast cells were maintained in 66.3% KO DMEM, 16.5% Medium 199, 14.5% FBS, 3.5 mM Glutamine, 1% Pen/Strep in humidified atmosphere with 5% CO2 at 37C","[""DNA was bisulfite converted using the Zymo EZ DNA Methylation-Lightning Kit (Catalog # D5030)"", ""libraries were created using the Swift Accel-NGS® Methyl-Seq DNA Library Kit (Catalog # 30024).""]","[""Reads were aligned using Bismark v. 0.23.0 (49). The hg38 reference annotation provided above was bisulfite converted using the bismark_genome_preparation tool and reads were aligned to this reference using default parameters."", ""Reads were deduplicated using the deduplicate_bismark tool"", ""bismark_methylation_extractor tool was used to generate meethylation coverage files"", ""Assembly: hg38 (bisulfite converted)"", ""Supplementary files format and content: <sample>_deduplicated.bismark.cov.gz - tab delimited files which give chromosome, start, end coordinates, % methylated,  methylated count,  unmethylated count""]",GPL20795,,"[""BioSample: https://www.ncbi.nlm.nih.gov/biosample/SAMN34718931"", ""SRA: https://www.ncbi.nlm.nih.gov/sra?term=SRX20233652""]"
D3,GSE231778,GSM7300323,"WGBS_BJ Fibroblast, HRAS, rep 3",Neonatal Foreskin,"[""tissue: Neonatal Foreskin"", ""cell line: BJ Fibroblast"", ""cell type: Fibroblast"", ""genotype: hTERT, SV40, HRAS overexpression""]",,"BJ Fibroblast cells were maintained in 66.3% KO DMEM, 16.5% Medium 199, 14.5% FBS, 3.5 mM Glutamine, 1% Pen/Strep in humidified atmosphere with 5% CO2 at 37C","[""DNA was bisulfite converted using the Zymo EZ DNA Methylation-Lightning Kit (Catalog # D5030)"", ""libraries were created using the Swift Accel-NGS® Methyl-Seq DNA Library Kit (Catalog # 30024).""]","[""Reads were aligned using Bismark v. 0.23.0 (49). The hg38 reference annotation provided above was bisulfite converted using the bismark_genome_preparation tool and reads were aligned to this reference using default parameters."", ""Reads were deduplicated using the deduplicate_bismark tool"", ""bismark_methylation_extractor tool was used to generate meethylation coverage files"", ""Assembly: hg38 (bisulfite converted)"", ""Supplementary files format and content: <sample>_deduplicated.bismark.cov.gz - tab delimited files which give chromosome, start, end coordinates, % methylated,  methylated count,  unmethylated count""]",GPL20795,,"[""BioSample: https://www.ncbi.nlm.nih.gov/biosample/SAMN34718930"", ""SRA: https://www.ncbi.nlm.nih.gov/sra?term=SRX20233653""]"
D4,GSE91071,GSM2420490,genomic DNA from EP_1,Early Passage BJ Fibroblast Cells Replicate 1,cell line: BJ,,,Genomic DNA was extracted and purified from cell pellets using the Promega Wizard Genomic DNA Purification Kit according to the manufacturer's instructions. Genomic DNA quality was assessed by low concentration agarose gel (0.6%) electrophoresis and spectrometry of OD260/280 and OD 260/230 ratio.,Data were extracted using Methylation Module of GenomeStudio v1.0 Software. Methylation status of each CpG site was presented as b (beta) value based on following definition: beta value = (signal intensity of methylation-detection probe)/(signal intensity of methylation- detection probe + signal intensity of non-methylation-detection probe + 100).,GPL13534,"[""ftp://ftp.ncbi.nlm.nih.gov/geo/samples/GSM2420nnn/GSM2420490/suppl/GSM2420490_9806233082_R02C01_Grn.idat.gz"", ""ftp://ftp.ncbi.nlm.nih.gov/geo/samples/GSM2420nnn/GSM2420490/suppl/GSM2420490_9806233082_R02C01_Red.idat.gz""]",
D4,GSE91071,GSM2420491,genomic DNA from EP_2,Early Passage BJ Fibroblast Cells Replicate 2,cell line: BJ,,,Genomic DNA was extracted and purified from cell pellets using the Promega Wizard Genomic DNA Purification Kit according to the manufacturer's instructions. Genomic DNA quality was assessed by low concentration agarose gel (0.6%) electrophoresis and spectrometry of OD260/280 and OD 260/230 ratio.,Data were extracted using Methylation Module of GenomeStudio v1.0 Software. Methylation status of each CpG site was presented as b (beta) value based on following definition: beta value = (signal intensity of methylation-detection probe)/(signal intensity of methylation- detection probe + signal intensity of non-methylation-detection probe + 100).,GPL13534,"[""ftp://ftp.ncbi.nlm.nih.gov/geo/samples/GSM2420nnn/GSM2420491/suppl/GSM2420491_9992571155_R01C01_Grn.idat.gz"", ""ftp://ftp.ncbi.nlm.nih.gov/geo/samples/GSM2420nnn/GSM2420491/suppl/GSM2420491_9992571155_R01C01_Red.idat.gz""]",
D4,GSE91071,GSM2420492,genomic DNA from EP_3,Early Passage BJ Fibroblast Cells Replicate 3,cell line: BJ,,,Genomic DNA was extracted and purified from cell pellets using the Promega Wizard Genomic DNA Purification Kit according to the manufacturer's instructions. Genomic DNA quality was assessed by low concentration agarose gel (0.6%) electrophoresis and spectrometry of OD260/280 and OD 260/230 ratio.,Data were extracted using Methylation Module of GenomeStudio v1.0 Software. Methylation status of each CpG site was presented as b (beta) value based on following definition: beta value = (signal intensity of methylation-detection probe)/(signal intensity of methylation- detection probe + signal intensity of non-methylation-detection probe + 100).,GPL13534,"[""ftp://ftp.ncbi.nlm.nih.gov/geo/samples/GSM2420nnn/GSM2420492/suppl/GSM2420492_100994770082_R05C02_Grn.idat.gz"", ""ftp://ftp.ncbi.nlm.nih.gov/geo/samples/GSM2420nnn/GSM2420492/suppl/GSM2420492_100994770082_R05C02_Red.idat.gz""]",
D4,GSE91071,GSM2420493,genomic DNA from EP_4,Early Passage BJ Fibroblast Cells Replicate 4,cell line: BJ,,,Genomic DNA was extracted and purified from cell pellets using the Promega Wizard Genomic DNA Purification Kit according to the manufacturer's instructions. Genomic DNA quality was assessed by low concentration agarose gel (0.6%) electrophoresis and spectrometry of OD260/280 and OD 260/230 ratio.,Data were extracted using Methylation Module of GenomeStudio v1.0 Software. Methylation status of each CpG site was presented as b (beta) value based on following definition: beta value = (signal intensity of methylation-detection probe)/(signal intensity of methylation- detection probe + signal intensity of non-methylation-detection probe + 100).,GPL13534,"[""ftp://ftp.ncbi.nlm.nih.gov/geo/samples/GSM2420nnn/GSM2420493/suppl/GSM2420493_9992571155_R02C02_Grn.idat.gz"", ""ftp://ftp.ncbi.nlm.nih.gov/geo/samples/GSM2420nnn/GSM2420493/suppl/GSM2420493_9992571155_R02C02_Red.idat.gz""]",
D4,GSE91071,GSM2420494,genomic DNA from EP_5,Early Passage BJ Fibroblast Cells Replicate 5,cell line: BJ,,,Genomic DNA was extracted and purified from cell pellets using the Promega Wizard Genomic DNA Purification Kit according to the manufacturer's instructions. Genomic DNA quality was assessed by low concentration agarose gel (0.6%) electrophoresis and spectrometry of OD260/280 and OD 260/230 ratio.,Data were extracted using Methylation Module of GenomeStudio v1.0 Software. Methylation status of each CpG site was presented as b (beta) value based on following definition: beta value = (signal intensity of methylation-detection probe)/(signal intensity of methylation- detection probe + signal intensity of non-methylation-detection probe + 100).,GPL13534,"[""ftp://ftp.ncbi.nlm.nih.gov/geo/samples/GSM2420nnn/GSM2420494/suppl/GSM2420494_3998579205_R01C01_Grn.idat.gz"", ""ftp://ftp.ncbi.nlm.nih.gov/geo/samples/GSM2420nnn/GSM2420494/suppl/GSM2420494_3998579205_R01C01_Red.idat.gz""]",
D4,GSE91071,GSM2420495,genomic DNA from EP_6,Early Passage BJ Fibroblast Cells Replicate 6,cell line: BJ,,,Genomic DNA was extracted and purified from cell pellets using the Promega Wizard Genomic DNA Purification Kit according to the manufacturer's instructions. Genomic DNA quality was assessed by low concentration agarose gel (0.6%) electrophoresis and spectrometry of OD260/280 and OD 260/230 ratio.,Data were extracted using Methylation Module of GenomeStudio v1.0 Software. Methylation status of each CpG site was presented as b (beta) value based on following definition: beta value = (signal intensity of methylation-detection probe)/(signal intensity of methylation- detection probe + signal intensity of non-methylation-detection probe + 100).,GPL13534,"[""ftp://ftp.ncbi.nlm.nih.gov/geo/samples/GSM2420nnn/GSM2420495/suppl/GSM2420495_200121140130_R06C01_Grn.idat.gz"", ""ftp://ftp.ncbi.nlm.nih.gov/geo/samples/GSM2420nnn/GSM2420495/suppl/GSM2420495_200121140130_R06C01_Red.idat.gz""]",
D4,GSE91071,GSM2420496,genomic DNA from Near_Sen_1,Near Senescent BJ Fibroblast Cells Replicate 1,cell line: BJ,,,Genomic DNA was extracted and purified from cell pellets using the Promega Wizard Genomic DNA Purification Kit according to the manufacturer's instructions. Genomic DNA quality was assessed by low concentration agarose gel (0.6%) electrophoresis and spectrometry of OD260/280 and OD 260/230 ratio.,Data were extracted using Methylation Module of GenomeStudio v1.0 Software. Methylation status of each CpG site was presented as b (beta) value based on following definition: beta value = (signal intensity of methylation-detection probe)/(signal intensity of methylation- detection probe + signal intensity of non-methylation-detection probe + 100).,GPL13534,"[""ftp://ftp.ncbi.nlm.nih.gov/geo/samples/GSM2420nnn/GSM2420496/suppl/GSM2420496_9806233025_R04C02_Grn.idat.gz"", ""ftp://ftp.ncbi.nlm.nih.gov/geo/samples/GSM2420nnn/GSM2420496/suppl/GSM2420496_9806233025_R04C02_Red.idat.gz""]",
D4,GSE91071,GSM2420497,genomic DNA from Near_Sen_2,Near Senescent BJ Fibroblast Cells Replicate 2,cell line: BJ,,,Genomic DNA was extracted and purified from cell pellets using the Promega Wizard Genomic DNA Purification Kit according to the manufacturer's instructions. Genomic DNA quality was assessed by low concentration agarose gel (0.6%) electrophoresis and spectrometry of OD260/280 and OD 260/230 ratio.,Data were extracted using Methylation Module of GenomeStudio v1.0 Software. Methylation status of each CpG site was presented as b (beta) value based on following definition: beta value = (signal intensity of methylation-detection probe)/(signal intensity of methylation- detection probe + signal intensity of non-methylation-detection probe + 100).,GPL13534,"[""ftp://ftp.ncbi.nlm.nih.gov/geo/samples/GSM2420nnn/GSM2420497/suppl/GSM2420497_9806233082_R04C01_Grn.idat.gz"", ""ftp://ftp.ncbi.nlm.nih.gov/geo/samples/GSM2420nnn/GSM2420497/suppl/GSM2420497_9806233082_R04C01_Red.idat.gz""]",
D4,GSE91071,GSM2420498,genomic DNA from Near_Sen_3,Near Senescent BJ Fibroblast Cells Replicate 3,cell line: BJ,,,Genomic DNA was extracted and purified from cell pellets using the Promega Wizard Genomic DNA Purification Kit according to the manufacturer's instructions. Genomic DNA quality was assessed by low concentration agarose gel (0.6%) electrophoresis and spectrometry of OD260/280 and OD 260/230 ratio.,Data were extracted using Methylation Module of GenomeStudio v1.0 Software. Methylation status of each CpG site was presented as b (beta) value based on following definition: beta value = (signal intensity of methylation-detection probe)/(signal intensity of methylation- detection probe + signal intensity of non-methylation-detection probe + 100).,GPL13534,"[""ftp://ftp.ncbi.nlm.nih.gov/geo/samples/GSM2420nnn/GSM2420498/suppl/GSM2420498_100994770082_R06C02_Grn.idat.gz"", ""ftp://ftp.ncbi.nlm.nih.gov/geo/samples/GSM2420nnn/GSM2420498/suppl/GSM2420498_100994770082_R06C02_Red.idat.gz""]",
D4,GSE91071,GSM2420499,genomic DNA from Sen_1,Senescent BJ Fibroblast Cells Replicate 1,cell line: BJ,,,Genomic DNA was extracted and purified from cell pellets using the Promega Wizard Genomic DNA Purification Kit according to the manufacturer's instructions. Genomic DNA quality was assessed by low concentration agarose gel (0.6%) electrophoresis and spectrometry of OD260/280 and OD 260/230 ratio.,Data were extracted using Methylation Module of GenomeStudio v1.0 Software. Methylation status of each CpG site was presented as b (beta) value based on following definition: beta value = (signal intensity of methylation-detection probe)/(signal intensity of methylation- detection probe + signal intensity of non-methylation-detection probe + 100).,GPL13534,"[""ftp://ftp.ncbi.nlm.nih.gov/geo/samples/GSM2420nnn/GSM2420499/suppl/GSM2420499_9992571155_R03C02_Grn.idat.gz"", ""ftp://ftp.ncbi.nlm.nih.gov/geo/samples/GSM2420nnn/GSM2420499/suppl/GSM2420499_9992571155_R03C02_Red.idat.gz""]",
D4,GSE91071,GSM2420500,genomic DNA from Sen_2,Senescent BJ Fibroblast Cells Replicate 2,cell line: BJ,,,Genomic DNA was extracted and purified from cell pellets using the Promega Wizard Genomic DNA Purification Kit according to the manufacturer's instructions. Genomic DNA quality was assessed by low concentration agarose gel (0.6%) electrophoresis and spectrometry of OD260/280 and OD 260/230 ratio.,Data were extracted using Methylation Module of GenomeStudio v1.0 Software. Methylation status of each CpG site was presented as b (beta) value based on following definition: beta value = (signal intensity of methylation-detection probe)/(signal intensity of methylation- detection probe + signal intensity of non-methylation-detection probe + 100).,GPL13534,"[""ftp://ftp.ncbi.nlm.nih.gov/geo/samples/GSM2420nnn/GSM2420500/suppl/GSM2420500_9992571155_R02C01_Grn.idat.gz"", ""ftp://ftp.ncbi.nlm.nih.gov/geo/samples/GSM2420nnn/GSM2420500/suppl/GSM2420500_9992571155_R02C01_Red.idat.gz""]",
D4,GSE91071,GSM2420501,genomic DNA from Sen_3,Senescent BJ Fibroblast Cells Replicate 3,cell line: BJ,,,Genomic DNA was extracted and purified from cell pellets using the Promega Wizard Genomic DNA Purification Kit according to the manufacturer's instructions. Genomic DNA quality was assessed by low concentration agarose gel (0.6%) electrophoresis and spectrometry of OD260/280 and OD 260/230 ratio.,Data were extracted using Methylation Module of GenomeStudio v1.0 Software. Methylation status of each CpG site was presented as b (beta) value based on following definition: beta value = (signal intensity of methylation-detection probe)/(signal intensity of methylation- detection probe + signal intensity of non-methylation-detection probe + 100).,GPL13534,"[""ftp://ftp.ncbi.nlm.nih.gov/geo/samples/GSM2420nnn/GSM2420501/suppl/GSM2420501_9806233082_R03C01_Grn.idat.gz"", ""ftp://ftp.ncbi.nlm.nih.gov/geo/samples/GSM2420nnn/GSM2420501/suppl/GSM2420501_9806233082_R03C01_Red.idat.gz""]",
D4,GSE91071,GSM2420502,genomic DNA from hTERT_1,hTERT Immortalized BJ Fibroblast Cells Replicate 1,cell line: BJ,,,Genomic DNA was extracted and purified from cell pellets using the Promega Wizard Genomic DNA Purification Kit according to the manufacturer's instructions. Genomic DNA quality was assessed by low concentration agarose gel (0.6%) electrophoresis and spectrometry of OD260/280 and OD 260/230 ratio.,Data were extracted using Methylation Module of GenomeStudio v1.0 Software. Methylation status of each CpG site was presented as b (beta) value based on following definition: beta value = (signal intensity of methylation-detection probe)/(signal intensity of methylation- detection probe + signal intensity of non-methylation-detection probe + 100).,GPL13534,"[""ftp://ftp.ncbi.nlm.nih.gov/geo/samples/GSM2420nnn/GSM2420502/suppl/GSM2420502_9806233025_R05C02_Grn.idat.gz"", ""ftp://ftp.ncbi.nlm.nih.gov/geo/samples/GSM2420nnn/GSM2420502/suppl/GSM2420502_9806233025_R05C02_Red.idat.gz""]",
D4,GSE91071,GSM2420503,genomic DNA from SV40_1,hTERT and SV40 Immortalized BJ Fibroblast Cells Replicate 1,cell line: BJ,,,Genomic DNA was extracted and purified from cell pellets using the Promega Wizard Genomic DNA Purification Kit according to the manufacturer's instructions. Genomic DNA quality was assessed by low concentration agarose gel (0.6%) electrophoresis and spectrometry of OD260/280 and OD 260/230 ratio.,Data were extracted using Methylation Module of GenomeStudio v1.0 Software. Methylation status of each CpG site was presented as b (beta) value based on following definition: beta value = (signal intensity of methylation-detection probe)/(signal intensity of methylation- detection probe + signal intensity of non-methylation-detection probe + 100).,GPL13534,"[""ftp://ftp.ncbi.nlm.nih.gov/geo/samples/GSM2420nnn/GSM2420503/suppl/GSM2420503_9806233025_R06C02_Grn.idat.gz"", ""ftp://ftp.ncbi.nlm.nih.gov/geo/samples/GSM2420nnn/GSM2420503/suppl/GSM2420503_9806233025_R06C02_Red.idat.gz""]",
D4,GSE91071,GSM2420504,genomic DNA from HRAS_1,Early Transformed BJ Fibroblast Cells Replicate 1,cell line: BJ,,,Genomic DNA was extracted and purified from cell pellets using the Promega Wizard Genomic DNA Purification Kit according to the manufacturer's instructions. Genomic DNA quality was assessed by low concentration agarose gel (0.6%) electrophoresis and spectrometry of OD260/280 and OD 260/230 ratio.,Data were extracted using Methylation Module of GenomeStudio v1.0 Software. Methylation status of each CpG site was presented as b (beta) value based on following definition: beta value = (signal intensity of methylation-detection probe)/(signal intensity of methylation- detection probe + signal intensity of non-methylation-detection probe + 100).,GPL13534,"[""ftp://ftp.ncbi.nlm.nih.gov/geo/samples/GSM2420nnn/GSM2420504/suppl/GSM2420504_9806233082_R01C01_Grn.idat.gz"", ""ftp://ftp.ncbi.nlm.nih.gov/geo/samples/GSM2420nnn/GSM2420504/suppl/GSM2420504_9806233082_R01C01_Red.idat.gz""]",
D4,GSE91071,GSM2420505,genomic DNA from hTERT_2,hTERT Immortalized BJ Fibroblast Cells Replicate 2,cell line: BJ,,,Genomic DNA was extracted and purified from cell pellets using the Promega Wizard Genomic DNA Purification Kit according to the manufacturer's instructions. Genomic DNA quality was assessed by low concentration agarose gel (0.6%) electrophoresis and spectrometry of OD260/280 and OD 260/230 ratio.,Data were extracted using Methylation Module of GenomeStudio v1.0 Software. Methylation status of each CpG site was presented as b (beta) value based on following definition: beta value = (signal intensity of methylation-detection probe)/(signal intensity of methylation- detection probe + signal intensity of non-methylation-detection probe + 100).,GPL13534,"[""ftp://ftp.ncbi.nlm.nih.gov/geo/samples/GSM2420nnn/GSM2420505/suppl/GSM2420505_9806233082_R05C01_Grn.idat.gz"", ""ftp://ftp.ncbi.nlm.nih.gov/geo/samples/GSM2420nnn/GSM2420505/suppl/GSM2420505_9806233082_R05C01_Red.idat.gz""]",
D4,GSE91071,GSM2420506,genomic DNA from SV40_2,hTERT and SV40 Immortalized BJ Fibroblast Cells Replicate 2,cell line: BJ,,,Genomic DNA was extracted and purified from cell pellets using the Promega Wizard Genomic DNA Purification Kit according to the manufacturer's instructions. Genomic DNA quality was assessed by low concentration agarose gel (0.6%) electrophoresis and spectrometry of OD260/280 and OD 260/230 ratio.,Data were extracted using Methylation Module of GenomeStudio v1.0 Software. Methylation status of each CpG site was presented as b (beta) value based on following definition: beta value = (signal intensity of methylation-detection probe)/(signal intensity of methylation- detection probe + signal intensity of non-methylation-detection probe + 100).,GPL13534,"[""ftp://ftp.ncbi.nlm.nih.gov/geo/samples/GSM2420nnn/GSM2420506/suppl/GSM2420506_9806233082_R06C01_Grn.idat.gz"", ""ftp://ftp.ncbi.nlm.nih.gov/geo/samples/GSM2420nnn/GSM2420506/suppl/GSM2420506_9806233082_R06C01_Red.idat.gz""]",
D4,GSE91071,GSM2420507,genomic DNA from HRAS_2,Early Transformed BJ Fibroblast Cells Replicate 2,cell line: BJ,,,Genomic DNA was extracted and purified from cell pellets using the Promega Wizard Genomic DNA Purification Kit according to the manufacturer's instructions. Genomic DNA quality was assessed by low concentration agarose gel (0.6%) electrophoresis and spectrometry of OD260/280 and OD 260/230 ratio.,Data were extracted using Methylation Module of GenomeStudio v1.0 Software. Methylation status of each CpG site was presented as b (beta) value based on following definition: beta value = (signal intensity of methylation-detection probe)/(signal intensity of methylation- detection probe + signal intensity of non-methylation-detection probe + 100).,GPL13534,"[""ftp://ftp.ncbi.nlm.nih.gov/geo/samples/GSM2420nnn/GSM2420507/suppl/GSM2420507_9806233082_R01C02_Grn.idat.gz"", ""ftp://ftp.ncbi.nlm.nih.gov/geo/samples/GSM2420nnn/GSM2420507/suppl/GSM2420507_9806233082_R01C02_Red.idat.gz""]",
D4,GSE91071,GSM2420508,genomic DNA from hTERT_3,hTERT Immortalized BJ Fibroblast Cells Replicate 3,cell line: BJ,,,Genomic DNA was extracted and purified from cell pellets using the Promega Wizard Genomic DNA Purification Kit according to the manufacturer's instructions. Genomic DNA quality was assessed by low concentration agarose gel (0.6%) electrophoresis and spectrometry of OD260/280 and OD 260/230 ratio.,Data were extracted using Methylation Module of GenomeStudio v1.0 Software. Methylation status of each CpG site was presented as b (beta) value based on following definition: beta value = (signal intensity of methylation-detection probe)/(signal intensity of methylation- detection probe + signal intensity of non-methylation-detection probe + 100).,GPL13534,"[""ftp://ftp.ncbi.nlm.nih.gov/geo/samples/GSM2420nnn/GSM2420508/suppl/GSM2420508_100994770015_R01C01_Grn.idat.gz"", ""ftp://ftp.ncbi.nlm.nih.gov/geo/samples/GSM2420nnn/GSM2420508/suppl/GSM2420508_100994770015_R01C01_Red.idat.gz""]",
D4,GSE91071,GSM2420509,genomic DNA from SV40_3,hTERT and SV40 Immortalized BJ Fibroblast Cells Replicate 3,cell line: BJ,,,Genomic DNA was extracted and purified from cell pellets using the Promega Wizard Genomic DNA Purification Kit according to the manufacturer's instructions. Genomic DNA quality was assessed by low concentration agarose gel (0.6%) electrophoresis and spectrometry of OD260/280 and OD 260/230 ratio.,Data were extracted using Methylation Module of GenomeStudio v1.0 Software. Methylation status of each CpG site was presented as b (beta) value based on following definition: beta value = (signal intensity of methylation-detection probe)/(signal intensity of methylation- detection probe + signal intensity of non-methylation-detection probe + 100).,GPL13534,"[""ftp://ftp.ncbi.nlm.nih.gov/geo/samples/GSM2420nnn/GSM2420509/suppl/GSM2420509_100994770015_R02C01_Grn.idat.gz"", ""ftp://ftp.ncbi.nlm.nih.gov/geo/samples/GSM2420nnn/GSM2420509/suppl/GSM2420509_100994770015_R02C01_Red.idat.gz""]",
D4,GSE91071,GSM2420510,genomic DNA from HRAS_3,Early Transformed BJ Fibroblast Cells Replicate 3,cell line: BJ,,,Genomic DNA was extracted and purified from cell pellets using the Promega Wizard Genomic DNA Purification Kit according to the manufacturer's instructions. Genomic DNA quality was assessed by low concentration agarose gel (0.6%) electrophoresis and spectrometry of OD260/280 and OD 260/230 ratio.,Data were extracted using Methylation Module of GenomeStudio v1.0 Software. Methylation status of each CpG site was presented as b (beta) value based on following definition: beta value = (signal intensity of methylation-detection probe)/(signal intensity of methylation- detection probe + signal intensity of non-methylation-detection probe + 100).,GPL13534,"[""ftp://ftp.ncbi.nlm.nih.gov/geo/samples/GSM2420nnn/GSM2420510/suppl/GSM2420510_100994770015_R03C01_Grn.idat.gz"", ""ftp://ftp.ncbi.nlm.nih.gov/geo/samples/GSM2420nnn/GSM2420510/suppl/GSM2420510_100994770015_R03C01_Red.idat.gz""]",
D4,GSE91071,GSM2420511,genomic DNA from HRAS_1_X,Mouse Xenograft Replicate 1,cell line: BJ,,,Genomic DNA was extracted and purified from cell pellets using the Promega Wizard Genomic DNA Purification Kit according to the manufacturer's instructions. Genomic DNA quality was assessed by low concentration agarose gel (0.6%) electrophoresis and spectrometry of OD260/280 and OD 260/230 ratio.,Data were extracted using Methylation Module of GenomeStudio v1.0 Software. Methylation status of each CpG site was presented as b (beta) value based on following definition: beta value = (signal intensity of methylation-detection probe)/(signal intensity of methylation- detection probe + signal intensity of non-methylation-detection probe + 100).,GPL13534,"[""ftp://ftp.ncbi.nlm.nih.gov/geo/samples/GSM2420nnn/GSM2420511/suppl/GSM2420511_100994770015_R04C02_Grn.idat.gz"", ""ftp://ftp.ncbi.nlm.nih.gov/geo/samples/GSM2420nnn/GSM2420511/suppl/GSM2420511_100994770015_R04C02_Red.idat.gz""]",
D4,GSE91071,GSM2420512,genomic DNA from HRAS_2_X,Mouse Xenograft Replicate 2,cell line: BJ,,,Genomic DNA was extracted and purified from cell pellets using the Promega Wizard Genomic DNA Purification Kit according to the manufacturer's instructions. Genomic DNA quality was assessed by low concentration agarose gel (0.6%) electrophoresis and spectrometry of OD260/280 and OD 260/230 ratio.,Data were extracted using Methylation Module of GenomeStudio v1.0 Software. Methylation status of each CpG site was presented as b (beta) value based on following definition: beta value = (signal intensity of methylation-detection probe)/(signal intensity of methylation- detection probe + signal intensity of non-methylation-detection probe + 100).,GPL13534,"[""ftp://ftp.ncbi.nlm.nih.gov/geo/samples/GSM2420nnn/GSM2420512/suppl/GSM2420512_100994770015_R05C02_Grn.idat.gz"", ""ftp://ftp.ncbi.nlm.nih.gov/geo/samples/GSM2420nnn/GSM2420512/suppl/GSM2420512_100994770015_R05C02_Red.idat.gz""]",
D4,GSE91071,GSM2420513,genomic DNA from HRAS_3_X,Mouse Xenograft Replicate 3,cell line: BJ,,,Genomic DNA was extracted and purified from cell pellets using the Promega Wizard Genomic DNA Purification Kit according to the manufacturer's instructions. Genomic DNA quality was assessed by low concentration agarose gel (0.6%) electrophoresis and spectrometry of OD260/280 and OD 260/230 ratio.,Data were extracted using Methylation Module of GenomeStudio v1.0 Software. Methylation status of each CpG site was presented as b (beta) value based on following definition: beta value = (signal intensity of methylation-detection probe)/(signal intensity of methylation- detection probe + signal intensity of non-methylation-detection probe + 100).,GPL13534,"[""ftp://ftp.ncbi.nlm.nih.gov/geo/samples/GSM2420nnn/GSM2420513/suppl/GSM2420513_100994770015_R06C02_Grn.idat.gz"", ""ftp://ftp.ncbi.nlm.nih.gov/geo/samples/GSM2420nnn/GSM2420513/suppl/GSM2420513_100994770015_R06C02_Red.idat.gz""]",
D4,GSE91071,GSM2420514,genomic DNA from Near_Sen_EV,Empty Vector Infected Near Senescent Cells,cell line: BJ,,,Genomic DNA was extracted and purified from cell pellets using the Promega Wizard Genomic DNA Purification Kit according to the manufacturer's instructions. Genomic DNA quality was assessed by low concentration agarose gel (0.6%) electrophoresis and spectrometry of OD260/280 and OD 260/230 ratio.,Data were extracted using Methylation Module of GenomeStudio v1.0 Software. Methylation status of each CpG site was presented as b (beta) value based on following definition: beta value = (signal intensity of methylation-detection probe)/(signal intensity of methylation- detection probe + signal intensity of non-methylation-detection probe + 100).,GPL13534,"[""ftp://ftp.ncbi.nlm.nih.gov/geo/samples/GSM2420nnn/GSM2420514/suppl/GSM2420514_200053730222_R03C02_Grn.idat.gz"", ""ftp://ftp.ncbi.nlm.nih.gov/geo/samples/GSM2420nnn/GSM2420514/suppl/GSM2420514_200053730222_R03C02_Red.idat.gz""]",
D4,GSE91071,GSM2420515,genomic DNA from Near_Sen_hTERT,hTERT Infected Near Senescent Cells,cell line: BJ,,,Genomic DNA was extracted and purified from cell pellets using the Promega Wizard Genomic DNA Purification Kit according to the manufacturer's instructions. Genomic DNA quality was assessed by low concentration agarose gel (0.6%) electrophoresis and spectrometry of OD260/280 and OD 260/230 ratio.,Data were extracted using Methylation Module of GenomeStudio v1.0 Software. Methylation status of each CpG site was presented as b (beta) value based on following definition: beta value = (signal intensity of methylation-detection probe)/(signal intensity of methylation- detection probe + signal intensity of non-methylation-detection probe + 100).,GPL13534,"[""ftp://ftp.ncbi.nlm.nih.gov/geo/samples/GSM2420nnn/GSM2420515/suppl/GSM2420515_200053730222_R04C02_Grn.idat.gz"", ""ftp://ftp.ncbi.nlm.nih.gov/geo/samples/GSM2420nnn/GSM2420515/suppl/GSM2420515_200053730222_R04C02_Red.idat.gz""]",
D4,GSE91071,GSM2420516,genomic DNA from Near_Sen_SV40,hTERT and SV40 Infected Near Senescent Cells,cell line: BJ,,,Genomic DNA was extracted and purified from cell pellets using the Promega Wizard Genomic DNA Purification Kit according to the manufacturer's instructions. Genomic DNA quality was assessed by low concentration agarose gel (0.6%) electrophoresis and spectrometry of OD260/280 and OD 260/230 ratio.,Data were extracted using Methylation Module of GenomeStudio v1.0 Software. Methylation status of each CpG site was presented as b (beta) value based on following definition: beta value = (signal intensity of methylation-detection probe)/(signal intensity of methylation- detection probe + signal intensity of non-methylation-detection probe + 100).,GPL13534,"[""ftp://ftp.ncbi.nlm.nih.gov/geo/samples/GSM2420nnn/GSM2420516/suppl/GSM2420516_200053730222_R05C02_Grn.idat.gz"", ""ftp://ftp.ncbi.nlm.nih.gov/geo/samples/GSM2420nnn/GSM2420516/suppl/GSM2420516_200053730222_R05C02_Red.idat.gz""]",
D4,GSE91071,GSM2420517,genomic DNA from Near_Sen_HRAS,"hTERT, SV40 and H-rasV12 Infected Near Senescent Cells",cell line: BJ,,,Genomic DNA was extracted and purified from cell pellets using the Promega Wizard Genomic DNA Purification Kit according to the manufacturer's instructions. Genomic DNA quality was assessed by low concentration agarose gel (0.6%) electrophoresis and spectrometry of OD260/280 and OD 260/230 ratio.,Data were extracted using Methylation Module of GenomeStudio v1.0 Software. Methylation status of each CpG site was presented as b (beta) value based on following definition: beta value = (signal intensity of methylation-detection probe)/(signal intensity of methylation- detection probe + signal intensity of non-methylation-detection probe + 100).,GPL13534,"[""ftp://ftp.ncbi.nlm.nih.gov/geo/samples/GSM2420nnn/GSM2420517/suppl/GSM2420517_200053730222_R06C02_Grn.idat.gz"", ""ftp://ftp.ncbi.nlm.nih.gov/geo/samples/GSM2420nnn/GSM2420517/suppl/GSM2420517_200053730222_R06C02_Red.idat.gz""]",
D4,GSE91071,GSM2420518,genomic DNA from OIS_1,Oncogene H-rasV12 Induced Senescent BJ Fibroblast Cells  Replicate 1,cell line: BJ,,,Genomic DNA was extracted and purified from cell pellets using the Promega Wizard Genomic DNA Purification Kit according to the manufacturer's instructions. Genomic DNA quality was assessed by low concentration agarose gel (0.6%) electrophoresis and spectrometry of OD260/280 and OD 260/230 ratio.,Data were extracted using Methylation Module of GenomeStudio v1.0 Software. Methylation status of each CpG site was presented as b (beta) value based on following definition: beta value = (signal intensity of methylation-detection probe)/(signal intensity of methylation- detection probe + signal intensity of non-methylation-detection probe + 100).,GPL13534,"[""ftp://ftp.ncbi.nlm.nih.gov/geo/samples/GSM2420nnn/GSM2420518/suppl/GSM2420518_200121140130_R03C01_Grn.idat.gz"", ""ftp://ftp.ncbi.nlm.nih.gov/geo/samples/GSM2420nnn/GSM2420518/suppl/GSM2420518_200121140130_R03C01_Red.idat.gz""]",
D4,GSE91071,GSM2420519,genomic DNA from OIS_2,Oncogene H-rasV12 Induced Senescent BJ Fibroblast Cells Replicate 2,cell line: BJ,,,Genomic DNA was extracted and purified from cell pellets using the Promega Wizard Genomic DNA Purification Kit according to the manufacturer's instructions. Genomic DNA quality was assessed by low concentration agarose gel (0.6%) electrophoresis and spectrometry of OD260/280 and OD 260/230 ratio.,Data were extracted using Methylation Module of GenomeStudio v1.0 Software. Methylation status of each CpG site was presented as b (beta) value based on following definition: beta value = (signal intensity of methylation-detection probe)/(signal intensity of methylation- detection probe + signal intensity of non-methylation-detection probe + 100).,GPL13534,"[""ftp://ftp.ncbi.nlm.nih.gov/geo/samples/GSM2420nnn/GSM2420519/suppl/GSM2420519_200121140130_R04C01_Grn.idat.gz"", ""ftp://ftp.ncbi.nlm.nih.gov/geo/samples/GSM2420nnn/GSM2420519/suppl/GSM2420519_200121140130_R04C01_Red.idat.gz""]",
D4,GSE91071,GSM2420520,genomic DNA from OIS_3,Oncogene H-rasV12 Induced Senescent BJ Fibroblast Cells Replicate 3,cell line: BJ,,,Genomic DNA was extracted and purified from cell pellets using the Promega Wizard Genomic DNA Purification Kit according to the manufacturer's instructions. Genomic DNA quality was assessed by low concentration agarose gel (0.6%) electrophoresis and spectrometry of OD260/280 and OD 260/230 ratio.,Data were extracted using Methylation Module of GenomeStudio v1.0 Software. Methylation status of each CpG site was presented as b (beta) value based on following definition: beta value = (signal intensity of methylation-detection probe)/(signal intensity of methylation- detection probe + signal intensity of non-methylation-detection probe + 100).,GPL13534,"[""ftp://ftp.ncbi.nlm.nih.gov/geo/samples/GSM2420nnn/GSM2420520/suppl/GSM2420520_200121140130_R05C01_Grn.idat.gz"", ""ftp://ftp.ncbi.nlm.nih.gov/geo/samples/GSM2420nnn/GSM2420520/suppl/GSM2420520_200121140130_R05C01_Red.idat.gz""]",
D4,GSE91071,GSM2420521,Senescence Replicate 1,Senescent BJ fibroblast cells,"[""cell line: BJ"", ""tissue: Foreskin""]",,,Total RNA was isolated from cell pallets using TriZol reagent (Invitrogen) followed by RNeasy Mini Kit with DNase on-column digestion (Qiagen). RNA was quantified with NanoDrop ND-1000 followed by quality assessment with 2100 Bioanalyzer (Agilent Technologies) according to manufacturer’s protocol.,Data were extracted with Agilent Feature Extraction 9.5.3.1 software.,GPL10332,ftp://ftp.ncbi.nlm.nih.gov/geo/samples/GSM2420nnn/GSM2420521/suppl/GSM2420521_jhu_252665225556_S01_GE2_107_Sep09_1_1_EP-Cy3_Sen_1-Cy5.txt.gz,
D4,GSE91071,GSM2420522,Senescence Replicate 2,Senescent BJ fibroblast cells,"[""cell line: BJ"", ""tissue: Foreskin""]",,,Total RNA was isolated from cell pallets using TriZol reagent (Invitrogen) followed by RNeasy Mini Kit with DNase on-column digestion (Qiagen). RNA was quantified with NanoDrop ND-1000 followed by quality assessment with 2100 Bioanalyzer (Agilent Technologies) according to manufacturer’s protocol.,Data were extracted with Agilent Feature Extraction 9.5.3.1 software.,GPL10332,ftp://ftp.ncbi.nlm.nih.gov/geo/samples/GSM2420nnn/GSM2420522/suppl/GSM2420522_jhu_252665225479_S01_GE2_107_Sep09_1_4_EP-Cy3_Sen_2-Cy5.txt.gz,
D4,GSE91071,GSM2420523,Early Transformation Replicate 1,Tranformed BJ fibroblast cells,"[""cell line: BJ"", ""tissue: Foreskin""]",,,Total RNA was isolated from cell pallets using TriZol reagent (Invitrogen) followed by RNeasy Mini Kit with DNase on-column digestion (Qiagen). RNA was quantified with NanoDrop ND-1000 followed by quality assessment with 2100 Bioanalyzer (Agilent Technologies) according to manufacturer’s protocol.,Data were extracted with Agilent Feature Extraction 9.5.3.1 software.,GPL10332,ftp://ftp.ncbi.nlm.nih.gov/geo/samples/GSM2420nnn/GSM2420523/suppl/GSM2420523_jhu_252665233413_S01_GE2_107_Sep09_1_1_EP-Cy3_HRAS_1-Cy5.txt.gz,
D4,GSE91071,GSM2420524,Early Transformation Replicate 2,Tranformed BJ fibroblast cells,"[""cell line: BJ"", ""tissue: Foreskin""]",,,Total RNA was isolated from cell pallets using TriZol reagent (Invitrogen) followed by RNeasy Mini Kit with DNase on-column digestion (Qiagen). RNA was quantified with NanoDrop ND-1000 followed by quality assessment with 2100 Bioanalyzer (Agilent Technologies) according to manufacturer’s protocol.,Data were extracted with Agilent Feature Extraction 9.5.3.1 software.,GPL10332,ftp://ftp.ncbi.nlm.nih.gov/geo/samples/GSM2420nnn/GSM2420524/suppl/GSM2420524_jhu_252665233413_S01_GE2_107_Sep09_1_2_EP-Cy3_HRAS_2-Cy5.txt.gz,
D4,GSE91071,GSM2420525,Early Transformation Replicate 3,Tranformed BJ fibroblast cells,"[""cell line: BJ"", ""tissue: Foreskin""]",,,Total RNA was isolated from cell pallets using TriZol reagent (Invitrogen) followed by RNeasy Mini Kit with DNase on-column digestion (Qiagen). RNA was quantified with NanoDrop ND-1000 followed by quality assessment with 2100 Bioanalyzer (Agilent Technologies) according to manufacturer’s protocol.,Data were extracted with Agilent Feature Extraction 9.5.3.1 software.,GPL10332,ftp://ftp.ncbi.nlm.nih.gov/geo/samples/GSM2420nnn/GSM2420525/suppl/GSM2420525_jhu_252665229230_S01_GE2_107_Sep09_1_2_EP-Cy3_HRAS_3-Cy5.txt.gz,
D4,GSE91071,GSM2420526,Mouse Xenograft Replicate 1,Tranformed BJ fibroblast cells_xenograft,"[""cell line: BJ"", ""tissue: Foreskin""]",,,Total RNA was isolated from cell pallets using TriZol reagent (Invitrogen) followed by RNeasy Mini Kit with DNase on-column digestion (Qiagen). RNA was quantified with NanoDrop ND-1000 followed by quality assessment with 2100 Bioanalyzer (Agilent Technologies) according to manufacturer’s protocol.,Data were extracted with Agilent Feature Extraction 9.5.3.1 software.,GPL10332,ftp://ftp.ncbi.nlm.nih.gov/geo/samples/GSM2420nnn/GSM2420526/suppl/GSM2420526_jhu_252665229288_S01_GE2_107_Sep09_1_4_EP-Cy3_HRAS_1_X-Cy5.txt.gz,
D4,GSE91071,GSM2420527,Mouse Xenograft Replicate 2,Tranformed BJ fibroblast cells_xenograft,"[""cell line: BJ"", ""tissue: Foreskin""]",,,Total RNA was isolated from cell pallets using TriZol reagent (Invitrogen) followed by RNeasy Mini Kit with DNase on-column digestion (Qiagen). RNA was quantified with NanoDrop ND-1000 followed by quality assessment with 2100 Bioanalyzer (Agilent Technologies) according to manufacturer’s protocol.,Data were extracted with Agilent Feature Extraction 9.5.3.1 software.,GPL10332,ftp://ftp.ncbi.nlm.nih.gov/geo/samples/GSM2420nnn/GSM2420527/suppl/GSM2420527_jhu_252665229289_S01_GE2_107_Sep09_1_1_EP-Cy3_HRAS_2_X-Cy5.txt.gz,
D4,GSE91071,GSM2420528,Mouse Xenograft Replicate 3,Tranformed BJ fibroblast cells_xenograft,"[""cell line: BJ"", ""tissue: Foreskin""]",,,Total RNA was isolated from cell pallets using TriZol reagent (Invitrogen) followed by RNeasy Mini Kit with DNase on-column digestion (Qiagen). RNA was quantified with NanoDrop ND-1000 followed by quality assessment with 2100 Bioanalyzer (Agilent Technologies) according to manufacturer’s protocol.,Data were extracted with Agilent Feature Extraction 9.5.3.1 software.,GPL10332,ftp://ftp.ncbi.nlm.nih.gov/geo/samples/GSM2420nnn/GSM2420528/suppl/GSM2420528_jhu_252665229289_S01_GE2_107_Sep09_1_2_EP-Cy3_HRAS_3_X-Cy5.txt.gz,
D4,GSE91069,GSM2420490,genomic DNA from EP_1,Early Passage BJ Fibroblast Cells Replicate 1,cell line: BJ,,,Genomic DNA was extracted and purified from cell pellets using the Promega Wizard Genomic DNA Purification Kit according to the manufacturer's instructions. Genomic DNA quality was assessed by low concentration agarose gel (0.6%) electrophoresis and spectrometry of OD260/280 and OD 260/230 ratio.,Data were extracted using Methylation Module of GenomeStudio v1.0 Software. Methylation status of each CpG site was presented as b (beta) value based on following definition: beta value = (signal intensity of methylation-detection probe)/(signal intensity of methylation- detection probe + signal intensity of non-methylation-detection probe + 100).,GPL13534,"[""ftp://ftp.ncbi.nlm.nih.gov/geo/samples/GSM2420nnn/GSM2420490/suppl/GSM2420490_9806233082_R02C01_Grn.idat.gz"", ""ftp://ftp.ncbi.nlm.nih.gov/geo/samples/GSM2420nnn/GSM2420490/suppl/GSM2420490_9806233082_R02C01_Red.idat.gz""]",
D4,GSE91069,GSM2420491,genomic DNA from EP_2,Early Passage BJ Fibroblast Cells Replicate 2,cell line: BJ,,,Genomic DNA was extracted and purified from cell pellets using the Promega Wizard Genomic DNA Purification Kit according to the manufacturer's instructions. Genomic DNA quality was assessed by low concentration agarose gel (0.6%) electrophoresis and spectrometry of OD260/280 and OD 260/230 ratio.,Data were extracted using Methylation Module of GenomeStudio v1.0 Software. Methylation status of each CpG site was presented as b (beta) value based on following definition: beta value = (signal intensity of methylation-detection probe)/(signal intensity of methylation- detection probe + signal intensity of non-methylation-detection probe + 100).,GPL13534,"[""ftp://ftp.ncbi.nlm.nih.gov/geo/samples/GSM2420nnn/GSM2420491/suppl/GSM2420491_9992571155_R01C01_Grn.idat.gz"", ""ftp://ftp.ncbi.nlm.nih.gov/geo/samples/GSM2420nnn/GSM2420491/suppl/GSM2420491_9992571155_R01C01_Red.idat.gz""]",
D4,GSE91069,GSM2420492,genomic DNA from EP_3,Early Passage BJ Fibroblast Cells Replicate 3,cell line: BJ,,,Genomic DNA was extracted and purified from cell pellets using the Promega Wizard Genomic DNA Purification Kit according to the manufacturer's instructions. Genomic DNA quality was assessed by low concentration agarose gel (0.6%) electrophoresis and spectrometry of OD260/280 and OD 260/230 ratio.,Data were extracted using Methylation Module of GenomeStudio v1.0 Software. Methylation status of each CpG site was presented as b (beta) value based on following definition: beta value = (signal intensity of methylation-detection probe)/(signal intensity of methylation- detection probe + signal intensity of non-methylation-detection probe + 100).,GPL13534,"[""ftp://ftp.ncbi.nlm.nih.gov/geo/samples/GSM2420nnn/GSM2420492/suppl/GSM2420492_100994770082_R05C02_Grn.idat.gz"", ""ftp://ftp.ncbi.nlm.nih.gov/geo/samples/GSM2420nnn/GSM2420492/suppl/GSM2420492_100994770082_R05C02_Red.idat.gz""]",
D4,GSE91069,GSM2420493,genomic DNA from EP_4,Early Passage BJ Fibroblast Cells Replicate 4,cell line: BJ,,,Genomic DNA was extracted and purified from cell pellets using the Promega Wizard Genomic DNA Purification Kit according to the manufacturer's instructions. Genomic DNA quality was assessed by low concentration agarose gel (0.6%) electrophoresis and spectrometry of OD260/280 and OD 260/230 ratio.,Data were extracted using Methylation Module of GenomeStudio v1.0 Software. Methylation status of each CpG site was presented as b (beta) value based on following definition: beta value = (signal intensity of methylation-detection probe)/(signal intensity of methylation- detection probe + signal intensity of non-methylation-detection probe + 100).,GPL13534,"[""ftp://ftp.ncbi.nlm.nih.gov/geo/samples/GSM2420nnn/GSM2420493/suppl/GSM2420493_9992571155_R02C02_Grn.idat.gz"", ""ftp://ftp.ncbi.nlm.nih.gov/geo/samples/GSM2420nnn/GSM2420493/suppl/GSM2420493_9992571155_R02C02_Red.idat.gz""]",
D4,GSE91069,GSM2420494,genomic DNA from EP_5,Early Passage BJ Fibroblast Cells Replicate 5,cell line: BJ,,,Genomic DNA was extracted and purified from cell pellets using the Promega Wizard Genomic DNA Purification Kit according to the manufacturer's instructions. Genomic DNA quality was assessed by low concentration agarose gel (0.6%) electrophoresis and spectrometry of OD260/280 and OD 260/230 ratio.,Data were extracted using Methylation Module of GenomeStudio v1.0 Software. Methylation status of each CpG site was presented as b (beta) value based on following definition: beta value = (signal intensity of methylation-detection probe)/(signal intensity of methylation- detection probe + signal intensity of non-methylation-detection probe + 100).,GPL13534,"[""ftp://ftp.ncbi.nlm.nih.gov/geo/samples/GSM2420nnn/GSM2420494/suppl/GSM2420494_3998579205_R01C01_Grn.idat.gz"", ""ftp://ftp.ncbi.nlm.nih.gov/geo/samples/GSM2420nnn/GSM2420494/suppl/GSM2420494_3998579205_R01C01_Red.idat.gz""]",
D4,GSE91069,GSM2420495,genomic DNA from EP_6,Early Passage BJ Fibroblast Cells Replicate 6,cell line: BJ,,,Genomic DNA was extracted and purified from cell pellets using the Promega Wizard Genomic DNA Purification Kit according to the manufacturer's instructions. Genomic DNA quality was assessed by low concentration agarose gel (0.6%) electrophoresis and spectrometry of OD260/280 and OD 260/230 ratio.,Data were extracted using Methylation Module of GenomeStudio v1.0 Software. Methylation status of each CpG site was presented as b (beta) value based on following definition: beta value = (signal intensity of methylation-detection probe)/(signal intensity of methylation- detection probe + signal intensity of non-methylation-detection probe + 100).,GPL13534,"[""ftp://ftp.ncbi.nlm.nih.gov/geo/samples/GSM2420nnn/GSM2420495/suppl/GSM2420495_200121140130_R06C01_Grn.idat.gz"", ""ftp://ftp.ncbi.nlm.nih.gov/geo/samples/GSM2420nnn/GSM2420495/suppl/GSM2420495_200121140130_R06C01_Red.idat.gz""]",
D4,GSE91069,GSM2420496,genomic DNA from Near_Sen_1,Near Senescent BJ Fibroblast Cells Replicate 1,cell line: BJ,,,Genomic DNA was extracted and purified from cell pellets using the Promega Wizard Genomic DNA Purification Kit according to the manufacturer's instructions. Genomic DNA quality was assessed by low concentration agarose gel (0.6%) electrophoresis and spectrometry of OD260/280 and OD 260/230 ratio.,Data were extracted using Methylation Module of GenomeStudio v1.0 Software. Methylation status of each CpG site was presented as b (beta) value based on following definition: beta value = (signal intensity of methylation-detection probe)/(signal intensity of methylation- detection probe + signal intensity of non-methylation-detection probe + 100).,GPL13534,"[""ftp://ftp.ncbi.nlm.nih.gov/geo/samples/GSM2420nnn/GSM2420496/suppl/GSM2420496_9806233025_R04C02_Grn.idat.gz"", ""ftp://ftp.ncbi.nlm.nih.gov/geo/samples/GSM2420nnn/GSM2420496/suppl/GSM2420496_9806233025_R04C02_Red.idat.gz""]",
D4,GSE91069,GSM2420497,genomic DNA from Near_Sen_2,Near Senescent BJ Fibroblast Cells Replicate 2,cell line: BJ,,,Genomic DNA was extracted and purified from cell pellets using the Promega Wizard Genomic DNA Purification Kit according to the manufacturer's instructions. Genomic DNA quality was assessed by low concentration agarose gel (0.6%) electrophoresis and spectrometry of OD260/280 and OD 260/230 ratio.,Data were extracted using Methylation Module of GenomeStudio v1.0 Software. Methylation status of each CpG site was presented as b (beta) value based on following definition: beta value = (signal intensity of methylation-detection probe)/(signal intensity of methylation- detection probe + signal intensity of non-methylation-detection probe + 100).,GPL13534,"[""ftp://ftp.ncbi.nlm.nih.gov/geo/samples/GSM2420nnn/GSM2420497/suppl/GSM2420497_9806233082_R04C01_Grn.idat.gz"", ""ftp://ftp.ncbi.nlm.nih.gov/geo/samples/GSM2420nnn/GSM2420497/suppl/GSM2420497_9806233082_R04C01_Red.idat.gz""]",
D4,GSE91069,GSM2420498,genomic DNA from Near_Sen_3,Near Senescent BJ Fibroblast Cells Replicate 3,cell line: BJ,,,Genomic DNA was extracted and purified from cell pellets using the Promega Wizard Genomic DNA Purification Kit according to the manufacturer's instructions. Genomic DNA quality was assessed by low concentration agarose gel (0.6%) electrophoresis and spectrometry of OD260/280 and OD 260/230 ratio.,Data were extracted using Methylation Module of GenomeStudio v1.0 Software. Methylation status of each CpG site was presented as b (beta) value based on following definition: beta value = (signal intensity of methylation-detection probe)/(signal intensity of methylation- detection probe + signal intensity of non-methylation-detection probe + 100).,GPL13534,"[""ftp://ftp.ncbi.nlm.nih.gov/geo/samples/GSM2420nnn/GSM2420498/suppl/GSM2420498_100994770082_R06C02_Grn.idat.gz"", ""ftp://ftp.ncbi.nlm.nih.gov/geo/samples/GSM2420nnn/GSM2420498/suppl/GSM2420498_100994770082_R06C02_Red.idat.gz""]",
D4,GSE91069,GSM2420499,genomic DNA from Sen_1,Senescent BJ Fibroblast Cells Replicate 1,cell line: BJ,,,Genomic DNA was extracted and purified from cell pellets using the Promega Wizard Genomic DNA Purification Kit according to the manufacturer's instructions. Genomic DNA quality was assessed by low concentration agarose gel (0.6%) electrophoresis and spectrometry of OD260/280 and OD 260/230 ratio.,Data were extracted using Methylation Module of GenomeStudio v1.0 Software. Methylation status of each CpG site was presented as b (beta) value based on following definition: beta value = (signal intensity of methylation-detection probe)/(signal intensity of methylation- detection probe + signal intensity of non-methylation-detection probe + 100).,GPL13534,"[""ftp://ftp.ncbi.nlm.nih.gov/geo/samples/GSM2420nnn/GSM2420499/suppl/GSM2420499_9992571155_R03C02_Grn.idat.gz"", ""ftp://ftp.ncbi.nlm.nih.gov/geo/samples/GSM2420nnn/GSM2420499/suppl/GSM2420499_9992571155_R03C02_Red.idat.gz""]",
D4,GSE91069,GSM2420500,genomic DNA from Sen_2,Senescent BJ Fibroblast Cells Replicate 2,cell line: BJ,,,Genomic DNA was extracted and purified from cell pellets using the Promega Wizard Genomic DNA Purification Kit according to the manufacturer's instructions. Genomic DNA quality was assessed by low concentration agarose gel (0.6%) electrophoresis and spectrometry of OD260/280 and OD 260/230 ratio.,Data were extracted using Methylation Module of GenomeStudio v1.0 Software. Methylation status of each CpG site was presented as b (beta) value based on following definition: beta value = (signal intensity of methylation-detection probe)/(signal intensity of methylation- detection probe + signal intensity of non-methylation-detection probe + 100).,GPL13534,"[""ftp://ftp.ncbi.nlm.nih.gov/geo/samples/GSM2420nnn/GSM2420500/suppl/GSM2420500_9992571155_R02C01_Grn.idat.gz"", ""ftp://ftp.ncbi.nlm.nih.gov/geo/samples/GSM2420nnn/GSM2420500/suppl/GSM2420500_9992571155_R02C01_Red.idat.gz""]",
D4,GSE91069,GSM2420501,genomic DNA from Sen_3,Senescent BJ Fibroblast Cells Replicate 3,cell line: BJ,,,Genomic DNA was extracted and purified from cell pellets using the Promega Wizard Genomic DNA Purification Kit according to the manufacturer's instructions. Genomic DNA quality was assessed by low concentration agarose gel (0.6%) electrophoresis and spectrometry of OD260/280 and OD 260/230 ratio.,Data were extracted using Methylation Module of GenomeStudio v1.0 Software. Methylation status of each CpG site was presented as b (beta) value based on following definition: beta value = (signal intensity of methylation-detection probe)/(signal intensity of methylation- detection probe + signal intensity of non-methylation-detection probe + 100).,GPL13534,"[""ftp://ftp.ncbi.nlm.nih.gov/geo/samples/GSM2420nnn/GSM2420501/suppl/GSM2420501_9806233082_R03C01_Grn.idat.gz"", ""ftp://ftp.ncbi.nlm.nih.gov/geo/samples/GSM2420nnn/GSM2420501/suppl/GSM2420501_9806233082_R03C01_Red.idat.gz""]",
D4,GSE91069,GSM2420502,genomic DNA from hTERT_1,hTERT Immortalized BJ Fibroblast Cells Replicate 1,cell line: BJ,,,Genomic DNA was extracted and purified from cell pellets using the Promega Wizard Genomic DNA Purification Kit according to the manufacturer's instructions. Genomic DNA quality was assessed by low concentration agarose gel (0.6%) electrophoresis and spectrometry of OD260/280 and OD 260/230 ratio.,Data were extracted using Methylation Module of GenomeStudio v1.0 Software. Methylation status of each CpG site was presented as b (beta) value based on following definition: beta value = (signal intensity of methylation-detection probe)/(signal intensity of methylation- detection probe + signal intensity of non-methylation-detection probe + 100).,GPL13534,"[""ftp://ftp.ncbi.nlm.nih.gov/geo/samples/GSM2420nnn/GSM2420502/suppl/GSM2420502_9806233025_R05C02_Grn.idat.gz"", ""ftp://ftp.ncbi.nlm.nih.gov/geo/samples/GSM2420nnn/GSM2420502/suppl/GSM2420502_9806233025_R05C02_Red.idat.gz""]",
D4,GSE91069,GSM2420503,genomic DNA from SV40_1,hTERT and SV40 Immortalized BJ Fibroblast Cells Replicate 1,cell line: BJ,,,Genomic DNA was extracted and purified from cell pellets using the Promega Wizard Genomic DNA Purification Kit according to the manufacturer's instructions. Genomic DNA quality was assessed by low concentration agarose gel (0.6%) electrophoresis and spectrometry of OD260/280 and OD 260/230 ratio.,Data were extracted using Methylation Module of GenomeStudio v1.0 Software. Methylation status of each CpG site was presented as b (beta) value based on following definition: beta value = (signal intensity of methylation-detection probe)/(signal intensity of methylation- detection probe + signal intensity of non-methylation-detection probe + 100).,GPL13534,"[""ftp://ftp.ncbi.nlm.nih.gov/geo/samples/GSM2420nnn/GSM2420503/suppl/GSM2420503_9806233025_R06C02_Grn.idat.gz"", ""ftp://ftp.ncbi.nlm.nih.gov/geo/samples/GSM2420nnn/GSM2420503/suppl/GSM2420503_9806233025_R06C02_Red.idat.gz""]",
D4,GSE91069,GSM2420504,genomic DNA from HRAS_1,Early Transformed BJ Fibroblast Cells Replicate 1,cell line: BJ,,,Genomic DNA was extracted and purified from cell pellets using the Promega Wizard Genomic DNA Purification Kit according to the manufacturer's instructions. Genomic DNA quality was assessed by low concentration agarose gel (0.6%) electrophoresis and spectrometry of OD260/280 and OD 260/230 ratio.,Data were extracted using Methylation Module of GenomeStudio v1.0 Software. Methylation status of each CpG site was presented as b (beta) value based on following definition: beta value = (signal intensity of methylation-detection probe)/(signal intensity of methylation- detection probe + signal intensity of non-methylation-detection probe + 100).,GPL13534,"[""ftp://ftp.ncbi.nlm.nih.gov/geo/samples/GSM2420nnn/GSM2420504/suppl/GSM2420504_9806233082_R01C01_Grn.idat.gz"", ""ftp://ftp.ncbi.nlm.nih.gov/geo/samples/GSM2420nnn/GSM2420504/suppl/GSM2420504_9806233082_R01C01_Red.idat.gz""]",
D4,GSE91069,GSM2420505,genomic DNA from hTERT_2,hTERT Immortalized BJ Fibroblast Cells Replicate 2,cell line: BJ,,,Genomic DNA was extracted and purified from cell pellets using the Promega Wizard Genomic DNA Purification Kit according to the manufacturer's instructions. Genomic DNA quality was assessed by low concentration agarose gel (0.6%) electrophoresis and spectrometry of OD260/280 and OD 260/230 ratio.,Data were extracted using Methylation Module of GenomeStudio v1.0 Software. Methylation status of each CpG site was presented as b (beta) value based on following definition: beta value = (signal intensity of methylation-detection probe)/(signal intensity of methylation- detection probe + signal intensity of non-methylation-detection probe + 100).,GPL13534,"[""ftp://ftp.ncbi.nlm.nih.gov/geo/samples/GSM2420nnn/GSM2420505/suppl/GSM2420505_9806233082_R05C01_Grn.idat.gz"", ""ftp://ftp.ncbi.nlm.nih.gov/geo/samples/GSM2420nnn/GSM2420505/suppl/GSM2420505_9806233082_R05C01_Red.idat.gz""]",
D4,GSE91069,GSM2420506,genomic DNA from SV40_2,hTERT and SV40 Immortalized BJ Fibroblast Cells Replicate 2,cell line: BJ,,,Genomic DNA was extracted and purified from cell pellets using the Promega Wizard Genomic DNA Purification Kit according to the manufacturer's instructions. Genomic DNA quality was assessed by low concentration agarose gel (0.6%) electrophoresis and spectrometry of OD260/280 and OD 260/230 ratio.,Data were extracted using Methylation Module of GenomeStudio v1.0 Software. Methylation status of each CpG site was presented as b (beta) value based on following definition: beta value = (signal intensity of methylation-detection probe)/(signal intensity of methylation- detection probe + signal intensity of non-methylation-detection probe + 100).,GPL13534,"[""ftp://ftp.ncbi.nlm.nih.gov/geo/samples/GSM2420nnn/GSM2420506/suppl/GSM2420506_9806233082_R06C01_Grn.idat.gz"", ""ftp://ftp.ncbi.nlm.nih.gov/geo/samples/GSM2420nnn/GSM2420506/suppl/GSM2420506_9806233082_R06C01_Red.idat.gz""]",
D4,GSE91069,GSM2420507,genomic DNA from HRAS_2,Early Transformed BJ Fibroblast Cells Replicate 2,cell line: BJ,,,Genomic DNA was extracted and purified from cell pellets using the Promega Wizard Genomic DNA Purification Kit according to the manufacturer's instructions. Genomic DNA quality was assessed by low concentration agarose gel (0.6%) electrophoresis and spectrometry of OD260/280 and OD 260/230 ratio.,Data were extracted using Methylation Module of GenomeStudio v1.0 Software. Methylation status of each CpG site was presented as b (beta) value based on following definition: beta value = (signal intensity of methylation-detection probe)/(signal intensity of methylation- detection probe + signal intensity of non-methylation-detection probe + 100).,GPL13534,"[""ftp://ftp.ncbi.nlm.nih.gov/geo/samples/GSM2420nnn/GSM2420507/suppl/GSM2420507_9806233082_R01C02_Grn.idat.gz"", ""ftp://ftp.ncbi.nlm.nih.gov/geo/samples/GSM2420nnn/GSM2420507/suppl/GSM2420507_9806233082_R01C02_Red.idat.gz""]",
D4,GSE91069,GSM2420508,genomic DNA from hTERT_3,hTERT Immortalized BJ Fibroblast Cells Replicate 3,cell line: BJ,,,Genomic DNA was extracted and purified from cell pellets using the Promega Wizard Genomic DNA Purification Kit according to the manufacturer's instructions. Genomic DNA quality was assessed by low concentration agarose gel (0.6%) electrophoresis and spectrometry of OD260/280 and OD 260/230 ratio.,Data were extracted using Methylation Module of GenomeStudio v1.0 Software. Methylation status of each CpG site was presented as b (beta) value based on following definition: beta value = (signal intensity of methylation-detection probe)/(signal intensity of methylation- detection probe + signal intensity of non-methylation-detection probe + 100).,GPL13534,"[""ftp://ftp.ncbi.nlm.nih.gov/geo/samples/GSM2420nnn/GSM2420508/suppl/GSM2420508_100994770015_R01C01_Grn.idat.gz"", ""ftp://ftp.ncbi.nlm.nih.gov/geo/samples/GSM2420nnn/GSM2420508/suppl/GSM2420508_100994770015_R01C01_Red.idat.gz""]",
D4,GSE91069,GSM2420509,genomic DNA from SV40_3,hTERT and SV40 Immortalized BJ Fibroblast Cells Replicate 3,cell line: BJ,,,Genomic DNA was extracted and purified from cell pellets using the Promega Wizard Genomic DNA Purification Kit according to the manufacturer's instructions. Genomic DNA quality was assessed by low concentration agarose gel (0.6%) electrophoresis and spectrometry of OD260/280 and OD 260/230 ratio.,Data were extracted using Methylation Module of GenomeStudio v1.0 Software. Methylation status of each CpG site was presented as b (beta) value based on following definition: beta value = (signal intensity of methylation-detection probe)/(signal intensity of methylation- detection probe + signal intensity of non-methylation-detection probe + 100).,GPL13534,"[""ftp://ftp.ncbi.nlm.nih.gov/geo/samples/GSM2420nnn/GSM2420509/suppl/GSM2420509_100994770015_R02C01_Grn.idat.gz"", ""ftp://ftp.ncbi.nlm.nih.gov/geo/samples/GSM2420nnn/GSM2420509/suppl/GSM2420509_100994770015_R02C01_Red.idat.gz""]",
D4,GSE91069,GSM2420510,genomic DNA from HRAS_3,Early Transformed BJ Fibroblast Cells Replicate 3,cell line: BJ,,,Genomic DNA was extracted and purified from cell pellets using the Promega Wizard Genomic DNA Purification Kit according to the manufacturer's instructions. Genomic DNA quality was assessed by low concentration agarose gel (0.6%) electrophoresis and spectrometry of OD260/280 and OD 260/230 ratio.,Data were extracted using Methylation Module of GenomeStudio v1.0 Software. Methylation status of each CpG site was presented as b (beta) value based on following definition: beta value = (signal intensity of methylation-detection probe)/(signal intensity of methylation- detection probe + signal intensity of non-methylation-detection probe + 100).,GPL13534,"[""ftp://ftp.ncbi.nlm.nih.gov/geo/samples/GSM2420nnn/GSM2420510/suppl/GSM2420510_100994770015_R03C01_Grn.idat.gz"", ""ftp://ftp.ncbi.nlm.nih.gov/geo/samples/GSM2420nnn/GSM2420510/suppl/GSM2420510_100994770015_R03C01_Red.idat.gz""]",
D4,GSE91069,GSM2420511,genomic DNA from HRAS_1_X,Mouse Xenograft Replicate 1,cell line: BJ,,,Genomic DNA was extracted and purified from cell pellets using the Promega Wizard Genomic DNA Purification Kit according to the manufacturer's instructions. Genomic DNA quality was assessed by low concentration agarose gel (0.6%) electrophoresis and spectrometry of OD260/280 and OD 260/230 ratio.,Data were extracted using Methylation Module of GenomeStudio v1.0 Software. Methylation status of each CpG site was presented as b (beta) value based on following definition: beta value = (signal intensity of methylation-detection probe)/(signal intensity of methylation- detection probe + signal intensity of non-methylation-detection probe + 100).,GPL13534,"[""ftp://ftp.ncbi.nlm.nih.gov/geo/samples/GSM2420nnn/GSM2420511/suppl/GSM2420511_100994770015_R04C02_Grn.idat.gz"", ""ftp://ftp.ncbi.nlm.nih.gov/geo/samples/GSM2420nnn/GSM2420511/suppl/GSM2420511_100994770015_R04C02_Red.idat.gz""]",
D4,GSE91069,GSM2420512,genomic DNA from HRAS_2_X,Mouse Xenograft Replicate 2,cell line: BJ,,,Genomic DNA was extracted and purified from cell pellets using the Promega Wizard Genomic DNA Purification Kit according to the manufacturer's instructions. Genomic DNA quality was assessed by low concentration agarose gel (0.6%) electrophoresis and spectrometry of OD260/280 and OD 260/230 ratio.,Data were extracted using Methylation Module of GenomeStudio v1.0 Software. Methylation status of each CpG site was presented as b (beta) value based on following definition: beta value = (signal intensity of methylation-detection probe)/(signal intensity of methylation- detection probe + signal intensity of non-methylation-detection probe + 100).,GPL13534,"[""ftp://ftp.ncbi.nlm.nih.gov/geo/samples/GSM2420nnn/GSM2420512/suppl/GSM2420512_100994770015_R05C02_Grn.idat.gz"", ""ftp://ftp.ncbi.nlm.nih.gov/geo/samples/GSM2420nnn/GSM2420512/suppl/GSM2420512_100994770015_R05C02_Red.idat.gz""]",
D4,GSE91069,GSM2420513,genomic DNA from HRAS_3_X,Mouse Xenograft Replicate 3,cell line: BJ,,,Genomic DNA was extracted and purified from cell pellets using the Promega Wizard Genomic DNA Purification Kit according to the manufacturer's instructions. Genomic DNA quality was assessed by low concentration agarose gel (0.6%) electrophoresis and spectrometry of OD260/280 and OD 260/230 ratio.,Data were extracted using Methylation Module of GenomeStudio v1.0 Software. Methylation status of each CpG site was presented as b (beta) value based on following definition: beta value = (signal intensity of methylation-detection probe)/(signal intensity of methylation- detection probe + signal intensity of non-methylation-detection probe + 100).,GPL13534,"[""ftp://ftp.ncbi.nlm.nih.gov/geo/samples/GSM2420nnn/GSM2420513/suppl/GSM2420513_100994770015_R06C02_Grn.idat.gz"", ""ftp://ftp.ncbi.nlm.nih.gov/geo/samples/GSM2420nnn/GSM2420513/suppl/GSM2420513_100994770015_R06C02_Red.idat.gz""]",
D4,GSE91069,GSM2420514,genomic DNA from Near_Sen_EV,Empty Vector Infected Near Senescent Cells,cell line: BJ,,,Genomic DNA was extracted and purified from cell pellets using the Promega Wizard Genomic DNA Purification Kit according to the manufacturer's instructions. Genomic DNA quality was assessed by low concentration agarose gel (0.6%) electrophoresis and spectrometry of OD260/280 and OD 260/230 ratio.,Data were extracted using Methylation Module of GenomeStudio v1.0 Software. Methylation status of each CpG site was presented as b (beta) value based on following definition: beta value = (signal intensity of methylation-detection probe)/(signal intensity of methylation- detection probe + signal intensity of non-methylation-detection probe + 100).,GPL13534,"[""ftp://ftp.ncbi.nlm.nih.gov/geo/samples/GSM2420nnn/GSM2420514/suppl/GSM2420514_200053730222_R03C02_Grn.idat.gz"", ""ftp://ftp.ncbi.nlm.nih.gov/geo/samples/GSM2420nnn/GSM2420514/suppl/GSM2420514_200053730222_R03C02_Red.idat.gz""]",
D4,GSE91069,GSM2420515,genomic DNA from Near_Sen_hTERT,hTERT Infected Near Senescent Cells,cell line: BJ,,,Genomic DNA was extracted and purified from cell pellets using the Promega Wizard Genomic DNA Purification Kit according to the manufacturer's instructions. Genomic DNA quality was assessed by low concentration agarose gel (0.6%) electrophoresis and spectrometry of OD260/280 and OD 260/230 ratio.,Data were extracted using Methylation Module of GenomeStudio v1.0 Software. Methylation status of each CpG site was presented as b (beta) value based on following definition: beta value = (signal intensity of methylation-detection probe)/(signal intensity of methylation- detection probe + signal intensity of non-methylation-detection probe + 100).,GPL13534,"[""ftp://ftp.ncbi.nlm.nih.gov/geo/samples/GSM2420nnn/GSM2420515/suppl/GSM2420515_200053730222_R04C02_Grn.idat.gz"", ""ftp://ftp.ncbi.nlm.nih.gov/geo/samples/GSM2420nnn/GSM2420515/suppl/GSM2420515_200053730222_R04C02_Red.idat.gz""]",
D4,GSE91069,GSM2420516,genomic DNA from Near_Sen_SV40,hTERT and SV40 Infected Near Senescent Cells,cell line: BJ,,,Genomic DNA was extracted and purified from cell pellets using the Promega Wizard Genomic DNA Purification Kit according to the manufacturer's instructions. Genomic DNA quality was assessed by low concentration agarose gel (0.6%) electrophoresis and spectrometry of OD260/280 and OD 260/230 ratio.,Data were extracted using Methylation Module of GenomeStudio v1.0 Software. Methylation status of each CpG site was presented as b (beta) value based on following definition: beta value = (signal intensity of methylation-detection probe)/(signal intensity of methylation- detection probe + signal intensity of non-methylation-detection probe + 100).,GPL13534,"[""ftp://ftp.ncbi.nlm.nih.gov/geo/samples/GSM2420nnn/GSM2420516/suppl/GSM2420516_200053730222_R05C02_Grn.idat.gz"", ""ftp://ftp.ncbi.nlm.nih.gov/geo/samples/GSM2420nnn/GSM2420516/suppl/GSM2420516_200053730222_R05C02_Red.idat.gz""]",
D4,GSE91069,GSM2420517,genomic DNA from Near_Sen_HRAS,"hTERT, SV40 and H-rasV12 Infected Near Senescent Cells",cell line: BJ,,,Genomic DNA was extracted and purified from cell pellets using the Promega Wizard Genomic DNA Purification Kit according to the manufacturer's instructions. Genomic DNA quality was assessed by low concentration agarose gel (0.6%) electrophoresis and spectrometry of OD260/280 and OD 260/230 ratio.,Data were extracted using Methylation Module of GenomeStudio v1.0 Software. Methylation status of each CpG site was presented as b (beta) value based on following definition: beta value = (signal intensity of methylation-detection probe)/(signal intensity of methylation- detection probe + signal intensity of non-methylation-detection probe + 100).,GPL13534,"[""ftp://ftp.ncbi.nlm.nih.gov/geo/samples/GSM2420nnn/GSM2420517/suppl/GSM2420517_200053730222_R06C02_Grn.idat.gz"", ""ftp://ftp.ncbi.nlm.nih.gov/geo/samples/GSM2420nnn/GSM2420517/suppl/GSM2420517_200053730222_R06C02_Red.idat.gz""]",
D4,GSE91069,GSM2420518,genomic DNA from OIS_1,Oncogene H-rasV12 Induced Senescent BJ Fibroblast Cells  Replicate 1,cell line: BJ,,,Genomic DNA was extracted and purified from cell pellets using the Promega Wizard Genomic DNA Purification Kit according to the manufacturer's instructions. Genomic DNA quality was assessed by low concentration agarose gel (0.6%) electrophoresis and spectrometry of OD260/280 and OD 260/230 ratio.,Data were extracted using Methylation Module of GenomeStudio v1.0 Software. Methylation status of each CpG site was presented as b (beta) value based on following definition: beta value = (signal intensity of methylation-detection probe)/(signal intensity of methylation- detection probe + signal intensity of non-methylation-detection probe + 100).,GPL13534,"[""ftp://ftp.ncbi.nlm.nih.gov/geo/samples/GSM2420nnn/GSM2420518/suppl/GSM2420518_200121140130_R03C01_Grn.idat.gz"", ""ftp://ftp.ncbi.nlm.nih.gov/geo/samples/GSM2420nnn/GSM2420518/suppl/GSM2420518_200121140130_R03C01_Red.idat.gz""]",
D4,GSE91069,GSM2420519,genomic DNA from OIS_2,Oncogene H-rasV12 Induced Senescent BJ Fibroblast Cells Replicate 2,cell line: BJ,,,Genomic DNA was extracted and purified from cell pellets using the Promega Wizard Genomic DNA Purification Kit according to the manufacturer's instructions. Genomic DNA quality was assessed by low concentration agarose gel (0.6%) electrophoresis and spectrometry of OD260/280 and OD 260/230 ratio.,Data were extracted using Methylation Module of GenomeStudio v1.0 Software. Methylation status of each CpG site was presented as b (beta) value based on following definition: beta value = (signal intensity of methylation-detection probe)/(signal intensity of methylation- detection probe + signal intensity of non-methylation-detection probe + 100).,GPL13534,"[""ftp://ftp.ncbi.nlm.nih.gov/geo/samples/GSM2420nnn/GSM2420519/suppl/GSM2420519_200121140130_R04C01_Grn.idat.gz"", ""ftp://ftp.ncbi.nlm.nih.gov/geo/samples/GSM2420nnn/GSM2420519/suppl/GSM2420519_200121140130_R04C01_Red.idat.gz""]",
D4,GSE91069,GSM2420520,genomic DNA from OIS_3,Oncogene H-rasV12 Induced Senescent BJ Fibroblast Cells Replicate 3,cell line: BJ,,,Genomic DNA was extracted and purified from cell pellets using the Promega Wizard Genomic DNA Purification Kit according to the manufacturer's instructions. Genomic DNA quality was assessed by low concentration agarose gel (0.6%) electrophoresis and spectrometry of OD260/280 and OD 260/230 ratio.,Data were extracted using Methylation Module of GenomeStudio v1.0 Software. Methylation status of each CpG site was presented as b (beta) value based on following definition: beta value = (signal intensity of methylation-detection probe)/(signal intensity of methylation- detection probe + signal intensity of non-methylation-detection probe + 100).,GPL13534,"[""ftp://ftp.ncbi.nlm.nih.gov/geo/samples/GSM2420nnn/GSM2420520/suppl/GSM2420520_200121140130_R05C01_Grn.idat.gz"", ""ftp://ftp.ncbi.nlm.nih.gov/geo/samples/GSM2420nnn/GSM2420520/suppl/GSM2420520_200121140130_R05C01_Red.idat.gz""]",
